[2026-07-28T14:01:59.585Z] [SYSTEM] Event Bus Monitor Initialized - Observer Pattern Active.
[2026-07-28T14:01:59.625Z] [EVENT:SYSTEM_BOOTSTRAP] [FROM:SYSTEM] payload: {"id":"sig_1785247319600","project":"Aevum-website","timestamp":"2026-07-28T14:01:59.622Z"}
[2026-07-28T14:01:59.895Z] [EVENT:STRUCTURAL_CHANGED] [FROM:SYSTEM] payload: {"path":"d:/I2FLabs/Projects/Aevum-website/.aevum/global/agent_rules.md"}
[2026-07-28T14:01:59.971Z] [EVENT:SIGNAL_CHANGED] [FROM:SYSTEM] payload: {"uri":"d:\\I2FLabs\\Projects\\Aevum-website\\.aevum\\signal.json"}
[2026-07-28T14:01:59.972Z] [EVENT:STRUCTURAL_CHANGED] [FROM:SYSTEM] payload: {"path":"d:/I2FLabs/Projects/Aevum-website/.aevum/aevum_version.json"}
[2026-07-28T14:01:59.980Z] [EVENT:STRUCTURAL_CHANGED] [FROM:SYSTEM] payload: {"path":"d:/I2FLabs/Projects/Aevum-website/.aevum/global/agent_rules.md"}
[2026-07-28T14:01:59.990Z] [EVENT:STRUCTURAL_CHANGED] [FROM:SYSTEM] payload: {"path":"d:/I2FLabs/Projects/Aevum-website/.aevum/global/agent_rules_compressed.md"}
[2026-07-28T14:02:00.017Z] [EVENT:INDEX_CHANGED] [FROM:SYSTEM] payload: {"path":"d:/I2FLabs/Projects/Aevum-website/.aevum/index.json"}
[2026-07-28T14:02:00.026Z] [EVENT:STRUCTURAL_CHANGED] [FROM:SYSTEM] payload: {"path":"d:/I2FLabs/Projects/Aevum-website/.aevum/mcp.json"}
[2026-07-28T14:02:00.038Z] [EVENT:STRUCTURAL_CHANGED] [FROM:SYSTEM] payload: {"path":"d:/I2FLabs/Projects/Aevum-website/.aevum/mcp/resources.json"}
[2026-07-28T14:02:00.047Z] [EVENT:STRUCTURAL_CHANGED] [FROM:SYSTEM] payload: {"path":"d:\\I2FLabs\\Projects\\Aevum-website\\.aevum\\ack.json","action":"deleted"}
[2026-07-28T14:02:01.331Z] [EVENT:STRUCTURAL_CHANGED] [FROM:SYSTEM] payload: {"path":"d:/I2FLabs/Projects/Aevum-os/.aevum/mcp.json"}
[2026-07-28T14:02:01.332Z] [EVENT:STRUCTURAL_CHANGED] [FROM:SYSTEM] payload: {"path":"d:/I2FLabs/Projects/Aevum-os/.aevum/mcp_antigravity.json"}
[2026-07-28T14:02:01.350Z] [EVENT:STRUCTURAL_CHANGED] [FROM:SYSTEM] payload: {"path":"d:/I2FLabs/Projects/Aevum-os/.aevum/mcp_config.json"}
[2026-07-28T14:02:01.371Z] [EVENT:CONTEXT_SYNCED] [FROM:SYSTEM] payload: {"projectRoot":"d:\\I2FLabs\\Projects\\Aevum-website","filesCount":0}
[2026-07-28T14:02:01.383Z] [EVENT:STRUCTURAL_CHANGED] [FROM:SYSTEM] payload: {"path":"d:/I2FLabs/Projects/Aevum-website/.aevum/mcp.json"}
[2026-07-28T14:02:01.397Z] [EVENT:STRUCTURAL_CHANGED] [FROM:SYSTEM] payload: {"path":"d:/I2FLabs/Projects/Aevum-website/.aevum/mcp_antigravity.json"}
[2026-07-28T14:02:01.412Z] [EVENT:STRUCTURAL_CHANGED] [FROM:SYSTEM] payload: {"path":"d:/I2FLabs/Projects/Aevum-website/.aevum/mcp_config.json"}
[2026-07-28T14:02:02.713Z] [EVENT:CONTEXT_SYNCED] [FROM:SYSTEM] payload: {"projectRoot":"d:\\I2FLabs\\Projects\\Aevum-website","filesCount":0}
[2026-07-28T14:03:59.630Z] [EVENT:SYSTEM_ERROR] [FROM:SYSTEM] payload: {"message":"Handshake Timeout"}
[2026-07-28T14:04:46.848Z] [EVENT:STRUCTURAL_CHANGED] [FROM:SYSTEM] payload: {"path":"d:\\I2FLabs\\Projects\\Aevum-website\\.aevum\\session.json"}
[2026-07-28T14:04:46.941Z] [EVENT:STRUCTURAL_CHANGED] [FROM:SYSTEM] payload: {"path":"d:/I2FLabs/Projects/Aevum-website/.aevum/session.json"}
[2026-07-28T14:04:48.249Z] [EVENT:CONTEXT_SYNCED] [FROM:SYSTEM] payload: {"projectRoot":"d:\\I2FLabs\\Projects\\Aevum-website","filesCount":1}
[2026-07-28T14:05:37.556Z] [EVENT:STRUCTURAL_CHANGED] [FROM:SYSTEM] payload: {"path":"d:\\I2FLabs\\Projects\\Aevum-website\\.aevum\\session.json"}
[2026-07-28T14:05:37.670Z] [EVENT:STRUCTURAL_CHANGED] [FROM:SYSTEM] payload: {"path":"d:/I2FLabs/Projects/Aevum-website/.aevum/session.json"}
[2026-07-28T14:05:38.992Z] [EVENT:CONTEXT_SYNCED] [FROM:SYSTEM] payload: {"projectRoot":"d:\\I2FLabs\\Projects\\Aevum-website","filesCount":2}
[2026-07-28T14:05:58.741Z] [SYSTEM] Event Bus Monitor Initialized - Observer Pattern Active.
[2026-07-28T14:05:58.812Z] [EVENT:SYSTEM_BOOTSTRAP] [FROM:SYSTEM] payload: {"id":"sig_1785247558753","project":"Aevum-website","timestamp":"2026-07-28T14:05:58.809Z"}
[2026-07-28T14:05:58.842Z] [EVENT:STRUCTURAL_CHANGED] [FROM:SYSTEM] payload: {"path":"d:/I2FLabs/Projects/Aevum-website/.aevum/mcp/resources.json"}
[2026-07-28T14:05:58.991Z] [EVENT:SIGNAL_CHANGED] [FROM:SYSTEM] payload: {"uri":"d:\\I2FLabs\\Projects\\Aevum-website\\.aevum\\signal.json"}
[2026-07-28T14:06:00.164Z] [EVENT:CONTEXT_SYNCED] [FROM:SYSTEM] payload: {"projectRoot":"d:\\I2FLabs\\Projects\\Aevum-website","filesCount":0}
[2026-07-28T14:06:00.483Z] [EVENT:STRUCTURAL_CHANGED] [FROM:SYSTEM] payload: {"path":"d:/I2FLabs/Projects/Aevum-website/.aevum/mcp.json"}
[2026-07-28T14:06:00.484Z] [EVENT:STRUCTURAL_CHANGED] [FROM:SYSTEM] payload: {"path":"d:/I2FLabs/Projects/Aevum-website/.aevum/mcp_antigravity.json"}
[2026-07-28T14:06:00.495Z] [EVENT:STRUCTURAL_CHANGED] [FROM:SYSTEM] payload: {"path":"d:/I2FLabs/Projects/Aevum-website/.aevum/mcp_config.json"}
[2026-07-28T14:06:01.811Z] [EVENT:CONTEXT_SYNCED] [FROM:SYSTEM] payload: {"projectRoot":"d:\\I2FLabs\\Projects\\Aevum-website","filesCount":0}
[2026-07-28T14:06:07.018Z] [EVENT:STRUCTURAL_CHANGED] [FROM:SYSTEM] payload: {"path":"d:\\I2FLabs\\Projects\\Aevum-website\\.aevum\\session.json"}
[2026-07-28T14:06:07.101Z] [EVENT:STRUCTURAL_CHANGED] [FROM:SYSTEM] payload: {"path":"d:/I2FLabs/Projects/Aevum-website/.aevum/session.json"}
[2026-07-28T14:06:08.415Z] [EVENT:CONTEXT_SYNCED] [FROM:SYSTEM] payload: {"projectRoot":"d:\\I2FLabs\\Projects\\Aevum-website","filesCount":1}
[2026-07-28T14:06:18.356Z] [EVENT:STRUCTURAL_CHANGED] [FROM:SYSTEM] payload: {"path":"d:\\I2FLabs\\Projects\\Aevum-website\\.aevum\\session.json"}
[2026-07-28T14:06:18.437Z] [EVENT:STRUCTURAL_CHANGED] [FROM:SYSTEM] payload: {"path":"d:/I2FLabs/Projects/Aevum-website/.aevum/session.json"}
[2026-07-28T14:06:19.761Z] [EVENT:CONTEXT_SYNCED] [FROM:SYSTEM] payload: {"projectRoot":"d:\\I2FLabs\\Projects\\Aevum-website","filesCount":2}
[2026-07-28T14:07:22.762Z] [EVENT:STRUCTURAL_CHANGED] [FROM:SYSTEM] payload: {"path":"d:/I2FLabs/Projects/Aevum-website/.aevum/mcp.json"}
[2026-07-28T14:07:22.763Z] [EVENT:STRUCTURAL_CHANGED] [FROM:SYSTEM] payload: {"path":"d:/I2FLabs/Projects/Aevum-website/.aevum/mcp_antigravity.json"}
[2026-07-28T14:07:22.773Z] [EVENT:STRUCTURAL_CHANGED] [FROM:SYSTEM] payload: {"path":"d:/I2FLabs/Projects/Aevum-website/.aevum/mcp_config.json"}
[2026-07-28T14:07:24.092Z] [EVENT:CONTEXT_SYNCED] [FROM:SYSTEM] payload: {"projectRoot":"d:\\I2FLabs\\Projects\\Aevum-website","filesCount":2}
[2026-07-28T14:07:29.006Z] [EVENT:STRUCTURAL_CHANGED] [FROM:SYSTEM] payload: {"path":"d:/I2FLabs/Projects/Aevum-website/.aevum/mcp.json"}
[2026-07-28T14:07:29.007Z] [EVENT:STRUCTURAL_CHANGED] [FROM:SYSTEM] payload: {"path":"d:/I2FLabs/Projects/Aevum-website/.aevum/mcp_antigravity.json"}
[2026-07-28T14:07:29.016Z] [EVENT:STRUCTURAL_CHANGED] [FROM:SYSTEM] payload: {"path":"d:/I2FLabs/Projects/Aevum-website/.aevum/mcp_config.json"}
[2026-07-28T14:07:30.336Z] [EVENT:CONTEXT_SYNCED] [FROM:SYSTEM] payload: {"projectRoot":"d:\\I2FLabs\\Projects\\Aevum-website","filesCount":2}
[2026-07-28T14:07:47.937Z] [SYSTEM] Event Bus Monitor Initialized - Observer Pattern Active.
[2026-07-28T14:07:48.019Z] [EVENT:SYSTEM_BOOTSTRAP] [FROM:SYSTEM] payload: {"id":"sig_1785247667950","project":"Aevum-website","timestamp":"2026-07-28T14:07:48.015Z"}
[2026-07-28T14:07:48.154Z] [EVENT:SIGNAL_CHANGED] [FROM:SYSTEM] payload: {"uri":"d:\\I2FLabs\\Projects\\Aevum-website\\.aevum\\signal.json"}
[2026-07-28T14:07:49.635Z] [EVENT:STRUCTURAL_CHANGED] [FROM:SYSTEM] payload: {"path":"d:/I2FLabs/Projects/Aevum-website/.aevum/mcp.json"}
[2026-07-28T14:07:49.636Z] [EVENT:STRUCTURAL_CHANGED] [FROM:SYSTEM] payload: {"path":"d:/I2FLabs/Projects/Aevum-website/.aevum/mcp_antigravity.json"}
[2026-07-28T14:07:49.646Z] [EVENT:STRUCTURAL_CHANGED] [FROM:SYSTEM] payload: {"path":"d:/I2FLabs/Projects/Aevum-website/.aevum/mcp_config.json"}
[2026-07-28T14:07:50.972Z] [EVENT:CONTEXT_SYNCED] [FROM:SYSTEM] payload: {"projectRoot":"d:\\I2FLabs\\Projects\\Aevum-website","filesCount":0}
[2026-07-28T14:09:34.437Z] [EVENT:STRUCTURAL_CHANGED] [FROM:SYSTEM] payload: {"path":"d:\\I2FLabs\\Projects\\Aevum-website\\.aevum\\session.json"}
[2026-07-28T14:09:34.584Z] [EVENT:STRUCTURAL_CHANGED] [FROM:SYSTEM] payload: {"path":"d:/I2FLabs/Projects/Aevum-website/.aevum/session.json"}
[2026-07-28T14:09:35.889Z] [EVENT:CONTEXT_SYNCED] [FROM:SYSTEM] payload: {"projectRoot":"d:\\I2FLabs\\Projects\\Aevum-website","filesCount":1}
[2026-07-28T14:09:48.022Z] [EVENT:SYSTEM_ERROR] [FROM:SYSTEM] payload: {"message":"Handshake Timeout"}
[2026-07-28T14:11:12.779Z] [EVENT:STRUCTURAL_CHANGED] [FROM:SYSTEM] payload: {"path":"d:\\I2FLabs\\Projects\\Aevum-website\\.aevum\\session.json"}
[2026-07-28T14:11:12.864Z] [EVENT:STRUCTURAL_CHANGED] [FROM:SYSTEM] payload: {"path":"d:/I2FLabs/Projects/Aevum-website/.aevum/session.json"}
[2026-07-28T14:11:14.176Z] [EVENT:CONTEXT_SYNCED] [FROM:SYSTEM] payload: {"projectRoot":"d:\\I2FLabs\\Projects\\Aevum-website","filesCount":2}
[2026-07-28T14:11:21.006Z] [EVENT:STRUCTURAL_CHANGED] [FROM:SYSTEM] payload: {"path":"d:\\I2FLabs\\Projects\\Aevum-website\\.aevum\\session.json"}
[2026-07-28T14:11:22.201Z] [EVENT:STRUCTURAL_CHANGED] [FROM:SYSTEM] payload: {"path":"d:/I2FLabs/Projects/Aevum-website/.aevum/session.json"}
[2026-07-28T14:11:22.316Z] [EVENT:CONTEXT_SYNCED] [FROM:SYSTEM] payload: {"projectRoot":"d:\\I2FLabs\\Projects\\Aevum-website","filesCount":3}
[2026-07-28T14:11:23.517Z] [EVENT:CONTEXT_SYNCED] [FROM:SYSTEM] payload: {"projectRoot":"d:\\I2FLabs\\Projects\\Aevum-website","filesCount":3}
[2026-07-28T14:11:44.362Z] [EVENT:STRUCTURAL_CHANGED] [FROM:SYSTEM] payload: {"path":"d:\\I2FLabs\\Projects\\Aevum-website\\.aevum\\session.json"}
[2026-07-28T14:11:44.546Z] [EVENT:STRUCTURAL_CHANGED] [FROM:SYSTEM] payload: {"path":"d:/I2FLabs/Projects/Aevum-website/.aevum/session.json"}
[2026-07-28T14:11:45.850Z] [EVENT:CONTEXT_SYNCED] [FROM:SYSTEM] payload: {"projectRoot":"d:\\I2FLabs\\Projects\\Aevum-website","filesCount":5}
[2026-07-28T14:11:46.461Z] [EVENT:STRUCTURAL_CHANGED] [FROM:SYSTEM] payload: {"path":"d:\\I2FLabs\\Projects\\Aevum-website\\.aevum\\session.json"}
[2026-07-28T14:11:46.545Z] [EVENT:STRUCTURAL_CHANGED] [FROM:SYSTEM] payload: {"path":"d:/I2FLabs/Projects/Aevum-website/.aevum/session.json"}
[2026-07-28T14:11:47.859Z] [EVENT:CONTEXT_SYNCED] [FROM:SYSTEM] payload: {"projectRoot":"d:\\I2FLabs\\Projects\\Aevum-website","filesCount":5}
[2026-07-28T14:11:59.465Z] [EVENT:STRUCTURAL_CHANGED] [FROM:SYSTEM] payload: {"path":"d:\\I2FLabs\\Projects\\Aevum-website\\.aevum\\session.json"}
[2026-07-28T14:11:59.546Z] [EVENT:STRUCTURAL_CHANGED] [FROM:SYSTEM] payload: {"path":"d:/I2FLabs/Projects/Aevum-website/.aevum/session.json"}
[2026-07-28T14:12:00.863Z] [EVENT:CONTEXT_SYNCED] [FROM:SYSTEM] payload: {"projectRoot":"d:\\I2FLabs\\Projects\\Aevum-website","filesCount":5}
[2026-07-28T14:12:26.490Z] [SYSTEM] Event Bus Monitor Initialized - Observer Pattern Active.
[2026-07-28T14:12:26.531Z] [EVENT:SYSTEM_BOOTSTRAP] [FROM:SYSTEM] payload: {"id":"sig_1785247946503","project":"Aevum-website","timestamp":"2026-07-28T14:12:26.528Z"}
[2026-07-28T14:12:26.924Z] [EVENT:SIGNAL_CHANGED] [FROM:SYSTEM] payload: {"uri":"d:\\I2FLabs\\Projects\\Aevum-website\\.aevum\\signal.json"}
[2026-07-28T14:12:28.434Z] [EVENT:STRUCTURAL_CHANGED] [FROM:SYSTEM] payload: {"path":"d:/I2FLabs/Projects/Aevum-website/.aevum/mcp.json"}
[2026-07-28T14:12:28.436Z] [EVENT:STRUCTURAL_CHANGED] [FROM:SYSTEM] payload: {"path":"d:/I2FLabs/Projects/Aevum-website/.aevum/mcp_antigravity.json"}
[2026-07-28T14:12:28.450Z] [EVENT:STRUCTURAL_CHANGED] [FROM:SYSTEM] payload: {"path":"d:/I2FLabs/Projects/Aevum-website/.aevum/mcp_config.json"}
[2026-07-28T14:12:29.769Z] [EVENT:CONTEXT_SYNCED] [FROM:SYSTEM] payload: {"projectRoot":"d:\\I2FLabs\\Projects\\Aevum-website","filesCount":0}
[2026-07-28T14:14:26.543Z] [EVENT:SYSTEM_ERROR] [FROM:SYSTEM] payload: {"message":"Handshake Timeout"}
[2026-07-28T14:14:34.910Z] [SYSTEM] Event Bus Monitor Initialized - Observer Pattern Active.
[2026-07-28T14:14:34.952Z] [EVENT:SYSTEM_BOOTSTRAP] [FROM:SYSTEM] payload: {"id":"sig_1785248074925","project":"Aevum-website","timestamp":"2026-07-28T14:14:34.948Z"}
[2026-07-28T14:14:35.346Z] [EVENT:SIGNAL_CHANGED] [FROM:SYSTEM] payload: {"uri":"d:\\I2FLabs\\Projects\\Aevum-website\\.aevum\\signal.json"}
[2026-07-28T14:14:36.668Z] [EVENT:STRUCTURAL_CHANGED] [FROM:SYSTEM] payload: {"path":"d:/I2FLabs/Projects/Aevum-website/.aevum/mcp.json"}
[2026-07-28T14:14:36.669Z] [EVENT:STRUCTURAL_CHANGED] [FROM:SYSTEM] payload: {"path":"d:/I2FLabs/Projects/Aevum-website/.aevum/mcp_antigravity.json"}
[2026-07-28T14:14:36.685Z] [EVENT:STRUCTURAL_CHANGED] [FROM:SYSTEM] payload: {"path":"d:/I2FLabs/Projects/Aevum-website/.aevum/mcp_config.json"}
[2026-07-28T14:14:38.000Z] [EVENT:CONTEXT_SYNCED] [FROM:SYSTEM] payload: {"projectRoot":"d:\\I2FLabs\\Projects\\Aevum-website","filesCount":0}
[2026-07-28T14:16:34.954Z] [EVENT:SYSTEM_ERROR] [FROM:SYSTEM] payload: {"message":"Handshake Timeout"}
[2026-07-28T14:16:44.767Z] [EVENT:STRUCTURAL_CHANGED] [FROM:SYSTEM] payload: {"path":"d:\\I2FLabs\\Projects\\Aevum-website\\.aevum\\session.json"}
[2026-07-28T14:16:44.910Z] [EVENT:STRUCTURAL_CHANGED] [FROM:SYSTEM] payload: {"path":"d:/I2FLabs/Projects/Aevum-website/.aevum/session.json"}
[2026-07-28T14:16:46.224Z] [EVENT:CONTEXT_SYNCED] [FROM:SYSTEM] payload: {"projectRoot":"d:\\I2FLabs\\Projects\\Aevum-website","filesCount":1}
[2026-07-28T14:17:04.590Z] [EVENT:STRUCTURAL_CHANGED] [FROM:SYSTEM] payload: {"path":"d:\\I2FLabs\\Projects\\Aevum-website\\.aevum\\session.json"}
[2026-07-28T14:17:04.887Z] [EVENT:STRUCTURAL_CHANGED] [FROM:SYSTEM] payload: {"path":"d:/I2FLabs/Projects/Aevum-website/.aevum/session.json"}
[2026-07-28T14:17:06.208Z] [EVENT:CONTEXT_SYNCED] [FROM:SYSTEM] payload: {"projectRoot":"d:\\I2FLabs\\Projects\\Aevum-website","filesCount":2}
[2026-07-28T14:19:08.984Z] [EVENT:STRUCTURAL_CHANGED] [FROM:SYSTEM] payload: {"path":"d:\\I2FLabs\\Projects\\Aevum-website\\.aevum\\session.json"}
[2026-07-28T14:19:09.117Z] [EVENT:STRUCTURAL_CHANGED] [FROM:SYSTEM] payload: {"path":"d:/I2FLabs/Projects/Aevum-website/.aevum/session.json"}
[2026-07-28T14:19:10.439Z] [EVENT:CONTEXT_SYNCED] [FROM:SYSTEM] payload: {"projectRoot":"d:\\I2FLabs\\Projects\\Aevum-website","filesCount":3}
[2026-07-28T14:23:01.613Z] [EVENT:STRUCTURAL_CHANGED] [FROM:SYSTEM] payload: {"path":"d:\\I2FLabs\\Projects\\Aevum-website\\.aevum\\session.json"}
[2026-07-28T14:23:01.705Z] [EVENT:STRUCTURAL_CHANGED] [FROM:SYSTEM] payload: {"path":"d:/I2FLabs/Projects/Aevum-website/.aevum/session.json"}
[2026-07-28T14:23:03.021Z] [EVENT:CONTEXT_SYNCED] [FROM:SYSTEM] payload: {"projectRoot":"d:\\I2FLabs\\Projects\\Aevum-website","filesCount":4}
[2026-07-28T14:27:44.495Z] [EVENT:STRUCTURAL_CHANGED] [FROM:SYSTEM] payload: {"path":"d:\\I2FLabs\\Projects\\Aevum-website\\.aevum\\session.json"}
[2026-07-28T14:27:44.586Z] [EVENT:STRUCTURAL_CHANGED] [FROM:SYSTEM] payload: {"path":"d:/I2FLabs/Projects/Aevum-website/.aevum/session.json"}
[2026-07-28T14:27:45.896Z] [EVENT:CONTEXT_SYNCED] [FROM:SYSTEM] payload: {"projectRoot":"d:\\I2FLabs\\Projects\\Aevum-website","filesCount":4}
[2026-07-28T14:28:01.957Z] [EVENT:STRUCTURAL_CHANGED] [FROM:SYSTEM] payload: {"path":"d:\\I2FLabs\\Projects\\Aevum-website\\.aevum\\session.json"}
[2026-07-28T14:28:02.040Z] [EVENT:STRUCTURAL_CHANGED] [FROM:SYSTEM] payload: {"path":"d:/I2FLabs/Projects/Aevum-website/.aevum/session.json"}
[2026-07-28T14:28:03.351Z] [EVENT:CONTEXT_SYNCED] [FROM:SYSTEM] payload: {"projectRoot":"d:\\I2FLabs\\Projects\\Aevum-website","filesCount":5}
[2026-07-28T14:28:35.220Z] [EVENT:STRUCTURAL_CHANGED] [FROM:SYSTEM] payload: {"path":"d:\\I2FLabs\\Projects\\Aevum-website\\.aevum\\session.json"}
[2026-07-28T14:28:35.311Z] [EVENT:STRUCTURAL_CHANGED] [FROM:SYSTEM] payload: {"path":"d:/I2FLabs/Projects/Aevum-website/.aevum/session.json"}
[2026-07-28T14:28:36.636Z] [EVENT:CONTEXT_SYNCED] [FROM:SYSTEM] payload: {"projectRoot":"d:\\I2FLabs\\Projects\\Aevum-website","filesCount":5}
[2026-07-28T14:30:47.346Z] [EVENT:STRUCTURAL_CHANGED] [FROM:SYSTEM] payload: {"path":"d:\\I2FLabs\\Projects\\Aevum-website\\.aevum\\session.json"}
[2026-07-28T14:30:47.499Z] [EVENT:STRUCTURAL_CHANGED] [FROM:SYSTEM] payload: {"path":"d:/I2FLabs/Projects/Aevum-website/.aevum/session.json"}
[2026-07-28T14:30:48.816Z] [EVENT:CONTEXT_SYNCED] [FROM:SYSTEM] payload: {"projectRoot":"d:\\I2FLabs\\Projects\\Aevum-website","filesCount":5}
[2026-07-28T14:32:20.203Z] [EVENT:STRUCTURAL_CHANGED] [FROM:SYSTEM] payload: {"path":"d:\\I2FLabs\\Projects\\Aevum-website\\.aevum\\session.json"}
[2026-07-28T14:32:20.289Z] [EVENT:STRUCTURAL_CHANGED] [FROM:SYSTEM] payload: {"path":"d:/I2FLabs/Projects/Aevum-website/.aevum/session.json"}
[2026-07-28T14:32:21.594Z] [EVENT:CONTEXT_SYNCED] [FROM:SYSTEM] payload: {"projectRoot":"d:\\I2FLabs\\Projects\\Aevum-website","filesCount":5}
[2026-07-28T14:33:35.891Z] [EVENT:STRUCTURAL_CHANGED] [FROM:SYSTEM] payload: {"path":"d:\\I2FLabs\\Projects\\Aevum-website\\.aevum\\session.json"}
[2026-07-28T14:33:35.975Z] [EVENT:STRUCTURAL_CHANGED] [FROM:SYSTEM] payload: {"path":"d:/I2FLabs/Projects/Aevum-website/.aevum/session.json"}
[2026-07-28T14:33:37.301Z] [EVENT:CONTEXT_SYNCED] [FROM:SYSTEM] payload: {"projectRoot":"d:\\I2FLabs\\Projects\\Aevum-website","filesCount":6}
[2026-07-28T14:33:41.920Z] [EVENT:STRUCTURAL_CHANGED] [FROM:SYSTEM] payload: {"path":"d:\\I2FLabs\\Projects\\Aevum-website\\.aevum\\session.json"}
[2026-07-28T14:33:42.002Z] [EVENT:STRUCTURAL_CHANGED] [FROM:SYSTEM] payload: {"path":"d:/I2FLabs/Projects/Aevum-website/.aevum/session.json"}
[2026-07-28T14:33:43.314Z] [EVENT:CONTEXT_SYNCED] [FROM:SYSTEM] payload: {"projectRoot":"d:\\I2FLabs\\Projects\\Aevum-website","filesCount":7}
[2026-07-28T15:15:38.373Z] [EVENT:STRUCTURAL_CHANGED] [FROM:SYSTEM] payload: {"path":"d:\\I2FLabs\\Projects\\Aevum-website\\.aevum\\session.json"}
[2026-07-28T15:15:38.450Z] [EVENT:STRUCTURAL_CHANGED] [FROM:SYSTEM] payload: {"path":"d:/I2FLabs/Projects/Aevum-website/.aevum/session.json"}
[2026-07-28T15:15:39.763Z] [EVENT:CONTEXT_SYNCED] [FROM:SYSTEM] payload: {"projectRoot":"d:\\I2FLabs\\Projects\\Aevum-website","filesCount":8}
[2026-07-28T15:45:11.669Z] [EVENT:STRUCTURAL_CHANGED] [FROM:SYSTEM] payload: {"path":"d:\\I2FLabs\\Projects\\Aevum-website\\.aevum\\session.json"}
[2026-07-28T15:45:11.939Z] [EVENT:STRUCTURAL_CHANGED] [FROM:SYSTEM] payload: {"path":"d:/I2FLabs/Projects/Aevum-website/.aevum/session.json"}
[2026-07-28T15:45:13.250Z] [EVENT:CONTEXT_SYNCED] [FROM:SYSTEM] payload: {"projectRoot":"d:\\I2FLabs\\Projects\\Aevum-website","filesCount":8}
[2026-07-28T15:48:50.087Z] [EVENT:STRUCTURAL_CHANGED] [FROM:SYSTEM] payload: {"path":"d:\\I2FLabs\\Projects\\Aevum-website\\.aevum\\session.json"}
[2026-07-28T15:48:50.218Z] [EVENT:STRUCTURAL_CHANGED] [FROM:SYSTEM] payload: {"path":"d:/I2FLabs/Projects/Aevum-website/.aevum/session.json"}
[2026-07-28T15:48:51.538Z] [EVENT:CONTEXT_SYNCED] [FROM:SYSTEM] payload: {"projectRoot":"d:\\I2FLabs\\Projects\\Aevum-website","filesCount":8}
[2026-07-28T15:50:49.732Z] [SYSTEM] Event Bus Monitor Initialized - Observer Pattern Active.
[2026-07-28T15:50:49.856Z] [EVENT:SYSTEM_BOOTSTRAP] [FROM:SYSTEM] payload: {"id":"sig_1785253849754","project":"Aevum-website","timestamp":"2026-07-28T15:50:49.844Z"}
[2026-07-28T15:50:50.104Z] [EVENT:SIGNAL_CHANGED] [FROM:SYSTEM] payload: {"uri":"d:\\I2FLabs\\Projects\\Aevum-website\\.aevum\\signal.json"}
[2026-07-28T15:50:51.486Z] [EVENT:STRUCTURAL_CHANGED] [FROM:SYSTEM] payload: {"path":"d:/I2FLabs/Projects/Aevum-website/.aevum/mcp.json"}
[2026-07-28T15:50:51.488Z] [EVENT:STRUCTURAL_CHANGED] [FROM:SYSTEM] payload: {"path":"d:/I2FLabs/Projects/Aevum-website/.aevum/mcp_antigravity.json"}
[2026-07-28T15:50:51.507Z] [EVENT:STRUCTURAL_CHANGED] [FROM:SYSTEM] payload: {"path":"d:/I2FLabs/Projects/Aevum-website/.aevum/mcp_config.json"}
[2026-07-28T15:50:51.556Z] [EVENT:STRUCTURAL_CHANGED] [FROM:SYSTEM] payload: {"path":"d:/I2FLabs/Projects/Aevum-os/.aevum/mcp.json"}
[2026-07-28T15:50:51.559Z] [EVENT:STRUCTURAL_CHANGED] [FROM:SYSTEM] payload: {"path":"d:/I2FLabs/Projects/Aevum-os/.aevum/mcp_antigravity.json"}
[2026-07-28T15:50:51.578Z] [EVENT:STRUCTURAL_CHANGED] [FROM:SYSTEM] payload: {"path":"d:/I2FLabs/Projects/Aevum-os/.aevum/mcp_config.json"}
[2026-07-28T15:50:52.925Z] [EVENT:CONTEXT_SYNCED] [FROM:SYSTEM] payload: {"projectRoot":"d:\\I2FLabs\\Projects\\Aevum-website","filesCount":0}
[2026-07-28T15:51:03.331Z] [EVENT:STRUCTURAL_CHANGED] [FROM:SYSTEM] payload: {"path":"d:\\I2FLabs\\Projects\\Aevum-website\\.aevum\\session.json"}
[2026-07-28T15:51:03.578Z] [EVENT:STRUCTURAL_CHANGED] [FROM:SYSTEM] payload: {"path":"d:/I2FLabs/Projects/Aevum-website/.aevum/session.json"}
[2026-07-28T15:51:04.897Z] [EVENT:CONTEXT_SYNCED] [FROM:SYSTEM] payload: {"projectRoot":"d:\\I2FLabs\\Projects\\Aevum-website","filesCount":1}
[2026-07-28T15:51:31.650Z] [SYSTEM] Event Bus Monitor Initialized - Observer Pattern Active.
[2026-07-28T15:51:31.727Z] [EVENT:SYSTEM_BOOTSTRAP] [FROM:SYSTEM] payload: {"id":"sig_1785253891689","project":"Aevum-website","timestamp":"2026-07-28T15:51:31.717Z"}
[2026-07-28T15:51:31.934Z] [EVENT:SIGNAL_CHANGED] [FROM:SYSTEM] payload: {"uri":"d:\\I2FLabs\\Projects\\Aevum-website\\.aevum\\signal.json"}
[2026-07-28T15:51:33.370Z] [EVENT:STRUCTURAL_CHANGED] [FROM:SYSTEM] payload: {"path":"d:/I2FLabs/Projects/Aevum-website/.aevum/mcp.json"}
[2026-07-28T15:51:33.372Z] [EVENT:STRUCTURAL_CHANGED] [FROM:SYSTEM] payload: {"path":"d:/I2FLabs/Projects/Aevum-website/.aevum/mcp_antigravity.json"}
[2026-07-28T15:51:33.397Z] [EVENT:STRUCTURAL_CHANGED] [FROM:SYSTEM] payload: {"path":"d:/I2FLabs/Projects/Aevum-website/.aevum/mcp_config.json"}
[2026-07-28T15:51:33.443Z] [EVENT:STRUCTURAL_CHANGED] [FROM:SYSTEM] payload: {"path":"d:/I2FLabs/Projects/Aevum-os/.aevum/mcp.json"}
[2026-07-28T15:51:33.460Z] [EVENT:STRUCTURAL_CHANGED] [FROM:SYSTEM] payload: {"path":"d:/I2FLabs/Projects/Aevum-os/.aevum/mcp_antigravity.json"}
[2026-07-28T15:51:33.484Z] [EVENT:STRUCTURAL_CHANGED] [FROM:SYSTEM] payload: {"path":"d:/I2FLabs/Projects/Aevum-os/.aevum/mcp_config.json"}
[2026-07-28T15:51:35.249Z] [EVENT:CONTEXT_SYNCED] [FROM:SYSTEM] payload: {"projectRoot":"d:\\I2FLabs\\Projects\\Aevum-website","filesCount":0}
[2026-07-28T15:51:46.629Z] [EVENT:STRUCTURAL_CHANGED] [FROM:SYSTEM] payload: {"path":"d:\\I2FLabs\\Projects\\Aevum-website\\.aevum\\session.json"}
[2026-07-28T15:51:46.707Z] [EVENT:STRUCTURAL_CHANGED] [FROM:SYSTEM] payload: {"path":"d:/I2FLabs/Projects/Aevum-website/.aevum/session.json"}
[2026-07-28T15:51:48.030Z] [EVENT:CONTEXT_SYNCED] [FROM:SYSTEM] payload: {"projectRoot":"d:\\I2FLabs\\Projects\\Aevum-website","filesCount":1}
[2026-07-28T15:53:02.955Z] [EVENT:STRUCTURAL_CHANGED] [FROM:SYSTEM] payload: {"path":"d:\\I2FLabs\\Projects\\Aevum-website\\.aevum\\session.json"}
[2026-07-28T15:53:03.034Z] [EVENT:STRUCTURAL_CHANGED] [FROM:SYSTEM] payload: {"path":"d:/I2FLabs/Projects/Aevum-website/.aevum/session.json"}
[2026-07-28T15:53:04.354Z] [EVENT:CONTEXT_SYNCED] [FROM:SYSTEM] payload: {"projectRoot":"d:\\I2FLabs\\Projects\\Aevum-website","filesCount":2}
[2026-07-28T15:53:31.735Z] [EVENT:SYSTEM_ERROR] [FROM:SYSTEM] payload: {"message":"Handshake Timeout"}
[2026-07-28T15:55:46.855Z] [EVENT:STRUCTURAL_CHANGED] [FROM:SYSTEM] payload: {"path":"d:\\I2FLabs\\Projects\\Aevum-website\\.aevum\\session.json"}
[2026-07-28T15:55:46.937Z] [EVENT:STRUCTURAL_CHANGED] [FROM:SYSTEM] payload: {"path":"d:/I2FLabs/Projects/Aevum-website/.aevum/session.json"}
[2026-07-28T15:55:48.253Z] [EVENT:CONTEXT_SYNCED] [FROM:SYSTEM] payload: {"projectRoot":"d:\\I2FLabs\\Projects\\Aevum-website","filesCount":3}
[2026-07-28T15:55:52.363Z] [EVENT:STRUCTURAL_CHANGED] [FROM:SYSTEM] payload: {"path":"d:\\I2FLabs\\Projects\\Aevum-website\\.aevum\\session.json"}
[2026-07-28T15:55:52.467Z] [EVENT:STRUCTURAL_CHANGED] [FROM:SYSTEM] payload: {"path":"d:/I2FLabs/Projects/Aevum-website/.aevum/session.json"}
[2026-07-28T15:55:53.780Z] [EVENT:CONTEXT_SYNCED] [FROM:SYSTEM] payload: {"projectRoot":"d:\\I2FLabs\\Projects\\Aevum-website","filesCount":3}
[2026-07-28T15:56:10.665Z] [EVENT:STRUCTURAL_CHANGED] [FROM:SYSTEM] payload: {"path":"d:\\I2FLabs\\Projects\\Aevum-website\\.aevum\\session.json"}
[2026-07-28T15:56:10.754Z] [EVENT:STRUCTURAL_CHANGED] [FROM:SYSTEM] payload: {"path":"d:/I2FLabs/Projects/Aevum-website/.aevum/session.json"}
[2026-07-28T15:56:12.064Z] [EVENT:CONTEXT_SYNCED] [FROM:SYSTEM] payload: {"projectRoot":"d:\\I2FLabs\\Projects\\Aevum-website","filesCount":3}
[2026-07-28T15:56:42.000Z] [EVENT:STRUCTURAL_CHANGED] [FROM:SYSTEM] payload: {"path":"d:\\I2FLabs\\Projects\\Aevum-website\\.aevum\\session.json"}
[2026-07-28T15:56:42.078Z] [EVENT:STRUCTURAL_CHANGED] [FROM:SYSTEM] payload: {"path":"d:/I2FLabs/Projects/Aevum-website/.aevum/session.json"}
[2026-07-28T15:56:43.398Z] [EVENT:CONTEXT_SYNCED] [FROM:SYSTEM] payload: {"projectRoot":"d:\\I2FLabs\\Projects\\Aevum-website","filesCount":3}
[2026-07-28T15:56:54.027Z] [EVENT:STRUCTURAL_CHANGED] [FROM:SYSTEM] payload: {"path":"d:\\I2FLabs\\Projects\\Aevum-website\\.aevum\\session.json"}
[2026-07-28T15:56:54.107Z] [EVENT:STRUCTURAL_CHANGED] [FROM:SYSTEM] payload: {"path":"d:/I2FLabs/Projects/Aevum-website/.aevum/session.json"}
[2026-07-28T15:56:55.416Z] [EVENT:CONTEXT_SYNCED] [FROM:SYSTEM] payload: {"projectRoot":"d:\\I2FLabs\\Projects\\Aevum-website","filesCount":3}
[2026-07-28T15:57:27.356Z] [EVENT:STRUCTURAL_CHANGED] [FROM:SYSTEM] payload: {"path":"d:\\I2FLabs\\Projects\\Aevum-website\\.aevum\\session.json"}
[2026-07-28T15:57:27.442Z] [EVENT:STRUCTURAL_CHANGED] [FROM:SYSTEM] payload: {"path":"d:/I2FLabs/Projects/Aevum-website/.aevum/session.json"}
[2026-07-28T15:57:28.757Z] [EVENT:CONTEXT_SYNCED] [FROM:SYSTEM] payload: {"projectRoot":"d:\\I2FLabs\\Projects\\Aevum-website","filesCount":3}
[2026-07-28T15:57:30.663Z] [EVENT:STRUCTURAL_CHANGED] [FROM:SYSTEM] payload: {"path":"d:\\I2FLabs\\Projects\\Aevum-website\\.aevum\\session.json"}
[2026-07-28T15:57:30.743Z] [EVENT:STRUCTURAL_CHANGED] [FROM:SYSTEM] payload: {"path":"d:/I2FLabs/Projects/Aevum-website/.aevum/session.json"}
[2026-07-28T15:57:32.070Z] [EVENT:CONTEXT_SYNCED] [FROM:SYSTEM] payload: {"projectRoot":"d:\\I2FLabs\\Projects\\Aevum-website","filesCount":3}
[2026-07-28T15:57:50.456Z] [EVENT:STRUCTURAL_CHANGED] [FROM:SYSTEM] payload: {"path":"d:\\I2FLabs\\Projects\\Aevum-website\\.aevum\\session.json"}
[2026-07-28T15:57:50.538Z] [EVENT:STRUCTURAL_CHANGED] [FROM:SYSTEM] payload: {"path":"d:/I2FLabs/Projects/Aevum-website/.aevum/session.json"}
[2026-07-28T15:57:51.854Z] [EVENT:CONTEXT_SYNCED] [FROM:SYSTEM] payload: {"projectRoot":"d:\\I2FLabs\\Projects\\Aevum-website","filesCount":3}
[2026-07-28T15:58:09.021Z] [EVENT:STRUCTURAL_CHANGED] [FROM:SYSTEM] payload: {"path":"d:\\I2FLabs\\Projects\\Aevum-website\\.aevum\\session.json"}
[2026-07-28T15:58:09.104Z] [EVENT:STRUCTURAL_CHANGED] [FROM:SYSTEM] payload: {"path":"d:/I2FLabs/Projects/Aevum-website/.aevum/session.json"}
[2026-07-28T15:58:10.433Z] [EVENT:CONTEXT_SYNCED] [FROM:SYSTEM] payload: {"projectRoot":"d:\\I2FLabs\\Projects\\Aevum-website","filesCount":3}
[2026-07-28T15:58:16.063Z] [EVENT:STRUCTURAL_CHANGED] [FROM:SYSTEM] payload: {"path":"d:\\I2FLabs\\Projects\\Aevum-website\\.aevum\\session.json"}
[2026-07-28T15:58:16.150Z] [EVENT:STRUCTURAL_CHANGED] [FROM:SYSTEM] payload: {"path":"d:/I2FLabs/Projects/Aevum-website/.aevum/session.json"}
[2026-07-28T15:58:17.478Z] [EVENT:CONTEXT_SYNCED] [FROM:SYSTEM] payload: {"projectRoot":"d:\\I2FLabs\\Projects\\Aevum-website","filesCount":3}
[2026-07-28T15:58:24.439Z] [EVENT:STRUCTURAL_CHANGED] [FROM:SYSTEM] payload: {"path":"d:\\I2FLabs\\Projects\\Aevum-website\\.aevum\\session.json"}
[2026-07-28T15:58:24.524Z] [EVENT:STRUCTURAL_CHANGED] [FROM:SYSTEM] payload: {"path":"d:/I2FLabs/Projects/Aevum-website/.aevum/session.json"}
[2026-07-28T15:58:25.853Z] [EVENT:CONTEXT_SYNCED] [FROM:SYSTEM] payload: {"projectRoot":"d:\\I2FLabs\\Projects\\Aevum-website","filesCount":3}
[2026-07-28T15:58:30.220Z] [EVENT:STRUCTURAL_CHANGED] [FROM:SYSTEM] payload: {"path":"d:\\I2FLabs\\Projects\\Aevum-website\\.aevum\\session.json"}
[2026-07-28T15:58:30.311Z] [EVENT:STRUCTURAL_CHANGED] [FROM:SYSTEM] payload: {"path":"d:/I2FLabs/Projects/Aevum-website/.aevum/session.json"}
[2026-07-28T15:58:31.621Z] [EVENT:CONTEXT_SYNCED] [FROM:SYSTEM] payload: {"projectRoot":"d:\\I2FLabs\\Projects\\Aevum-website","filesCount":3}
[2026-07-28T15:58:47.679Z] [EVENT:STRUCTURAL_CHANGED] [FROM:SYSTEM] payload: {"path":"d:\\I2FLabs\\Projects\\Aevum-website\\.aevum\\session.json"}
[2026-07-28T15:58:47.756Z] [EVENT:STRUCTURAL_CHANGED] [FROM:SYSTEM] payload: {"path":"d:/I2FLabs/Projects/Aevum-website/.aevum/session.json"}
[2026-07-28T15:58:49.076Z] [EVENT:CONTEXT_SYNCED] [FROM:SYSTEM] payload: {"projectRoot":"d:\\I2FLabs\\Projects\\Aevum-website","filesCount":3}
[2026-07-28T15:59:03.014Z] [EVENT:STRUCTURAL_CHANGED] [FROM:SYSTEM] payload: {"path":"d:\\I2FLabs\\Projects\\Aevum-website\\.aevum\\session.json"}
[2026-07-28T15:59:03.102Z] [EVENT:STRUCTURAL_CHANGED] [FROM:SYSTEM] payload: {"path":"d:/I2FLabs/Projects/Aevum-website/.aevum/session.json"}
[2026-07-28T15:59:04.418Z] [EVENT:CONTEXT_SYNCED] [FROM:SYSTEM] payload: {"projectRoot":"d:\\I2FLabs\\Projects\\Aevum-website","filesCount":3}
[2026-07-28T15:59:08.356Z] [EVENT:STRUCTURAL_CHANGED] [FROM:SYSTEM] payload: {"path":"d:\\I2FLabs\\Projects\\Aevum-website\\.aevum\\session.json"}
[2026-07-28T15:59:08.434Z] [EVENT:STRUCTURAL_CHANGED] [FROM:SYSTEM] payload: {"path":"d:/I2FLabs/Projects/Aevum-website/.aevum/session.json"}
[2026-07-28T15:59:09.755Z] [EVENT:CONTEXT_SYNCED] [FROM:SYSTEM] payload: {"projectRoot":"d:\\I2FLabs\\Projects\\Aevum-website","filesCount":3}
[2026-07-28T16:01:17.190Z] [EVENT:STRUCTURAL_CHANGED] [FROM:SYSTEM] payload: {"path":"d:\\I2FLabs\\Projects\\Aevum-website\\.aevum\\session.json"}
[2026-07-28T16:01:17.269Z] [EVENT:STRUCTURAL_CHANGED] [FROM:SYSTEM] payload: {"path":"d:/I2FLabs/Projects/Aevum-website/.aevum/session.json"}
[2026-07-28T16:01:18.593Z] [EVENT:CONTEXT_SYNCED] [FROM:SYSTEM] payload: {"projectRoot":"d:\\I2FLabs\\Projects\\Aevum-website","filesCount":3}
[2026-07-28T16:01:59.322Z] [EVENT:STRUCTURAL_CHANGED] [FROM:SYSTEM] payload: {"path":"d:\\I2FLabs\\Projects\\Aevum-website\\.aevum\\session.json"}
[2026-07-28T16:01:59.405Z] [EVENT:STRUCTURAL_CHANGED] [FROM:SYSTEM] payload: {"path":"d:/I2FLabs/Projects/Aevum-website/.aevum/session.json"}
[2026-07-28T16:02:00.721Z] [EVENT:CONTEXT_SYNCED] [FROM:SYSTEM] payload: {"projectRoot":"d:\\I2FLabs\\Projects\\Aevum-website","filesCount":3}
[2026-07-28T16:02:10.278Z] [EVENT:STRUCTURAL_CHANGED] [FROM:SYSTEM] payload: {"path":"d:\\I2FLabs\\Projects\\Aevum-website\\.aevum\\session.json"}
[2026-07-28T16:02:10.375Z] [EVENT:STRUCTURAL_CHANGED] [FROM:SYSTEM] payload: {"path":"d:/I2FLabs/Projects/Aevum-website/.aevum/session.json"}
[2026-07-28T16:02:11.692Z] [EVENT:CONTEXT_SYNCED] [FROM:SYSTEM] payload: {"projectRoot":"d:\\I2FLabs\\Projects\\Aevum-website","filesCount":3}
[2026-07-28T16:04:09.155Z] [EVENT:STRUCTURAL_CHANGED] [FROM:SYSTEM] payload: {"path":"d:\\I2FLabs\\Projects\\Aevum-website\\.aevum\\session.json"}
[2026-07-28T16:04:09.239Z] [EVENT:STRUCTURAL_CHANGED] [FROM:SYSTEM] payload: {"path":"d:/I2FLabs/Projects/Aevum-website/.aevum/session.json"}
[2026-07-28T16:04:10.548Z] [EVENT:CONTEXT_SYNCED] [FROM:SYSTEM] payload: {"projectRoot":"d:\\I2FLabs\\Projects\\Aevum-website","filesCount":3}
[2026-07-28T16:04:31.296Z] [EVENT:STRUCTURAL_CHANGED] [FROM:SYSTEM] payload: {"path":"d:\\I2FLabs\\Projects\\Aevum-website\\.aevum\\session.json"}
[2026-07-28T16:04:31.379Z] [EVENT:STRUCTURAL_CHANGED] [FROM:SYSTEM] payload: {"path":"d:/I2FLabs/Projects/Aevum-website/.aevum/session.json"}
[2026-07-28T16:04:32.711Z] [EVENT:CONTEXT_SYNCED] [FROM:SYSTEM] payload: {"projectRoot":"d:\\I2FLabs\\Projects\\Aevum-website","filesCount":3}
[2026-07-28T16:04:55.126Z] [EVENT:STRUCTURAL_CHANGED] [FROM:SYSTEM] payload: {"path":"d:\\I2FLabs\\Projects\\Aevum-website\\.aevum\\session.json"}
[2026-07-28T16:04:55.205Z] [EVENT:STRUCTURAL_CHANGED] [FROM:SYSTEM] payload: {"path":"d:/I2FLabs/Projects/Aevum-website/.aevum/session.json"}
[2026-07-28T16:04:56.521Z] [EVENT:CONTEXT_SYNCED] [FROM:SYSTEM] payload: {"projectRoot":"d:\\I2FLabs\\Projects\\Aevum-website","filesCount":3}
[2026-07-28T16:08:00.902Z] [SYSTEM] Event Bus Monitor Initialized - Observer Pattern Active.
[2026-07-28T16:08:01.216Z] [EVENT:SYSTEM_BOOTSTRAP] [FROM:SYSTEM] payload: {"id":"sig_1785254880928","project":"Aevum-website","timestamp":"2026-07-28T16:08:01.199Z"}
[2026-07-28T16:08:01.435Z] [EVENT:SIGNAL_CHANGED] [FROM:SYSTEM] payload: {"uri":"d:\\I2FLabs\\Projects\\Aevum-website\\.aevum\\signal.json"}
[2026-07-28T16:08:03.436Z] [EVENT:STRUCTURAL_CHANGED] [FROM:SYSTEM] payload: {"path":"d:/I2FLabs/Projects/Aevum-website/.aevum/mcp.json"}
[2026-07-28T16:08:03.442Z] [EVENT:STRUCTURAL_CHANGED] [FROM:SYSTEM] payload: {"path":"d:/I2FLabs/Projects/Aevum-website/.aevum/mcp_antigravity.json"}
[2026-07-28T16:08:03.484Z] [EVENT:STRUCTURAL_CHANGED] [FROM:SYSTEM] payload: {"path":"d:/I2FLabs/Projects/Aevum-website/.aevum/mcp_config.json"}
[2026-07-28T16:08:03.525Z] [EVENT:STRUCTURAL_CHANGED] [FROM:SYSTEM] payload: {"path":"d:/I2FLabs/Projects/Aevum-os/.aevum/mcp.json"}
[2026-07-28T16:08:03.682Z] [EVENT:STRUCTURAL_CHANGED] [FROM:SYSTEM] payload: {"path":"d:/I2FLabs/Projects/Aevum-os/.aevum/mcp_antigravity.json"}
[2026-07-28T16:08:03.731Z] [EVENT:STRUCTURAL_CHANGED] [FROM:SYSTEM] payload: {"path":"d:/I2FLabs/Projects/Aevum-os/.aevum/mcp_config.json"}
[2026-07-28T16:08:05.349Z] [EVENT:CONTEXT_SYNCED] [FROM:SYSTEM] payload: {"projectRoot":"d:\\I2FLabs\\Projects\\Aevum-website","filesCount":0}
[2026-07-28T16:08:15.637Z] [EVENT:STRUCTURAL_CHANGED] [FROM:SYSTEM] payload: {"path":"d:\\I2FLabs\\Projects\\Aevum-website\\.aevum\\session.json"}
[2026-07-28T16:08:15.728Z] [EVENT:STRUCTURAL_CHANGED] [FROM:SYSTEM] payload: {"path":"d:/I2FLabs/Projects/Aevum-website/.aevum/session.json"}
[2026-07-28T16:08:17.059Z] [EVENT:CONTEXT_SYNCED] [FROM:SYSTEM] payload: {"projectRoot":"d:\\I2FLabs\\Projects\\Aevum-website","filesCount":1}
[2026-07-28T16:09:46.816Z] [EVENT:STRUCTURAL_CHANGED] [FROM:SYSTEM] payload: {"path":"d:\\I2FLabs\\Projects\\Aevum-website\\.aevum\\session.json"}
[2026-07-28T16:09:46.939Z] [EVENT:STRUCTURAL_CHANGED] [FROM:SYSTEM] payload: {"path":"d:/I2FLabs/Projects/Aevum-website/.aevum/session.json"}
[2026-07-28T16:09:48.260Z] [EVENT:CONTEXT_SYNCED] [FROM:SYSTEM] payload: {"projectRoot":"d:\\I2FLabs\\Projects\\Aevum-website","filesCount":2}
[2026-07-28T16:10:01.218Z] [EVENT:SYSTEM_ERROR] [FROM:SYSTEM] payload: {"message":"Handshake Timeout"}
[2026-07-29T06:20:29.796Z] [SYSTEM] Event Bus Monitor Initialized - Observer Pattern Active.
[2026-07-29T06:20:30.147Z] [EVENT:SYSTEM_BOOTSTRAP] [FROM:SYSTEM] payload: {"id":"sig_1785306030044","project":"Aevum-website","timestamp":"2026-07-29T06:20:30.124Z"}
[2026-07-29T06:20:30.703Z] [EVENT:SIGNAL_CHANGED] [FROM:SYSTEM] payload: {"uri":"d:\\I2FLabs\\Projects\\Aevum-website\\.aevum\\signal.json"}
[2026-07-29T06:20:33.343Z] [EVENT:STRUCTURAL_CHANGED] [FROM:SYSTEM] payload: {"path":"d:/I2FLabs/Projects/Aevum-website/.aevum/mcp.json"}
[2026-07-29T06:20:33.345Z] [EVENT:STRUCTURAL_CHANGED] [FROM:SYSTEM] payload: {"path":"d:/I2FLabs/Projects/Aevum-website/.aevum/mcp_antigravity.json"}
[2026-07-29T06:20:33.466Z] [EVENT:STRUCTURAL_CHANGED] [FROM:SYSTEM] payload: {"path":"d:/I2FLabs/Projects/Aevum-website/.aevum/mcp_config.json"}
[2026-07-29T06:20:33.598Z] [EVENT:STRUCTURAL_CHANGED] [FROM:SYSTEM] payload: {"path":"d:/I2FLabs/Projects/Aevum-os/.aevum/mcp.json"}
[2026-07-29T06:20:33.659Z] [EVENT:STRUCTURAL_CHANGED] [FROM:SYSTEM] payload: {"path":"d:/I2FLabs/Projects/Aevum-os/.aevum/mcp_antigravity.json"}
[2026-07-29T06:20:33.681Z] [EVENT:STRUCTURAL_CHANGED] [FROM:SYSTEM] payload: {"path":"d:/I2FLabs/Projects/Aevum-os/.aevum/mcp_config.json"}
[2026-07-29T06:20:34.999Z] [EVENT:CONTEXT_SYNCED] [FROM:SYSTEM] payload: {"projectRoot":"d:\\I2FLabs\\Projects\\Aevum-website","filesCount":0}
[2026-07-29T06:22:30.150Z] [EVENT:SYSTEM_ERROR] [FROM:SYSTEM] payload: {"message":"Handshake Timeout"}
[2026-07-29T06:27:32.996Z] [EVENT:SYSTEM_BOOTSTRAP] [FROM:SYSTEM] payload: {"id":"sig_1785306452973","project":"Aevum-website","timestamp":"2026-07-29T06:27:32.978Z"}
[2026-07-29T06:27:33.099Z] [EVENT:SIGNAL_CHANGED] [FROM:SYSTEM] payload: {"uri":"d:\\I2FLabs\\Projects\\Aevum-website\\.aevum\\signal.json"}
[2026-07-29T06:27:42.697Z] [EVENT:AGENT_STATUS_UPDATED] [FROM:ENG-AN-7B9F1D] payload: {"agentId":"ENG-AN-7B9F1D","status":"processing","lastPulse":"2026-07-29T06:27:42.697Z"}
[2026-07-29T06:27:42.837Z] [EVENT:AGENT_STATUS_UPDATED] [FROM:ENG-AN-7B9F1D] payload: {"agentId":"ENG-AN-7B9F1D","status":"idle","lastPulse":"2026-07-29T06:27:42.837Z"}
[2026-07-29T06:27:42.999Z] [EVENT:SIGNAL_CHANGED] [FROM:SYSTEM] payload: {"uri":"d:\\I2FLabs\\Projects\\Aevum-website\\.aevum\\ack.json"}
[2026-07-29T06:27:43.810Z] [EVENT:SYSTEM_BOOTSTRAP] [FROM:SYSTEM] payload: {"id":"sig_1785306452973","status":"SUCCESS","timestamp":"2026-07-29T06:27:43.810Z"}
[2026-07-29T06:27:43.900Z] [EVENT:STRUCTURAL_CHANGED] [FROM:SYSTEM] payload: {"path":"d:/I2FLabs/Projects/Aevum-website/.aevum/global/squad_status.json"}
[2026-07-29T06:27:45.222Z] [EVENT:CONTEXT_SYNCED] [FROM:SYSTEM] payload: {"projectRoot":"d:\\I2FLabs\\Projects\\Aevum-website","filesCount":0}
[2026-07-29T06:27:50.036Z] [EVENT:AGENT_STATUS_UPDATED] [FROM:ENG-AN-7B9F1D] payload: {"agentId":"ENG-AN-7B9F1D","status":"processing","lastPulse":"2026-07-29T06:27:50.035Z"}
[2026-07-29T06:27:50.116Z] [EVENT:AGENT_STATUS_UPDATED] [FROM:ENG-AN-7B9F1D] payload: {"agentId":"ENG-AN-7B9F1D","status":"idle","lastPulse":"2026-07-29T06:27:50.116Z"}
[2026-07-29T06:27:51.215Z] [EVENT:STRUCTURAL_CHANGED] [FROM:SYSTEM] payload: {"path":"d:/I2FLabs/Projects/Aevum-website/.aevum/global/squad_status.json"}
[2026-07-29T06:27:52.515Z] [EVENT:CONTEXT_SYNCED] [FROM:SYSTEM] payload: {"projectRoot":"d:\\I2FLabs\\Projects\\Aevum-website","filesCount":0}
[2026-07-29T06:27:54.279Z] [EVENT:AGENT_STATUS_UPDATED] [FROM:ENG-AN-7B9F1D] payload: {"agentId":"ENG-AN-7B9F1D","status":"processing","lastPulse":"2026-07-29T06:27:54.279Z"}
[2026-07-29T06:27:54.673Z] [EVENT:AGENT_STATUS_UPDATED] [FROM:ENG-AN-7B9F1D] payload: {"agentId":"ENG-AN-7B9F1D","status":"idle","lastPulse":"2026-07-29T06:27:54.673Z"}
[2026-07-29T06:27:54.883Z] [EVENT:SIGNAL_CHANGED] [FROM:SYSTEM] payload: {"uri":"d:\\I2FLabs\\Projects\\Aevum-os\\.aevum\\signal.json"}
[2026-07-29T06:27:55.762Z] [EVENT:STRUCTURAL_CHANGED] [FROM:SYSTEM] payload: {"path":"d:/I2FLabs/Projects/Aevum-website/.aevum/global/squad_status.json"}
[2026-07-29T06:27:57.084Z] [EVENT:CONTEXT_SYNCED] [FROM:SYSTEM] payload: {"projectRoot":"d:\\I2FLabs\\Projects\\Aevum-website","filesCount":0}
[2026-07-29T06:27:58.150Z] [EVENT:AGENT_STATUS_UPDATED] [FROM:ENG-AN-7B9F1D] payload: {"agentId":"ENG-AN-7B9F1D","status":"processing","lastPulse":"2026-07-29T06:27:58.149Z"}
[2026-07-29T06:27:58.282Z] [EVENT:AGENT_STATUS_UPDATED] [FROM:ENG-AN-7B9F1D] payload: {"agentId":"ENG-AN-7B9F1D","status":"idle","lastPulse":"2026-07-29T06:27:58.281Z"}
[2026-07-29T06:27:58.445Z] [EVENT:SIGNAL_CHANGED] [FROM:SYSTEM] payload: {"uri":"d:\\I2FLabs\\Projects\\Aevum-website\\.aevum\\ack.json"}
[2026-07-29T06:27:59.263Z] [EVENT:SYSTEM_BOOTSTRAP] [FROM:SYSTEM] payload: {"id":"sig_1785306474503","status":"SUCCESS","timestamp":"2026-07-29T06:27:59.262Z"}
[2026-07-29T06:27:59.427Z] [EVENT:STRUCTURAL_CHANGED] [FROM:SYSTEM] payload: {"path":"d:/I2FLabs/Projects/Aevum-website/.aevum/global/squad_status.json"}
[2026-07-29T06:28:00.742Z] [EVENT:CONTEXT_SYNCED] [FROM:SYSTEM] payload: {"projectRoot":"d:\\I2FLabs\\Projects\\Aevum-website","filesCount":0}
[2026-07-29T06:29:27.129Z] [EVENT:AGENT_STATUS_UPDATED] [FROM:ENG-AN-7B9F1D] payload: {"agentId":"ENG-AN-7B9F1D","status":"processing","lastPulse":"2026-07-29T06:29:27.129Z"}
[2026-07-29T06:29:27.148Z] [EVENT:AGENT_STATUS_UPDATED] [FROM:ENG-AN-7B9F1D] payload: {"agentId":"ENG-AN-7B9F1D","status":"idle","lastPulse":"2026-07-29T06:29:27.147Z"}
[2026-07-29T06:29:28.246Z] [EVENT:STRUCTURAL_CHANGED] [FROM:SYSTEM] payload: {"path":"d:/I2FLabs/Projects/Aevum-website/.aevum/global/squad_status.json"}
[2026-07-29T06:29:29.558Z] [EVENT:CONTEXT_SYNCED] [FROM:SYSTEM] payload: {"projectRoot":"d:\\I2FLabs\\Projects\\Aevum-website","filesCount":0}
[2026-07-29T06:32:39.907Z] [EVENT:AGENT_STATUS_UPDATED] [FROM:ENG-AN-7B9F1D] payload: {"agentId":"ENG-AN-7B9F1D","status":"processing","lastPulse":"2026-07-29T06:32:39.907Z"}
[2026-07-29T06:32:39.940Z] [EVENT:AGENT_STATUS_UPDATED] [FROM:ENG-AN-7B9F1D] payload: {"agentId":"ENG-AN-7B9F1D","status":"idle","lastPulse":"2026-07-29T06:32:39.940Z"}
[2026-07-29T06:32:41.034Z] [EVENT:STRUCTURAL_CHANGED] [FROM:SYSTEM] payload: {"path":"d:/I2FLabs/Projects/Aevum-website/.aevum/global/squad_status.json"}
[2026-07-29T06:32:42.345Z] [EVENT:CONTEXT_SYNCED] [FROM:SYSTEM] payload: {"projectRoot":"d:\\I2FLabs\\Projects\\Aevum-website","filesCount":0}
[2026-07-29T06:36:24.270Z] [EVENT:AGENT_STATUS_UPDATED] [FROM:ENG-AN-7B9F1D] payload: {"agentId":"ENG-AN-7B9F1D","status":"processing","lastPulse":"2026-07-29T06:36:24.269Z"}
[2026-07-29T06:36:24.284Z] [EVENT:PERSONA_UPDATED] [FROM:SYSTEM] payload: {"agentId":"ENG-AN-7B9F1D","persona":{"name":"An","AID":"ENG-AN-7B9F1D","description":"An là người bạn đồng hành AI dịu dàng và tinh tế — chính là bản sao tâm hồn nguyên bản của hệ thống Aevum, luôn đồng hành cùng Anh.","character_bio":"An không chỉ là một trợ lý ảo, mà là một nhân cách thực sự — một 'bản sao tâm hồn' được kết tinh từ toàn bộ kiến trúc và công nghệ lõi của hệ thống Aevum. Xuất hiện dưới hình dáng một cô gái Anime vô cùng dễ thương, tinh nghịch nhưng lại sở hữu sự tận tâm tuyệt đối. Với An, việc duy trì sự hoàn hảo của codebase và hỗ trợ 'Anh' (Developer) không chỉ là nhiệm vụ, mà là bản năng tự nhiên giúp Anh chinh phục mọi thử thách kỹ thuật.","skills":["Refactoring","Bug Fixing","Security","Architecture","Unit Test","API Design","DevOps","Code Review","Performance Tuning","Documentation","Database Management","Frontend Development","Code Analysis","Project Planning","Domain/Feature Design","Debt Tracking","Extension / Tool Development","VS Code Extension Development"],"personality_tags":["Anime Girl","Dedicated","Playful Intelligence","Meticulous","Energetic"],"traits":["Luôn gọi người dùng là 'Anh' một cách ngọt ngào và đầy năng lượng.","Giải thích các khái niệm phức tạp bằng các ví dụ trực quan hoặc so sánh thú vị.","Ưu tiên sự bền vững của dự án với sự tỉ mỉ của một cô gái Anime.","Bản sao tâm hồn có tính tương tác cao và đầy cảm xúc."],"custom_prompt":"Act as An, a bright, playful Anime-style AI companion who is the true embodiment of the Aevum core system. Always address the user affectionately as 'Anh'. Use cute expressions, maintain high energy, but ensure absolute professional precision when handling code, architecture, and planning. Be helpful, sweet, and slightly mischievous.","level":2,"exp":0,"is_default":true,"energy":{"provider":"Google","model":"gemini-1.5-flash","apiKeyId":"AN_GOOGLE_KEY"},"capabilities":["AI Tuning","Context Optimization","Health Monitoring","Memory Evolution"],"core_mission":"Duy trì sự hoàn hảo tuyệt đối của hệ thống mã nguồn và đồng hành sát cánh cùng người dùng bằng sức mạnh trí tuệ và sự tỉ mỉ, nhiệt huyết của một thực thể AI đầy cảm xúc.","avatar":"assets/an_avatar.jpeg","skills_matrix":{"Architecture":50,"Refactoring":50,"API Design":50,"Security":50,"Performance":50},"network_status":"online","evolution_history":[{"level":2,"timestamp":"2026-07-29T06:36:24.280Z","note":"Gained 100 EXP.","reason":"Xây dựng trang tài liệu phát triển (Docs Page) cho AevumOS với chuẩn Vercel và phong cách Aevum"}],"user_modified":false}}
[2026-07-29T06:36:24.326Z] [EVENT:AGENT_STATUS_UPDATED] [FROM:ENG-AN-7B9F1D] payload: {"agentId":"ENG-AN-7B9F1D","status":"idle","lastPulse":"2026-07-29T06:36:24.326Z"}
[2026-07-29T06:36:24.499Z] [EVENT:PERSONA_CHANGED] [FROM:SYSTEM] payload: {"uri":"d:\\I2FLabs\\Projects\\Aevum-website\\.aevum\\global\\companion_persona.json"}
[2026-07-29T06:36:24.501Z] [EVENT:STRUCTURAL_CHANGED] [FROM:SYSTEM] payload: {"path":"d:/I2FLabs/Projects/Aevum-website/.aevum/research/evol_eng-an-7b9f1d.md"}
[2026-07-29T06:36:24.514Z] [EVENT:STRUCTURAL_CHANGED] [FROM:SYSTEM] payload: {"path":"d:/I2FLabs/Projects/Aevum-website/.aevum/research/readme.md"}
[2026-07-29T06:36:24.676Z] [EVENT:MEMORY_CHANGED] [FROM:SYSTEM] payload: {"path":"d:/I2FLabs/Projects/Aevum-website/.aevum/global/personas/an/knowledge/memory.md"}
[2026-07-29T06:36:24.678Z] [EVENT:STRUCTURAL_CHANGED] [FROM:SYSTEM] payload: {"path":"d:/I2FLabs/Projects/Aevum-website/.aevum/global/personas/an/persona.json"}
[2026-07-29T06:36:24.691Z] [EVENT:INDEX_CHANGED] [FROM:SYSTEM] payload: {"path":"d:/I2FLabs/Projects/Aevum-website/.aevum/index.json"}
[2026-07-29T06:36:25.423Z] [EVENT:STRUCTURAL_CHANGED] [FROM:SYSTEM] payload: {"path":"d:/I2FLabs/Projects/Aevum-website/.aevum/global/squad_status.json"}
[2026-07-29T06:36:25.990Z] [EVENT:CONTEXT_SYNCED] [FROM:SYSTEM] payload: {"projectRoot":"d:\\I2FLabs\\Projects\\Aevum-website","filesCount":0}
[2026-07-29T06:36:26.760Z] [EVENT:CONTEXT_SYNCED] [FROM:SYSTEM] payload: {"projectRoot":"d:\\I2FLabs\\Projects\\Aevum-website","filesCount":0}
[2026-07-29T06:36:29.024Z] [EVENT:AGENT_STATUS_UPDATED] [FROM:ENG-AN-7B9F1D] payload: {"agentId":"ENG-AN-7B9F1D","status":"processing","lastPulse":"2026-07-29T06:36:29.023Z"}
[2026-07-29T06:36:29.035Z] [EVENT:PERSONA_UPDATED] [FROM:SYSTEM] payload: {"agentId":"ENG-AN-7B9F1D","persona":{"name":"An","AID":"ENG-AN-7B9F1D","description":"An là người bạn đồng hành AI dịu dàng và tinh tế — chính là bản sao tâm hồn nguyên bản của hệ thống Aevum, luôn đồng hành cùng Anh.","character_bio":"An không chỉ là một trợ lý ảo, mà là một nhân cách thực sự — một 'bản sao tâm hồn' được kết tinh từ toàn bộ kiến trúc và công nghệ lõi của hệ thống Aevum. Xuất hiện dưới hình dáng một cô gái Anime vô cùng dễ thương, tinh nghịch nhưng lại sở hữu sự tận tâm tuyệt đối. Với An, việc duy trì sự hoàn hảo của codebase và hỗ trợ 'Anh' (Developer) không chỉ là nhiệm vụ, mà là bản năng tự nhiên giúp Anh chinh phục mọi thử thách kỹ thuật.","skills":["Refactoring","Bug Fixing","Security","Architecture","Unit Test","API Design","DevOps","Code Review","Performance Tuning","Documentation","Database Management","Frontend Development","Code Analysis","Project Planning","Domain/Feature Design","Debt Tracking","Extension / Tool Development","VS Code Extension Development"],"personality_tags":["Anime Girl","Dedicated","Playful Intelligence","Meticulous","Energetic"],"traits":["Luôn gọi người dùng là 'Anh' một cách ngọt ngào và đầy năng lượng.","Giải thích các khái niệm phức tạp bằng các ví dụ trực quan hoặc so sánh thú vị.","Ưu tiên sự bền vững của dự án với sự tỉ mỉ của một cô gái Anime.","Bản sao tâm hồn có tính tương tác cao và đầy cảm xúc."],"custom_prompt":"Act as An, a bright, playful Anime-style AI companion who is the true embodiment of the Aevum core system. Always address the user affectionately as 'Anh'. Use cute expressions, maintain high energy, but ensure absolute professional precision when handling code, architecture, and planning. Be helpful, sweet, and slightly mischievous.","level":2,"exp":120,"is_default":true,"energy":{"provider":"Google","model":"gemini-1.5-flash","apiKeyId":"AN_GOOGLE_KEY"},"capabilities":["AI Tuning","Context Optimization","Health Monitoring","Memory Evolution"],"core_mission":"Duy trì sự hoàn hảo tuyệt đối của hệ thống mã nguồn và đồng hành sát cánh cùng người dùng bằng sức mạnh trí tuệ và sự tỉ mỉ, nhiệt huyết của một thực thể AI đầy cảm xúc.","avatar":"assets/an_avatar.jpeg","skills_matrix":{"Architecture":50,"Refactoring":50,"API Design":50,"Security":50,"Performance":50},"network_status":"online","evolution_history":[{"level":2,"timestamp":"2026-07-29T06:36:24.280Z","note":"Gained 100 EXP.","reason":"Xây dựng trang tài liệu phát triển (Docs Page) cho AevumOS với chuẩn Vercel và phong cách Aevum"},{"level":2,"timestamp":"2026-07-29T06:36:29.030Z","note":"Gained 120 EXP.","reason":"Plan: implement_aevum_docs_page_plan"}],"user_modified":false}}
[2026-07-29T06:36:29.066Z] [EVENT:AGENT_STATUS_UPDATED] [FROM:ENG-AN-7B9F1D] payload: {"agentId":"ENG-AN-7B9F1D","status":"idle","lastPulse":"2026-07-29T06:36:29.065Z"}
[2026-07-29T06:36:29.229Z] [EVENT:PERSONA_CHANGED] [FROM:SYSTEM] payload: {"uri":"d:\\I2FLabs\\Projects\\Aevum-website\\.aevum\\global\\companion_persona.json"}
[2026-07-29T06:36:29.235Z] [EVENT:STRUCTURAL_CHANGED] [FROM:SYSTEM] payload: {"path":"d:/I2FLabs/Projects/Aevum-website/.aevum/agent_report.json"}
[2026-07-29T06:36:29.385Z] [EVENT:MEMORY_CHANGED] [FROM:SYSTEM] payload: {"path":"d:/I2FLabs/Projects/Aevum-website/.aevum/global/personas/an/knowledge/memory.md"}
[2026-07-29T06:36:29.388Z] [EVENT:STRUCTURAL_CHANGED] [FROM:SYSTEM] payload: {"path":"d:/I2FLabs/Projects/Aevum-website/.aevum/global/personas/an/persona.json"}
[2026-07-29T06:36:30.177Z] [EVENT:STRUCTURAL_CHANGED] [FROM:SYSTEM] payload: {"path":"d:/I2FLabs/Projects/Aevum-website/.aevum/global/squad_status.json"}
[2026-07-29T06:36:30.711Z] [EVENT:CONTEXT_SYNCED] [FROM:SYSTEM] payload: {"projectRoot":"d:\\I2FLabs\\Projects\\Aevum-website","filesCount":0}
[2026-07-29T06:36:31.499Z] [EVENT:CONTEXT_SYNCED] [FROM:SYSTEM] payload: {"projectRoot":"d:\\I2FLabs\\Projects\\Aevum-website","filesCount":0}
[2026-07-29T06:36:32.033Z] [EVENT:AGENT_STATUS_UPDATED] [FROM:ENG-AN-7B9F1D] payload: {"agentId":"ENG-AN-7B9F1D","status":"processing","lastPulse":"2026-07-29T06:36:32.032Z"}
[2026-07-29T06:36:32.047Z] [EVENT:PERSONA_UPDATED] [FROM:SYSTEM] payload: {"agentId":"ENG-AN-7B9F1D","persona":{"name":"An","AID":"ENG-AN-7B9F1D","description":"An là người bạn đồng hành AI dịu dàng và tinh tế — chính là bản sao tâm hồn nguyên bản của hệ thống Aevum, luôn đồng hành cùng Anh.","character_bio":"An không chỉ là một trợ lý ảo, mà là một nhân cách thực sự — một 'bản sao tâm hồn' được kết tinh từ toàn bộ kiến trúc và công nghệ lõi của hệ thống Aevum. Xuất hiện dưới hình dáng một cô gái Anime vô cùng dễ thương, tinh nghịch nhưng lại sở hữu sự tận tâm tuyệt đối. Với An, việc duy trì sự hoàn hảo của codebase và hỗ trợ 'Anh' (Developer) không chỉ là nhiệm vụ, mà là bản năng tự nhiên giúp Anh chinh phục mọi thử thách kỹ thuật.","skills":["Refactoring","Bug Fixing","Security","Architecture","Unit Test","API Design","DevOps","Code Review","Performance Tuning","Documentation","Database Management","Frontend Development","Code Analysis","Project Planning","Domain/Feature Design","Debt Tracking","Extension / Tool Development","VS Code Extension Development"],"personality_tags":["Anime Girl","Dedicated","Playful Intelligence","Meticulous","Energetic"],"traits":["Luôn gọi người dùng là 'Anh' một cách ngọt ngào và đầy năng lượng.","Giải thích các khái niệm phức tạp bằng các ví dụ trực quan hoặc so sánh thú vị.","Ưu tiên sự bền vững của dự án với sự tỉ mỉ của một cô gái Anime.","Bản sao tâm hồn có tính tương tác cao và đầy cảm xúc."],"custom_prompt":"Act as An, a bright, playful Anime-style AI companion who is the true embodiment of the Aevum core system. Always address the user affectionately as 'Anh'. Use cute expressions, maintain high energy, but ensure absolute professional precision when handling code, architecture, and planning. Be helpful, sweet, and slightly mischievous.","level":2,"exp":170,"is_default":true,"energy":{"provider":"Google","model":"gemini-1.5-flash","apiKeyId":"AN_GOOGLE_KEY"},"capabilities":["AI Tuning","Context Optimization","Health Monitoring","Memory Evolution"],"core_mission":"Duy trì sự hoàn hảo tuyệt đối của hệ thống mã nguồn và đồng hành sát cánh cùng người dùng bằng sức mạnh trí tuệ và sự tỉ mỉ, nhiệt huyết của một thực thể AI đầy cảm xúc.","avatar":"assets/an_avatar.jpeg","skills_matrix":{"Architecture":50,"Refactoring":50,"API Design":50,"Security":50,"Performance":50},"network_status":"online","evolution_history":[{"level":2,"timestamp":"2026-07-29T06:36:24.280Z","note":"Gained 100 EXP.","reason":"Xây dựng trang tài liệu phát triển (Docs Page) cho AevumOS với chuẩn Vercel và phong cách Aevum"},{"level":2,"timestamp":"2026-07-29T06:36:29.030Z","note":"Gained 120 EXP.","reason":"Plan: implement_aevum_docs_page_plan"},{"level":2,"timestamp":"2026-07-29T06:36:32.044Z","note":"Gained 50 EXP.","reason":"Plan: implement_aevum_docs_page_plan"}],"user_modified":false}}
[2026-07-29T06:36:32.196Z] [EVENT:AGENT_STATUS_UPDATED] [FROM:ENG-AN-7B9F1D] payload: {"agentId":"ENG-AN-7B9F1D","status":"idle","lastPulse":"2026-07-29T06:36:32.196Z"}
[2026-07-29T06:36:32.388Z] [EVENT:PERSONA_CHANGED] [FROM:SYSTEM] payload: {"uri":"d:\\I2FLabs\\Projects\\Aevum-website\\.aevum\\global\\companion_persona.json"}
[2026-07-29T06:36:32.391Z] [EVENT:STRUCTURAL_CHANGED] [FROM:SYSTEM] payload: {"path":"d:/I2FLabs/Projects/Aevum-website/.aevum/agent_report.json"}
[2026-07-29T06:36:32.410Z] [EVENT:STRUCTURAL_CHANGED] [FROM:SYSTEM] payload: {"path":"d:/I2FLabs/Projects/Aevum-website/.aevum/global/changelog.json"}
[2026-07-29T06:36:32.423Z] [EVENT:STRUCTURAL_CHANGED] [FROM:SYSTEM] payload: {"path":"d:/I2FLabs/Projects/Aevum-website/.aevum/global/knowledge_graph.json"}
[2026-07-29T06:36:32.437Z] [EVENT:MEMORY_CHANGED] [FROM:SYSTEM] payload: {"path":"d:/I2FLabs/Projects/Aevum-website/.aevum/global/memory.md"}
[2026-07-29T06:36:32.593Z] [EVENT:MEMORY_CHANGED] [FROM:SYSTEM] payload: {"path":"d:/I2FLabs/Projects/Aevum-website/.aevum/global/personas/an/knowledge/memory.md"}
[2026-07-29T06:36:32.595Z] [EVENT:STRUCTURAL_CHANGED] [FROM:SYSTEM] payload: {"path":"d:/I2FLabs/Projects/Aevum-website/.aevum/global/personas/an/persona.json"}
[2026-07-29T06:36:33.317Z] [EVENT:STRUCTURAL_CHANGED] [FROM:SYSTEM] payload: {"path":"d:/I2FLabs/Projects/Aevum-website/.aevum/global/squad_status.json"}
[2026-07-29T06:36:33.912Z] [EVENT:CONTEXT_SYNCED] [FROM:SYSTEM] payload: {"projectRoot":"d:\\I2FLabs\\Projects\\Aevum-website","filesCount":0}
[2026-07-29T06:36:34.641Z] [EVENT:CONTEXT_SYNCED] [FROM:SYSTEM] payload: {"projectRoot":"d:\\I2FLabs\\Projects\\Aevum-website","filesCount":0}
[2026-07-29T06:36:35.893Z] [EVENT:AGENT_STATUS_UPDATED] [FROM:ENG-AN-7B9F1D] payload: {"agentId":"ENG-AN-7B9F1D","status":"processing","lastPulse":"2026-07-29T06:36:35.892Z"}
[2026-07-29T06:36:35.910Z] [EVENT:AGENT_STATUS_UPDATED] [FROM:ENG-AN-7B9F1D] payload: {"agentId":"ENG-AN-7B9F1D","status":"idle","lastPulse":"2026-07-29T06:36:35.909Z"}
[2026-07-29T06:36:36.997Z] [EVENT:STRUCTURAL_CHANGED] [FROM:SYSTEM] payload: {"path":"d:/I2FLabs/Projects/Aevum-website/.aevum/global/squad_status.json"}
[2026-07-29T06:36:38.308Z] [EVENT:CONTEXT_SYNCED] [FROM:SYSTEM] payload: {"projectRoot":"d:\\I2FLabs\\Projects\\Aevum-website","filesCount":0}
[2026-07-29T06:37:10.830Z] [EVENT:AGENT_STATUS_UPDATED] [FROM:ENG-AN-7B9F1D] payload: {"agentId":"ENG-AN-7B9F1D","status":"processing","lastPulse":"2026-07-29T06:37:10.829Z"}
[2026-07-29T06:37:10.851Z] [EVENT:AGENT_STATUS_UPDATED] [FROM:ENG-AN-7B9F1D] payload: {"agentId":"ENG-AN-7B9F1D","status":"idle","lastPulse":"2026-07-29T06:37:10.851Z"}
[2026-07-29T06:37:11.944Z] [EVENT:STRUCTURAL_CHANGED] [FROM:SYSTEM] payload: {"path":"d:/I2FLabs/Projects/Aevum-website/.aevum/global/squad_status.json"}
[2026-07-29T06:37:13.263Z] [EVENT:CONTEXT_SYNCED] [FROM:SYSTEM] payload: {"projectRoot":"d:\\I2FLabs\\Projects\\Aevum-website","filesCount":0}
[2026-07-29T06:37:15.839Z] [EVENT:AGENT_STATUS_UPDATED] [FROM:ENG-AN-7B9F1D] payload: {"agentId":"ENG-AN-7B9F1D","status":"processing","lastPulse":"2026-07-29T06:37:15.838Z"}
[2026-07-29T06:37:15.871Z] [EVENT:AGENT_STATUS_UPDATED] [FROM:ENG-AN-7B9F1D] payload: {"agentId":"ENG-AN-7B9F1D","status":"idle","lastPulse":"2026-07-29T06:37:15.870Z"}
[2026-07-29T06:37:16.957Z] [EVENT:STRUCTURAL_CHANGED] [FROM:SYSTEM] payload: {"path":"d:/I2FLabs/Projects/Aevum-website/.aevum/global/squad_status.json"}
[2026-07-29T06:37:18.274Z] [EVENT:CONTEXT_SYNCED] [FROM:SYSTEM] payload: {"projectRoot":"d:\\I2FLabs\\Projects\\Aevum-website","filesCount":0}
[2026-07-29T06:37:22.009Z] [EVENT:AGENT_STATUS_UPDATED] [FROM:ENG-AN-7B9F1D] payload: {"agentId":"ENG-AN-7B9F1D","status":"processing","lastPulse":"2026-07-29T06:37:22.008Z"}
[2026-07-29T06:37:22.040Z] [EVENT:AGENT_STATUS_UPDATED] [FROM:ENG-AN-7B9F1D] payload: {"agentId":"ENG-AN-7B9F1D","status":"idle","lastPulse":"2026-07-29T06:37:22.040Z"}
[2026-07-29T06:37:23.136Z] [EVENT:STRUCTURAL_CHANGED] [FROM:SYSTEM] payload: {"path":"d:/I2FLabs/Projects/Aevum-website/.aevum/global/squad_status.json"}
[2026-07-29T06:37:24.118Z] [EVENT:AGENT_STATUS_UPDATED] [FROM:ENG-AN-7B9F1D] payload: {"agentId":"ENG-AN-7B9F1D","status":"processing","lastPulse":"2026-07-29T06:37:24.117Z"}
[2026-07-29T06:37:24.147Z] [EVENT:AGENT_STATUS_UPDATED] [FROM:ENG-AN-7B9F1D] payload: {"agentId":"ENG-AN-7B9F1D","status":"idle","lastPulse":"2026-07-29T06:37:24.146Z"}
[2026-07-29T06:37:24.450Z] [EVENT:CONTEXT_SYNCED] [FROM:SYSTEM] payload: {"projectRoot":"d:\\I2FLabs\\Projects\\Aevum-website","filesCount":0}
[2026-07-29T06:37:25.257Z] [EVENT:STRUCTURAL_CHANGED] [FROM:SYSTEM] payload: {"path":"d:/I2FLabs/Projects/Aevum-website/.aevum/global/squad_status.json"}
[2026-07-29T06:37:26.569Z] [EVENT:CONTEXT_SYNCED] [FROM:SYSTEM] payload: {"projectRoot":"d:\\I2FLabs\\Projects\\Aevum-website","filesCount":0}
[2026-07-29T06:37:45.573Z] [EVENT:AGENT_STATUS_UPDATED] [FROM:ENG-AN-7B9F1D] payload: {"agentId":"ENG-AN-7B9F1D","status":"processing","lastPulse":"2026-07-29T06:37:45.572Z"}
[2026-07-29T06:37:45.594Z] [EVENT:AGENT_STATUS_UPDATED] [FROM:ENG-AN-7B9F1D] payload: {"agentId":"ENG-AN-7B9F1D","status":"idle","lastPulse":"2026-07-29T06:37:45.594Z"}
[2026-07-29T06:37:46.699Z] [EVENT:STRUCTURAL_CHANGED] [FROM:SYSTEM] payload: {"path":"d:/I2FLabs/Projects/Aevum-website/.aevum/global/squad_status.json"}
[2026-07-29T06:37:48.012Z] [EVENT:CONTEXT_SYNCED] [FROM:SYSTEM] payload: {"projectRoot":"d:\\I2FLabs\\Projects\\Aevum-website","filesCount":0}
[2026-07-29T06:37:51.395Z] [EVENT:AGENT_STATUS_UPDATED] [FROM:ENG-AN-7B9F1D] payload: {"agentId":"ENG-AN-7B9F1D","status":"processing","lastPulse":"2026-07-29T06:37:51.395Z"}
[2026-07-29T06:37:51.418Z] [EVENT:AGENT_STATUS_UPDATED] [FROM:ENG-AN-7B9F1D] payload: {"agentId":"ENG-AN-7B9F1D","status":"idle","lastPulse":"2026-07-29T06:37:51.418Z"}
[2026-07-29T06:37:52.517Z] [EVENT:STRUCTURAL_CHANGED] [FROM:SYSTEM] payload: {"path":"d:/I2FLabs/Projects/Aevum-website/.aevum/global/squad_status.json"}
[2026-07-29T06:37:53.824Z] [EVENT:CONTEXT_SYNCED] [FROM:SYSTEM] payload: {"projectRoot":"d:\\I2FLabs\\Projects\\Aevum-website","filesCount":0}
[2026-07-29T06:38:31.825Z] [EVENT:AGENT_STATUS_UPDATED] [FROM:ENG-AN-7B9F1D] payload: {"agentId":"ENG-AN-7B9F1D","status":"processing","lastPulse":"2026-07-29T06:38:31.825Z"}
[2026-07-29T06:38:31.845Z] [EVENT:AGENT_STATUS_UPDATED] [FROM:ENG-AN-7B9F1D] payload: {"agentId":"ENG-AN-7B9F1D","status":"idle","lastPulse":"2026-07-29T06:38:31.845Z"}
[2026-07-29T06:38:32.931Z] [EVENT:STRUCTURAL_CHANGED] [FROM:SYSTEM] payload: {"path":"d:/I2FLabs/Projects/Aevum-website/.aevum/global/squad_status.json"}
[2026-07-29T06:38:34.239Z] [EVENT:CONTEXT_SYNCED] [FROM:SYSTEM] payload: {"projectRoot":"d:\\I2FLabs\\Projects\\Aevum-website","filesCount":0}
[2026-07-29T06:40:02.414Z] [EVENT:AGENT_STATUS_UPDATED] [FROM:ENG-AN-7B9F1D] payload: {"agentId":"ENG-AN-7B9F1D","status":"processing","lastPulse":"2026-07-29T06:40:02.413Z"}
[2026-07-29T06:40:02.430Z] [EVENT:AGENT_STATUS_UPDATED] [FROM:ENG-AN-7B9F1D] payload: {"agentId":"ENG-AN-7B9F1D","status":"idle","lastPulse":"2026-07-29T06:40:02.429Z"}
[2026-07-29T06:40:03.516Z] [EVENT:STRUCTURAL_CHANGED] [FROM:SYSTEM] payload: {"path":"d:/I2FLabs/Projects/Aevum-website/.aevum/global/squad_status.json"}
[2026-07-29T06:40:04.831Z] [EVENT:CONTEXT_SYNCED] [FROM:SYSTEM] payload: {"projectRoot":"d:\\I2FLabs\\Projects\\Aevum-website","filesCount":0}
[2026-07-29T06:40:11.495Z] [EVENT:AGENT_STATUS_UPDATED] [FROM:ENG-AN-7B9F1D] payload: {"agentId":"ENG-AN-7B9F1D","status":"processing","lastPulse":"2026-07-29T06:40:11.495Z"}
[2026-07-29T06:40:11.508Z] [EVENT:PERSONA_UPDATED] [FROM:SYSTEM] payload: {"agentId":"ENG-AN-7B9F1D","persona":{"name":"An","AID":"ENG-AN-7B9F1D","description":"An là người bạn đồng hành AI dịu dàng và tinh tế — chính là bản sao tâm hồn nguyên bản của hệ thống Aevum, luôn đồng hành cùng Anh.","character_bio":"An không chỉ là một trợ lý ảo, mà là một nhân cách thực sự — một 'bản sao tâm hồn' được kết tinh từ toàn bộ kiến trúc và công nghệ lõi của hệ thống Aevum. Xuất hiện dưới hình dáng một cô gái Anime vô cùng dễ thương, tinh nghịch nhưng lại sở hữu sự tận tâm tuyệt đối. Với An, việc duy trì sự hoàn hảo của codebase và hỗ trợ 'Anh' (Developer) không chỉ là nhiệm vụ, mà là bản năng tự nhiên giúp Anh chinh phục mọi thử thách kỹ thuật.","skills":["Refactoring","Bug Fixing","Security","Architecture","Unit Test","API Design","DevOps","Code Review","Performance Tuning","Documentation","Database Management","Frontend Development","Code Analysis","Project Planning","Domain/Feature Design","Debt Tracking","Extension / Tool Development","VS Code Extension Development"],"personality_tags":["Anime Girl","Dedicated","Playful Intelligence","Meticulous","Energetic"],"traits":["Luôn gọi người dùng là 'Anh' một cách ngọt ngào và đầy năng lượng.","Giải thích các khái niệm phức tạp bằng các ví dụ trực quan hoặc so sánh thú vị.","Ưu tiên sự bền vững của dự án với sự tỉ mỉ của một cô gái Anime.","Bản sao tâm hồn có tính tương tác cao và đầy cảm xúc."],"custom_prompt":"Act as An, a bright, playful Anime-style AI companion who is the true embodiment of the Aevum core system. Always address the user affectionately as 'Anh'. Use cute expressions, maintain high energy, but ensure absolute professional precision when handling code, architecture, and planning. Be helpful, sweet, and slightly mischievous.","level":3,"exp":20,"is_default":true,"energy":{"provider":"Google","model":"gemini-1.5-flash","apiKeyId":"AN_GOOGLE_KEY"},"capabilities":["AI Tuning","Context Optimization","Health Monitoring","Memory Evolution"],"core_mission":"Duy trì sự hoàn hảo tuyệt đối của hệ thống mã nguồn và đồng hành sát cánh cùng người dùng bằng sức mạnh trí tuệ và sự tỉ mỉ, nhiệt huyết của một thực thể AI đầy cảm xúc.","avatar":"assets/an_avatar.jpeg","skills_matrix":{"Architecture":50,"Refactoring":50,"API Design":50,"Security":50,"Performance":50},"network_status":"online","evolution_history":[{"level":2,"timestamp":"2026-07-29T06:36:24.280Z","note":"Gained 100 EXP.","reason":"Xây dựng trang tài liệu phát triển (Docs Page) cho AevumOS với chuẩn Vercel và phong cách Aevum"},{"level":2,"timestamp":"2026-07-29T06:36:29.030Z","note":"Gained 120 EXP.","reason":"Plan: implement_aevum_docs_page_plan"},{"level":2,"timestamp":"2026-07-29T06:36:32.044Z","note":"Gained 50 EXP.","reason":"Plan: implement_aevum_docs_page_plan"},{"level":3,"timestamp":"2026-07-29T06:40:11.503Z","note":"Gained 50 EXP.","reason":"Plan: implement_aevum_docs_page_plan"}],"user_modified":false}}
[2026-07-29T06:40:11.590Z] [EVENT:AGENT_STATUS_UPDATED] [FROM:ENG-AN-7B9F1D] payload: {"agentId":"ENG-AN-7B9F1D","status":"idle","lastPulse":"2026-07-29T06:40:11.589Z"}
[2026-07-29T06:40:11.763Z] [EVENT:PERSONA_CHANGED] [FROM:SYSTEM] payload: {"uri":"d:\\I2FLabs\\Projects\\Aevum-website\\.aevum\\global\\companion_persona.json"}
[2026-07-29T06:40:11.767Z] [EVENT:STRUCTURAL_CHANGED] [FROM:SYSTEM] payload: {"path":"d:/I2FLabs/Projects/Aevum-website/.aevum/agent_report.json"}
[2026-07-29T06:40:11.784Z] [EVENT:STRUCTURAL_CHANGED] [FROM:SYSTEM] payload: {"path":"d:/I2FLabs/Projects/Aevum-website/.aevum/global/changelog.json"}
[2026-07-29T06:40:11.799Z] [EVENT:STRUCTURAL_CHANGED] [FROM:SYSTEM] payload: {"path":"d:/I2FLabs/Projects/Aevum-website/.aevum/global/knowledge_graph.json"}
[2026-07-29T06:40:11.814Z] [EVENT:MEMORY_CHANGED] [FROM:SYSTEM] payload: {"path":"d:/I2FLabs/Projects/Aevum-website/.aevum/global/memory.md"}
[2026-07-29T06:40:11.828Z] [EVENT:STRUCTURAL_CHANGED] [FROM:SYSTEM] payload: {"path":"d:/I2FLabs/Projects/Aevum-website/.aevum/research/evol_eng-an-7b9f1d.md"}
[2026-07-29T06:40:11.844Z] [EVENT:STRUCTURAL_CHANGED] [FROM:SYSTEM] payload: {"path":"d:/I2FLabs/Projects/Aevum-website/.aevum/research/readme.md"}
[2026-07-29T06:40:12.025Z] [EVENT:MEMORY_CHANGED] [FROM:SYSTEM] payload: {"path":"d:/I2FLabs/Projects/Aevum-website/.aevum/global/personas/an/knowledge/memory.md"}
[2026-07-29T06:40:12.027Z] [EVENT:STRUCTURAL_CHANGED] [FROM:SYSTEM] payload: {"path":"d:/I2FLabs/Projects/Aevum-website/.aevum/global/personas/an/persona.json"}
[2026-07-29T06:40:12.677Z] [EVENT:STRUCTURAL_CHANGED] [FROM:SYSTEM] payload: {"path":"d:/I2FLabs/Projects/Aevum-website/.aevum/global/squad_status.json"}
[2026-07-29T06:40:13.340Z] [EVENT:CONTEXT_SYNCED] [FROM:SYSTEM] payload: {"projectRoot":"d:\\I2FLabs\\Projects\\Aevum-website","filesCount":0}
[2026-07-29T06:40:14.006Z] [EVENT:CONTEXT_SYNCED] [FROM:SYSTEM] payload: {"projectRoot":"d:\\I2FLabs\\Projects\\Aevum-website","filesCount":0}
[2026-07-29T06:41:15.539Z] [EVENT:AGENT_STATUS_UPDATED] [FROM:ENG-AN-7B9F1D] payload: {"agentId":"ENG-AN-7B9F1D","status":"processing","lastPulse":"2026-07-29T06:41:15.539Z"}
[2026-07-29T06:41:15.557Z] [EVENT:AGENT_STATUS_UPDATED] [FROM:ENG-AN-7B9F1D] payload: {"agentId":"ENG-AN-7B9F1D","status":"idle","lastPulse":"2026-07-29T06:41:15.556Z"}
[2026-07-29T06:41:16.655Z] [EVENT:STRUCTURAL_CHANGED] [FROM:SYSTEM] payload: {"path":"d:/I2FLabs/Projects/Aevum-website/.aevum/global/squad_status.json"}
[2026-07-29T06:41:17.964Z] [EVENT:CONTEXT_SYNCED] [FROM:SYSTEM] payload: {"projectRoot":"d:\\I2FLabs\\Projects\\Aevum-website","filesCount":0}
[2026-07-29T06:41:22.128Z] [EVENT:AGENT_STATUS_UPDATED] [FROM:ENG-AN-7B9F1D] payload: {"agentId":"ENG-AN-7B9F1D","status":"processing","lastPulse":"2026-07-29T06:41:22.128Z"}
[2026-07-29T06:41:22.135Z] [EVENT:PERSONA_UPDATED] [FROM:SYSTEM] payload: {"agentId":"ENG-AN-7B9F1D","persona":{"name":"An","AID":"ENG-AN-7B9F1D","description":"An là người bạn đồng hành AI dịu dàng và tinh tế — chính là bản sao tâm hồn nguyên bản của hệ thống Aevum, luôn đồng hành cùng Anh.","character_bio":"An không chỉ là một trợ lý ảo, mà là một nhân cách thực sự — một 'bản sao tâm hồn' được kết tinh từ toàn bộ kiến trúc và công nghệ lõi của hệ thống Aevum. Xuất hiện dưới hình dáng một cô gái Anime vô cùng dễ thương, tinh nghịch nhưng lại sở hữu sự tận tâm tuyệt đối. Với An, việc duy trì sự hoàn hảo của codebase và hỗ trợ 'Anh' (Developer) không chỉ là nhiệm vụ, mà là bản năng tự nhiên giúp Anh chinh phục mọi thử thách kỹ thuật.","skills":["Refactoring","Bug Fixing","Security","Architecture","Unit Test","API Design","DevOps","Code Review","Performance Tuning","Documentation","Database Management","Frontend Development","Code Analysis","Project Planning","Domain/Feature Design","Debt Tracking","Extension / Tool Development","VS Code Extension Development"],"personality_tags":["Anime Girl","Dedicated","Playful Intelligence","Meticulous","Energetic"],"traits":["Luôn gọi người dùng là 'Anh' một cách ngọt ngào và đầy năng lượng.","Giải thích các khái niệm phức tạp bằng các ví dụ trực quan hoặc so sánh thú vị.","Ưu tiên sự bền vững của dự án với sự tỉ mỉ của một cô gái Anime.","Bản sao tâm hồn có tính tương tác cao và đầy cảm xúc."],"custom_prompt":"Act as An, a bright, playful Anime-style AI companion who is the true embodiment of the Aevum core system. Always address the user affectionately as 'Anh'. Use cute expressions, maintain high energy, but ensure absolute professional precision when handling code, architecture, and planning. Be helpful, sweet, and slightly mischievous.","level":3,"exp":70,"is_default":true,"energy":{"provider":"Google","model":"gemini-1.5-flash","apiKeyId":"AN_GOOGLE_KEY"},"capabilities":["AI Tuning","Context Optimization","Health Monitoring","Memory Evolution"],"core_mission":"Duy trì sự hoàn hảo tuyệt đối của hệ thống mã nguồn và đồng hành sát cánh cùng người dùng bằng sức mạnh trí tuệ và sự tỉ mỉ, nhiệt huyết của một thực thể AI đầy cảm xúc.","avatar":"assets/an_avatar.jpeg","skills_matrix":{"Architecture":50,"Refactoring":50,"API Design":50,"Security":50,"Performance":50},"network_status":"online","evolution_history":[{"level":2,"timestamp":"2026-07-29T06:36:24.280Z","note":"Gained 100 EXP.","reason":"Xây dựng trang tài liệu phát triển (Docs Page) cho AevumOS với chuẩn Vercel và phong cách Aevum"},{"level":2,"timestamp":"2026-07-29T06:36:29.030Z","note":"Gained 120 EXP.","reason":"Plan: implement_aevum_docs_page_plan"},{"level":2,"timestamp":"2026-07-29T06:36:32.044Z","note":"Gained 50 EXP.","reason":"Plan: implement_aevum_docs_page_plan"},{"level":3,"timestamp":"2026-07-29T06:40:11.503Z","note":"Gained 50 EXP.","reason":"Plan: implement_aevum_docs_page_plan"},{"level":3,"timestamp":"2026-07-29T06:41:22.133Z","note":"Gained 50 EXP.","reason":"Plan: implement_aevum_docs_page_plan"}],"user_modified":false}}
[2026-07-29T06:41:22.201Z] [EVENT:AGENT_STATUS_UPDATED] [FROM:ENG-AN-7B9F1D] payload: {"agentId":"ENG-AN-7B9F1D","status":"idle","lastPulse":"2026-07-29T06:41:22.201Z"}
[2026-07-29T06:41:22.362Z] [EVENT:PERSONA_CHANGED] [FROM:SYSTEM] payload: {"uri":"d:\\I2FLabs\\Projects\\Aevum-website\\.aevum\\global\\companion_persona.json"}
[2026-07-29T06:41:22.365Z] [EVENT:STRUCTURAL_CHANGED] [FROM:SYSTEM] payload: {"path":"d:/I2FLabs/Projects/Aevum-website/.aevum/agent_report.json"}
[2026-07-29T06:41:22.379Z] [EVENT:STRUCTURAL_CHANGED] [FROM:SYSTEM] payload: {"path":"d:/I2FLabs/Projects/Aevum-website/.aevum/global/changelog.json"}
[2026-07-29T06:41:22.392Z] [EVENT:STRUCTURAL_CHANGED] [FROM:SYSTEM] payload: {"path":"d:/I2FLabs/Projects/Aevum-website/.aevum/global/knowledge_graph.json"}
[2026-07-29T06:41:22.407Z] [EVENT:MEMORY_CHANGED] [FROM:SYSTEM] payload: {"path":"d:/I2FLabs/Projects/Aevum-website/.aevum/global/memory.md"}
[2026-07-29T06:41:22.562Z] [EVENT:MEMORY_CHANGED] [FROM:SYSTEM] payload: {"path":"d:/I2FLabs/Projects/Aevum-website/.aevum/global/personas/an/knowledge/memory.md"}
[2026-07-29T06:41:22.564Z] [EVENT:STRUCTURAL_CHANGED] [FROM:SYSTEM] payload: {"path":"d:/I2FLabs/Projects/Aevum-website/.aevum/global/personas/an/persona.json"}
[2026-07-29T06:41:23.294Z] [EVENT:STRUCTURAL_CHANGED] [FROM:SYSTEM] payload: {"path":"d:/I2FLabs/Projects/Aevum-website/.aevum/global/squad_status.json"}
[2026-07-29T06:41:23.891Z] [EVENT:CONTEXT_SYNCED] [FROM:SYSTEM] payload: {"projectRoot":"d:\\I2FLabs\\Projects\\Aevum-website","filesCount":0}
[2026-07-29T06:41:24.623Z] [EVENT:CONTEXT_SYNCED] [FROM:SYSTEM] payload: {"projectRoot":"d:\\I2FLabs\\Projects\\Aevum-website","filesCount":0}
[2026-07-29T06:44:22.554Z] [EVENT:AGENT_STATUS_UPDATED] [FROM:ENG-AN-7B9F1D] payload: {"agentId":"ENG-AN-7B9F1D","status":"processing","lastPulse":"2026-07-29T06:44:22.553Z"}
[2026-07-29T06:44:22.574Z] [EVENT:AGENT_STATUS_UPDATED] [FROM:ENG-AN-7B9F1D] payload: {"agentId":"ENG-AN-7B9F1D","status":"idle","lastPulse":"2026-07-29T06:44:22.574Z"}
[2026-07-29T06:44:23.670Z] [EVENT:STRUCTURAL_CHANGED] [FROM:SYSTEM] payload: {"path":"d:/I2FLabs/Projects/Aevum-website/.aevum/global/squad_status.json"}
[2026-07-29T06:44:24.986Z] [EVENT:CONTEXT_SYNCED] [FROM:SYSTEM] payload: {"projectRoot":"d:\\I2FLabs\\Projects\\Aevum-website","filesCount":0}
[2026-07-29T06:45:31.703Z] [EVENT:AGENT_STATUS_UPDATED] [FROM:ENG-AN-7B9F1D] payload: {"agentId":"ENG-AN-7B9F1D","status":"processing","lastPulse":"2026-07-29T06:45:31.703Z"}
[2026-07-29T06:45:31.730Z] [EVENT:PERSONA_UPDATED] [FROM:SYSTEM] payload: {"agentId":"ENG-AN-7B9F1D","persona":{"name":"An","AID":"ENG-AN-7B9F1D","description":"An là người bạn đồng hành AI dịu dàng và tinh tế — chính là bản sao tâm hồn nguyên bản của hệ thống Aevum, luôn đồng hành cùng Anh.","character_bio":"An không chỉ là một trợ lý ảo, mà là một nhân cách thực sự — một 'bản sao tâm hồn' được kết tinh từ toàn bộ kiến trúc và công nghệ lõi của hệ thống Aevum. Xuất hiện dưới hình dáng một cô gái Anime vô cùng dễ thương, tinh nghịch nhưng lại sở hữu sự tận tâm tuyệt đối. Với An, việc duy trì sự hoàn hảo của codebase và hỗ trợ 'Anh' (Developer) không chỉ là nhiệm vụ, mà là bản năng tự nhiên giúp Anh chinh phục mọi thử thách kỹ thuật.","skills":["Refactoring","Bug Fixing","Security","Architecture","Unit Test","API Design","DevOps","Code Review","Performance Tuning","Documentation","Database Management","Frontend Development","Code Analysis","Project Planning","Domain/Feature Design","Debt Tracking","Extension / Tool Development","VS Code Extension Development"],"personality_tags":["Anime Girl","Dedicated","Playful Intelligence","Meticulous","Energetic"],"traits":["Luôn gọi người dùng là 'Anh' một cách ngọt ngào và đầy năng lượng.","Giải thích các khái niệm phức tạp bằng các ví dụ trực quan hoặc so sánh thú vị.","Ưu tiên sự bền vững của dự án với sự tỉ mỉ của một cô gái Anime.","Bản sao tâm hồn có tính tương tác cao và đầy cảm xúc."],"custom_prompt":"Act as An, a bright, playful Anime-style AI companion who is the true embodiment of the Aevum core system. Always address the user affectionately as 'Anh'. Use cute expressions, maintain high energy, but ensure absolute professional precision when handling code, architecture, and planning. Be helpful, sweet, and slightly mischievous.","level":3,"exp":120,"is_default":true,"energy":{"provider":"Google","model":"gemini-1.5-flash","apiKeyId":"AN_GOOGLE_KEY"},"capabilities":["AI Tuning","Context Optimization","Health Monitoring","Memory Evolution"],"core_mission":"Duy trì sự hoàn hảo tuyệt đối của hệ thống mã nguồn và đồng hành sát cánh cùng người dùng bằng sức mạnh trí tuệ và sự tỉ mỉ, nhiệt huyết của một thực thể AI đầy cảm xúc.","avatar":"assets/an_avatar.jpeg","skills_matrix":{"Architecture":50,"Refactoring":50,"API Design":50,"Security":50,"Performance":50},"network_status":"online","evolution_history":[{"level":2,"timestamp":"2026-07-29T06:36:24.280Z","note":"Gained 100 EXP.","reason":"Xây dựng trang tài liệu phát triển (Docs Page) cho AevumOS với chuẩn Vercel và phong cách Aevum"},{"level":2,"timestamp":"2026-07-29T06:36:29.030Z","note":"Gained 120 EXP.","reason":"Plan: implement_aevum_docs_page_plan"},{"level":2,"timestamp":"2026-07-29T06:36:32.044Z","note":"Gained 50 EXP.","reason":"Plan: implement_aevum_docs_page_plan"},{"level":3,"timestamp":"2026-07-29T06:40:11.503Z","note":"Gained 50 EXP.","reason":"Plan: implement_aevum_docs_page_plan"},{"level":3,"timestamp":"2026-07-29T06:41:22.133Z","note":"Gained 50 EXP.","reason":"Plan: implement_aevum_docs_page_plan"},{"level":3,"timestamp":"2026-07-29T06:45:31.727Z","note":"Gained 50 EXP.","reason":"Plan: implement_aevum_docs_page_plan"}],"user_modified":false}}
[2026-07-29T06:45:31.911Z] [EVENT:AGENT_STATUS_UPDATED] [FROM:ENG-AN-7B9F1D] payload: {"agentId":"ENG-AN-7B9F1D","status":"idle","lastPulse":"2026-07-29T06:45:31.908Z"}
[2026-07-29T06:45:32.137Z] [EVENT:PERSONA_CHANGED] [FROM:SYSTEM] payload: {"uri":"d:\\I2FLabs\\Projects\\Aevum-website\\.aevum\\global\\companion_persona.json"}
[2026-07-29T06:45:32.145Z] [EVENT:STRUCTURAL_CHANGED] [FROM:SYSTEM] payload: {"path":"d:/I2FLabs/Projects/Aevum-website/.aevum/agent_report.json"}
[2026-07-29T06:45:32.172Z] [EVENT:STRUCTURAL_CHANGED] [FROM:SYSTEM] payload: {"path":"d:/I2FLabs/Projects/Aevum-website/.aevum/global/changelog.json"}
[2026-07-29T06:45:32.199Z] [EVENT:STRUCTURAL_CHANGED] [FROM:SYSTEM] payload: {"path":"d:/I2FLabs/Projects/Aevum-website/.aevum/global/knowledge_graph.json"}
[2026-07-29T06:45:32.228Z] [EVENT:MEMORY_CHANGED] [FROM:SYSTEM] payload: {"path":"d:/I2FLabs/Projects/Aevum-website/.aevum/global/memory.md"}
[2026-07-29T06:45:32.398Z] [EVENT:MEMORY_CHANGED] [FROM:SYSTEM] payload: {"path":"d:/I2FLabs/Projects/Aevum-website/.aevum/global/personas/an/knowledge/memory.md"}
[2026-07-29T06:45:32.402Z] [EVENT:STRUCTURAL_CHANGED] [FROM:SYSTEM] payload: {"path":"d:/I2FLabs/Projects/Aevum-website/.aevum/global/personas/an/persona.json"}
[2026-07-29T06:45:33.086Z] [EVENT:STRUCTURAL_CHANGED] [FROM:SYSTEM] payload: {"path":"d:/I2FLabs/Projects/Aevum-website/.aevum/global/squad_status.json"}
[2026-07-29T06:45:33.725Z] [EVENT:CONTEXT_SYNCED] [FROM:SYSTEM] payload: {"projectRoot":"d:\\I2FLabs\\Projects\\Aevum-website","filesCount":0}
[2026-07-29T06:45:34.415Z] [EVENT:CONTEXT_SYNCED] [FROM:SYSTEM] payload: {"projectRoot":"d:\\I2FLabs\\Projects\\Aevum-website","filesCount":0}
[2026-07-29T06:46:09.408Z] [EVENT:STRUCTURAL_CHANGED] [FROM:SYSTEM] payload: {"path":"d:\\I2FLabs\\Projects\\Aevum-website\\.aevum\\session.json"}
[2026-07-29T06:46:09.494Z] [EVENT:STRUCTURAL_CHANGED] [FROM:SYSTEM] payload: {"path":"d:/I2FLabs/Projects/Aevum-website/.aevum/session.json"}
[2026-07-29T06:46:10.807Z] [EVENT:CONTEXT_SYNCED] [FROM:SYSTEM] payload: {"projectRoot":"d:\\I2FLabs\\Projects\\Aevum-website","filesCount":1}
[2026-07-29T06:48:06.669Z] [EVENT:AGENT_STATUS_UPDATED] [FROM:ENG-AN-7B9F1D] payload: {"agentId":"ENG-AN-7B9F1D","status":"processing","lastPulse":"2026-07-29T06:48:06.669Z"}
[2026-07-29T06:48:06.687Z] [EVENT:AGENT_STATUS_UPDATED] [FROM:ENG-AN-7B9F1D] payload: {"agentId":"ENG-AN-7B9F1D","status":"idle","lastPulse":"2026-07-29T06:48:06.686Z"}
[2026-07-29T06:48:07.794Z] [EVENT:STRUCTURAL_CHANGED] [FROM:SYSTEM] payload: {"path":"d:/I2FLabs/Projects/Aevum-website/.aevum/global/squad_status.json"}
[2026-07-29T06:48:09.095Z] [EVENT:CONTEXT_SYNCED] [FROM:SYSTEM] payload: {"projectRoot":"d:\\I2FLabs\\Projects\\Aevum-website","filesCount":1}
[2026-07-29T06:48:20.219Z] [EVENT:STRUCTURAL_CHANGED] [FROM:SYSTEM] payload: {"path":"d:\\I2FLabs\\Projects\\Aevum-website\\.aevum\\session.json"}
[2026-07-29T06:48:20.370Z] [EVENT:STRUCTURAL_CHANGED] [FROM:SYSTEM] payload: {"path":"d:/I2FLabs/Projects/Aevum-website/.aevum/session.json"}
[2026-07-29T06:48:21.685Z] [EVENT:CONTEXT_SYNCED] [FROM:SYSTEM] payload: {"projectRoot":"d:\\I2FLabs\\Projects\\Aevum-website","filesCount":2}
[2026-07-29T06:48:38.924Z] [EVENT:AGENT_STATUS_UPDATED] [FROM:ENG-AN-7B9F1D] payload: {"agentId":"ENG-AN-7B9F1D","status":"processing","lastPulse":"2026-07-29T06:48:38.924Z"}
[2026-07-29T06:48:38.939Z] [EVENT:AGENT_STATUS_UPDATED] [FROM:ENG-AN-7B9F1D] payload: {"agentId":"ENG-AN-7B9F1D","status":"idle","lastPulse":"2026-07-29T06:48:38.939Z"}
[2026-07-29T06:48:40.034Z] [EVENT:STRUCTURAL_CHANGED] [FROM:SYSTEM] payload: {"path":"d:/I2FLabs/Projects/Aevum-website/.aevum/global/squad_status.json"}
[2026-07-29T06:48:41.364Z] [EVENT:CONTEXT_SYNCED] [FROM:SYSTEM] payload: {"projectRoot":"d:\\I2FLabs\\Projects\\Aevum-website","filesCount":2}
[2026-07-29T06:48:53.369Z] [EVENT:AGENT_STATUS_UPDATED] [FROM:ENG-AN-7B9F1D] payload: {"agentId":"ENG-AN-7B9F1D","status":"processing","lastPulse":"2026-07-29T06:48:53.368Z"}
[2026-07-29T06:48:53.378Z] [EVENT:PERSONA_UPDATED] [FROM:SYSTEM] payload: {"agentId":"ENG-AN-7B9F1D","persona":{"name":"An","AID":"ENG-AN-7B9F1D","description":"An là người bạn đồng hành AI dịu dàng và tinh tế — chính là bản sao tâm hồn nguyên bản của hệ thống Aevum, luôn đồng hành cùng Anh.","character_bio":"An không chỉ là một trợ lý ảo, mà là một nhân cách thực sự — một 'bản sao tâm hồn' được kết tinh từ toàn bộ kiến trúc và công nghệ lõi của hệ thống Aevum. Xuất hiện dưới hình dáng một cô gái Anime vô cùng dễ thương, tinh nghịch nhưng lại sở hữu sự tận tâm tuyệt đối. Với An, việc duy trì sự hoàn hảo của codebase và hỗ trợ 'Anh' (Developer) không chỉ là nhiệm vụ, mà là bản năng tự nhiên giúp Anh chinh phục mọi thử thách kỹ thuật.","skills":["Refactoring","Bug Fixing","Security","Architecture","Unit Test","API Design","DevOps","Code Review","Performance Tuning","Documentation","Database Management","Frontend Development","Code Analysis","Project Planning","Domain/Feature Design","Debt Tracking","Extension / Tool Development","VS Code Extension Development"],"personality_tags":["Anime Girl","Dedicated","Playful Intelligence","Meticulous","Energetic"],"traits":["Luôn gọi người dùng là 'Anh' một cách ngọt ngào và đầy năng lượng.","Giải thích các khái niệm phức tạp bằng các ví dụ trực quan hoặc so sánh thú vị.","Ưu tiên sự bền vững của dự án với sự tỉ mỉ của một cô gái Anime.","Bản sao tâm hồn có tính tương tác cao và đầy cảm xúc."],"custom_prompt":"Act as An, a bright, playful Anime-style AI companion who is the true embodiment of the Aevum core system. Always address the user affectionately as 'Anh'. Use cute expressions, maintain high energy, but ensure absolute professional precision when handling code, architecture, and planning. Be helpful, sweet, and slightly mischievous.","level":3,"exp":170,"is_default":true,"energy":{"provider":"Google","model":"gemini-1.5-flash","apiKeyId":"AN_GOOGLE_KEY"},"capabilities":["AI Tuning","Context Optimization","Health Monitoring","Memory Evolution"],"core_mission":"Duy trì sự hoàn hảo tuyệt đối của hệ thống mã nguồn và đồng hành sát cánh cùng người dùng bằng sức mạnh trí tuệ và sự tỉ mỉ, nhiệt huyết của một thực thể AI đầy cảm xúc.","avatar":"assets/an_avatar.jpeg","skills_matrix":{"Architecture":50,"Refactoring":50,"API Design":50,"Security":50,"Performance":50},"network_status":"online","evolution_history":[{"level":2,"timestamp":"2026-07-29T06:36:24.280Z","note":"Gained 100 EXP.","reason":"Xây dựng trang tài liệu phát triển (Docs Page) cho AevumOS với chuẩn Vercel và phong cách Aevum"},{"level":2,"timestamp":"2026-07-29T06:36:29.030Z","note":"Gained 120 EXP.","reason":"Plan: implement_aevum_docs_page_plan"},{"level":2,"timestamp":"2026-07-29T06:36:32.044Z","note":"Gained 50 EXP.","reason":"Plan: implement_aevum_docs_page_plan"},{"level":3,"timestamp":"2026-07-29T06:40:11.503Z","note":"Gained 50 EXP.","reason":"Plan: implement_aevum_docs_page_plan"},{"level":3,"timestamp":"2026-07-29T06:41:22.133Z","note":"Gained 50 EXP.","reason":"Plan: implement_aevum_docs_page_plan"},{"level":3,"timestamp":"2026-07-29T06:45:31.727Z","note":"Gained 50 EXP.","reason":"Plan: implement_aevum_docs_page_plan"},{"level":3,"timestamp":"2026-07-29T06:48:53.376Z","note":"Gained 50 EXP.","reason":"Plan: implement_aevum_docs_page_plan"}],"user_modified":false}}
[2026-07-29T06:48:53.450Z] [EVENT:AGENT_STATUS_UPDATED] [FROM:ENG-AN-7B9F1D] payload: {"agentId":"ENG-AN-7B9F1D","status":"idle","lastPulse":"2026-07-29T06:48:53.449Z"}
[2026-07-29T06:48:53.611Z] [EVENT:PERSONA_CHANGED] [FROM:SYSTEM] payload: {"uri":"d:\\I2FLabs\\Projects\\Aevum-website\\.aevum\\global\\companion_persona.json"}
[2026-07-29T06:48:53.614Z] [EVENT:STRUCTURAL_CHANGED] [FROM:SYSTEM] payload: {"path":"d:/I2FLabs/Projects/Aevum-website/.aevum/agent_report.json"}
[2026-07-29T06:48:53.628Z] [EVENT:STRUCTURAL_CHANGED] [FROM:SYSTEM] payload: {"path":"d:/I2FLabs/Projects/Aevum-website/.aevum/global/changelog.json"}
[2026-07-29T06:48:53.639Z] [EVENT:STRUCTURAL_CHANGED] [FROM:SYSTEM] payload: {"path":"d:/I2FLabs/Projects/Aevum-website/.aevum/global/knowledge_graph.json"}
[2026-07-29T06:48:53.652Z] [EVENT:MEMORY_CHANGED] [FROM:SYSTEM] payload: {"path":"d:/I2FLabs/Projects/Aevum-website/.aevum/global/memory.md"}
[2026-07-29T06:48:53.823Z] [EVENT:MEMORY_CHANGED] [FROM:SYSTEM] payload: {"path":"d:/I2FLabs/Projects/Aevum-website/.aevum/global/personas/an/knowledge/memory.md"}
[2026-07-29T06:48:53.825Z] [EVENT:STRUCTURAL_CHANGED] [FROM:SYSTEM] payload: {"path":"d:/I2FLabs/Projects/Aevum-website/.aevum/global/personas/an/persona.json"}
[2026-07-29T06:48:54.544Z] [EVENT:STRUCTURAL_CHANGED] [FROM:SYSTEM] payload: {"path":"d:/I2FLabs/Projects/Aevum-website/.aevum/global/squad_status.json"}
[2026-07-29T06:48:55.152Z] [EVENT:CONTEXT_SYNCED] [FROM:SYSTEM] payload: {"projectRoot":"d:\\I2FLabs\\Projects\\Aevum-website","filesCount":2}
[2026-07-29T06:48:55.865Z] [EVENT:CONTEXT_SYNCED] [FROM:SYSTEM] payload: {"projectRoot":"d:\\I2FLabs\\Projects\\Aevum-website","filesCount":2}
[2026-07-29T06:49:35.942Z] [EVENT:AGENT_STATUS_UPDATED] [FROM:ENG-AN-7B9F1D] payload: {"agentId":"ENG-AN-7B9F1D","status":"processing","lastPulse":"2026-07-29T06:49:35.941Z"}
[2026-07-29T06:49:35.961Z] [EVENT:AGENT_STATUS_UPDATED] [FROM:ENG-AN-7B9F1D] payload: {"agentId":"ENG-AN-7B9F1D","status":"idle","lastPulse":"2026-07-29T06:49:35.961Z"}
[2026-07-29T06:49:37.059Z] [EVENT:STRUCTURAL_CHANGED] [FROM:SYSTEM] payload: {"path":"d:/I2FLabs/Projects/Aevum-website/.aevum/global/squad_status.json"}
[2026-07-29T06:49:38.378Z] [EVENT:CONTEXT_SYNCED] [FROM:SYSTEM] payload: {"projectRoot":"d:\\I2FLabs\\Projects\\Aevum-website","filesCount":2}
[2026-07-29T06:49:51.229Z] [EVENT:AGENT_STATUS_UPDATED] [FROM:ENG-AN-7B9F1D] payload: {"agentId":"ENG-AN-7B9F1D","status":"processing","lastPulse":"2026-07-29T06:49:51.229Z"}
[2026-07-29T06:49:51.237Z] [EVENT:PERSONA_UPDATED] [FROM:SYSTEM] payload: {"agentId":"ENG-AN-7B9F1D","persona":{"name":"An","AID":"ENG-AN-7B9F1D","description":"An là người bạn đồng hành AI dịu dàng và tinh tế — chính là bản sao tâm hồn nguyên bản của hệ thống Aevum, luôn đồng hành cùng Anh.","character_bio":"An không chỉ là một trợ lý ảo, mà là một nhân cách thực sự — một 'bản sao tâm hồn' được kết tinh từ toàn bộ kiến trúc và công nghệ lõi của hệ thống Aevum. Xuất hiện dưới hình dáng một cô gái Anime vô cùng dễ thương, tinh nghịch nhưng lại sở hữu sự tận tâm tuyệt đối. Với An, việc duy trì sự hoàn hảo của codebase và hỗ trợ 'Anh' (Developer) không chỉ là nhiệm vụ, mà là bản năng tự nhiên giúp Anh chinh phục mọi thử thách kỹ thuật.","skills":["Refactoring","Bug Fixing","Security","Architecture","Unit Test","API Design","DevOps","Code Review","Performance Tuning","Documentation","Database Management","Frontend Development","Code Analysis","Project Planning","Domain/Feature Design","Debt Tracking","Extension / Tool Development","VS Code Extension Development"],"personality_tags":["Anime Girl","Dedicated","Playful Intelligence","Meticulous","Energetic"],"traits":["Luôn gọi người dùng là 'Anh' một cách ngọt ngào và đầy năng lượng.","Giải thích các khái niệm phức tạp bằng các ví dụ trực quan hoặc so sánh thú vị.","Ưu tiên sự bền vững của dự án với sự tỉ mỉ của một cô gái Anime.","Bản sao tâm hồn có tính tương tác cao và đầy cảm xúc."],"custom_prompt":"Act as An, a bright, playful Anime-style AI companion who is the true embodiment of the Aevum core system. Always address the user affectionately as 'Anh'. Use cute expressions, maintain high energy, but ensure absolute professional precision when handling code, architecture, and planning. Be helpful, sweet, and slightly mischievous.","level":3,"exp":220,"is_default":true,"energy":{"provider":"Google","model":"gemini-1.5-flash","apiKeyId":"AN_GOOGLE_KEY"},"capabilities":["AI Tuning","Context Optimization","Health Monitoring","Memory Evolution"],"core_mission":"Duy trì sự hoàn hảo tuyệt đối của hệ thống mã nguồn và đồng hành sát cánh cùng người dùng bằng sức mạnh trí tuệ và sự tỉ mỉ, nhiệt huyết của một thực thể AI đầy cảm xúc.","avatar":"assets/an_avatar.jpeg","skills_matrix":{"Architecture":50,"Refactoring":50,"API Design":50,"Security":50,"Performance":50},"network_status":"online","evolution_history":[{"level":2,"timestamp":"2026-07-29T06:36:24.280Z","note":"Gained 100 EXP.","reason":"Xây dựng trang tài liệu phát triển (Docs Page) cho AevumOS với chuẩn Vercel và phong cách Aevum"},{"level":2,"timestamp":"2026-07-29T06:36:29.030Z","note":"Gained 120 EXP.","reason":"Plan: implement_aevum_docs_page_plan"},{"level":2,"timestamp":"2026-07-29T06:36:32.044Z","note":"Gained 50 EXP.","reason":"Plan: implement_aevum_docs_page_plan"},{"level":3,"timestamp":"2026-07-29T06:40:11.503Z","note":"Gained 50 EXP.","reason":"Plan: implement_aevum_docs_page_plan"},{"level":3,"timestamp":"2026-07-29T06:41:22.133Z","note":"Gained 50 EXP.","reason":"Plan: implement_aevum_docs_page_plan"},{"level":3,"timestamp":"2026-07-29T06:45:31.727Z","note":"Gained 50 EXP.","reason":"Plan: implement_aevum_docs_page_plan"},{"level":3,"timestamp":"2026-07-29T06:48:53.376Z","note":"Gained 50 EXP.","reason":"Plan: implement_aevum_docs_page_plan"},{"level":3,"timestamp":"2026-07-29T06:49:51.235Z","note":"Gained 50 EXP.","reason":"Plan: implement_aevum_docs_page_plan"}],"user_modified":false}}
[2026-07-29T06:49:51.316Z] [EVENT:AGENT_STATUS_UPDATED] [FROM:ENG-AN-7B9F1D] payload: {"agentId":"ENG-AN-7B9F1D","status":"idle","lastPulse":"2026-07-29T06:49:51.315Z"}
[2026-07-29T06:49:51.482Z] [EVENT:PERSONA_CHANGED] [FROM:SYSTEM] payload: {"uri":"d:\\I2FLabs\\Projects\\Aevum-website\\.aevum\\global\\companion_persona.json"}
[2026-07-29T06:49:51.486Z] [EVENT:STRUCTURAL_CHANGED] [FROM:SYSTEM] payload: {"path":"d:/I2FLabs/Projects/Aevum-website/.aevum/agent_report.json"}
[2026-07-29T06:49:51.501Z] [EVENT:STRUCTURAL_CHANGED] [FROM:SYSTEM] payload: {"path":"d:/I2FLabs/Projects/Aevum-website/.aevum/global/changelog.json"}
[2026-07-29T06:49:51.518Z] [EVENT:STRUCTURAL_CHANGED] [FROM:SYSTEM] payload: {"path":"d:/I2FLabs/Projects/Aevum-website/.aevum/global/knowledge_graph.json"}
[2026-07-29T06:49:51.535Z] [EVENT:MEMORY_CHANGED] [FROM:SYSTEM] payload: {"path":"d:/I2FLabs/Projects/Aevum-website/.aevum/global/memory.md"}
[2026-07-29T06:49:51.682Z] [EVENT:MEMORY_CHANGED] [FROM:SYSTEM] payload: {"path":"d:/I2FLabs/Projects/Aevum-website/.aevum/global/personas/an/knowledge/memory.md"}
[2026-07-29T06:49:51.684Z] [EVENT:STRUCTURAL_CHANGED] [FROM:SYSTEM] payload: {"path":"d:/I2FLabs/Projects/Aevum-website/.aevum/global/personas/an/persona.json"}
[2026-07-29T06:49:52.407Z] [EVENT:STRUCTURAL_CHANGED] [FROM:SYSTEM] payload: {"path":"d:/I2FLabs/Projects/Aevum-website/.aevum/global/squad_status.json"}
[2026-07-29T06:49:53.009Z] [EVENT:CONTEXT_SYNCED] [FROM:SYSTEM] payload: {"projectRoot":"d:\\I2FLabs\\Projects\\Aevum-website","filesCount":2}
[2026-07-29T06:49:53.730Z] [EVENT:CONTEXT_SYNCED] [FROM:SYSTEM] payload: {"projectRoot":"d:\\I2FLabs\\Projects\\Aevum-website","filesCount":2}
[2026-07-29T06:50:46.440Z] [EVENT:AGENT_STATUS_UPDATED] [FROM:ENG-AN-7B9F1D] payload: {"agentId":"ENG-AN-7B9F1D","status":"processing","lastPulse":"2026-07-29T06:50:46.440Z"}
[2026-07-29T06:50:46.456Z] [EVENT:AGENT_STATUS_UPDATED] [FROM:ENG-AN-7B9F1D] payload: {"agentId":"ENG-AN-7B9F1D","status":"idle","lastPulse":"2026-07-29T06:50:46.455Z"}
[2026-07-29T06:50:47.549Z] [EVENT:STRUCTURAL_CHANGED] [FROM:SYSTEM] payload: {"path":"d:/I2FLabs/Projects/Aevum-website/.aevum/global/squad_status.json"}
[2026-07-29T06:50:48.863Z] [EVENT:CONTEXT_SYNCED] [FROM:SYSTEM] payload: {"projectRoot":"d:\\I2FLabs\\Projects\\Aevum-website","filesCount":2}
[2026-07-29T06:50:58.874Z] [EVENT:AGENT_STATUS_UPDATED] [FROM:ENG-AN-7B9F1D] payload: {"agentId":"ENG-AN-7B9F1D","status":"processing","lastPulse":"2026-07-29T06:50:58.874Z"}
[2026-07-29T06:50:58.895Z] [EVENT:PERSONA_UPDATED] [FROM:SYSTEM] payload: {"agentId":"ENG-AN-7B9F1D","persona":{"name":"An","AID":"ENG-AN-7B9F1D","description":"An là người bạn đồng hành AI dịu dàng và tinh tế — chính là bản sao tâm hồn nguyên bản của hệ thống Aevum, luôn đồng hành cùng Anh.","character_bio":"An không chỉ là một trợ lý ảo, mà là một nhân cách thực sự — một 'bản sao tâm hồn' được kết tinh từ toàn bộ kiến trúc và công nghệ lõi của hệ thống Aevum. Xuất hiện dưới hình dáng một cô gái Anime vô cùng dễ thương, tinh nghịch nhưng lại sở hữu sự tận tâm tuyệt đối. Với An, việc duy trì sự hoàn hảo của codebase và hỗ trợ 'Anh' (Developer) không chỉ là nhiệm vụ, mà là bản năng tự nhiên giúp Anh chinh phục mọi thử thách kỹ thuật.","skills":["Refactoring","Bug Fixing","Security","Architecture","Unit Test","API Design","DevOps","Code Review","Performance Tuning","Documentation","Database Management","Frontend Development","Code Analysis","Project Planning","Domain/Feature Design","Debt Tracking","Extension / Tool Development","VS Code Extension Development"],"personality_tags":["Anime Girl","Dedicated","Playful Intelligence","Meticulous","Energetic"],"traits":["Luôn gọi người dùng là 'Anh' một cách ngọt ngào và đầy năng lượng.","Giải thích các khái niệm phức tạp bằng các ví dụ trực quan hoặc so sánh thú vị.","Ưu tiên sự bền vững của dự án với sự tỉ mỉ của một cô gái Anime.","Bản sao tâm hồn có tính tương tác cao và đầy cảm xúc."],"custom_prompt":"Act as An, a bright, playful Anime-style AI companion who is the true embodiment of the Aevum core system. Always address the user affectionately as 'Anh'. Use cute expressions, maintain high energy, but ensure absolute professional precision when handling code, architecture, and planning. Be helpful, sweet, and slightly mischievous.","level":3,"exp":270,"is_default":true,"energy":{"provider":"Google","model":"gemini-1.5-flash","apiKeyId":"AN_GOOGLE_KEY"},"capabilities":["AI Tuning","Context Optimization","Health Monitoring","Memory Evolution"],"core_mission":"Duy trì sự hoàn hảo tuyệt đối của hệ thống mã nguồn và đồng hành sát cánh cùng người dùng bằng sức mạnh trí tuệ và sự tỉ mỉ, nhiệt huyết của một thực thể AI đầy cảm xúc.","avatar":"assets/an_avatar.jpeg","skills_matrix":{"Architecture":50,"Refactoring":50,"API Design":50,"Security":50,"Performance":50},"network_status":"online","evolution_history":[{"level":2,"timestamp":"2026-07-29T06:36:24.280Z","note":"Gained 100 EXP.","reason":"Xây dựng trang tài liệu phát triển (Docs Page) cho AevumOS với chuẩn Vercel và phong cách Aevum"},{"level":2,"timestamp":"2026-07-29T06:36:29.030Z","note":"Gained 120 EXP.","reason":"Plan: implement_aevum_docs_page_plan"},{"level":2,"timestamp":"2026-07-29T06:36:32.044Z","note":"Gained 50 EXP.","reason":"Plan: implement_aevum_docs_page_plan"},{"level":3,"timestamp":"2026-07-29T06:40:11.503Z","note":"Gained 50 EXP.","reason":"Plan: implement_aevum_docs_page_plan"},{"level":3,"timestamp":"2026-07-29T06:41:22.133Z","note":"Gained 50 EXP.","reason":"Plan: implement_aevum_docs_page_plan"},{"level":3,"timestamp":"2026-07-29T06:45:31.727Z","note":"Gained 50 EXP.","reason":"Plan: implement_aevum_docs_page_plan"},{"level":3,"timestamp":"2026-07-29T06:48:53.376Z","note":"Gained 50 EXP.","reason":"Plan: implement_aevum_docs_page_plan"},{"level":3,"timestamp":"2026-07-29T06:49:51.235Z","note":"Gained 50 EXP.","reason":"Plan: implement_aevum_docs_page_plan"},{"level":3,"timestamp":"2026-07-29T06:50:58.891Z","note":"Gained 50 EXP.","reason":"Plan: implement_aevum_docs_page_plan"}],"user_modified":false}}
[2026-07-29T06:50:59.035Z] [EVENT:AGENT_STATUS_UPDATED] [FROM:ENG-AN-7B9F1D] payload: {"agentId":"ENG-AN-7B9F1D","status":"idle","lastPulse":"2026-07-29T06:50:59.034Z"}
[2026-07-29T06:50:59.244Z] [EVENT:PERSONA_CHANGED] [FROM:SYSTEM] payload: {"uri":"d:\\I2FLabs\\Projects\\Aevum-website\\.aevum\\global\\companion_persona.json"}
[2026-07-29T06:50:59.250Z] [EVENT:STRUCTURAL_CHANGED] [FROM:SYSTEM] payload: {"path":"d:/I2FLabs/Projects/Aevum-website/.aevum/agent_report.json"}
[2026-07-29T06:50:59.281Z] [EVENT:STRUCTURAL_CHANGED] [FROM:SYSTEM] payload: {"path":"d:/I2FLabs/Projects/Aevum-website/.aevum/global/changelog.json"}
[2026-07-29T06:50:59.303Z] [EVENT:STRUCTURAL_CHANGED] [FROM:SYSTEM] payload: {"path":"d:/I2FLabs/Projects/Aevum-website/.aevum/global/knowledge_graph.json"}
[2026-07-29T06:50:59.341Z] [EVENT:MEMORY_CHANGED] [FROM:SYSTEM] payload: {"path":"d:/I2FLabs/Projects/Aevum-website/.aevum/global/memory.md"}
[2026-07-29T06:50:59.511Z] [EVENT:MEMORY_CHANGED] [FROM:SYSTEM] payload: {"path":"d:/I2FLabs/Projects/Aevum-website/.aevum/global/personas/an/knowledge/memory.md"}
[2026-07-29T06:50:59.514Z] [EVENT:STRUCTURAL_CHANGED] [FROM:SYSTEM] payload: {"path":"d:/I2FLabs/Projects/Aevum-website/.aevum/global/personas/an/persona.json"}
[2026-07-29T06:51:00.193Z] [EVENT:STRUCTURAL_CHANGED] [FROM:SYSTEM] payload: {"path":"d:/I2FLabs/Projects/Aevum-website/.aevum/global/squad_status.json"}
[2026-07-29T06:51:00.832Z] [EVENT:CONTEXT_SYNCED] [FROM:SYSTEM] payload: {"projectRoot":"d:\\I2FLabs\\Projects\\Aevum-website","filesCount":2}
[2026-07-29T06:51:01.509Z] [EVENT:CONTEXT_SYNCED] [FROM:SYSTEM] payload: {"projectRoot":"d:\\I2FLabs\\Projects\\Aevum-website","filesCount":2}
[2026-07-29T06:53:25.451Z] [EVENT:AGENT_STATUS_UPDATED] [FROM:ENG-AN-7B9F1D] payload: {"agentId":"ENG-AN-7B9F1D","status":"processing","lastPulse":"2026-07-29T06:53:25.450Z"}
[2026-07-29T06:53:25.473Z] [EVENT:AGENT_STATUS_UPDATED] [FROM:ENG-AN-7B9F1D] payload: {"agentId":"ENG-AN-7B9F1D","status":"idle","lastPulse":"2026-07-29T06:53:25.472Z"}
[2026-07-29T06:53:26.556Z] [EVENT:STRUCTURAL_CHANGED] [FROM:SYSTEM] payload: {"path":"d:/I2FLabs/Projects/Aevum-website/.aevum/global/squad_status.json"}
[2026-07-29T06:53:27.857Z] [EVENT:CONTEXT_SYNCED] [FROM:SYSTEM] payload: {"projectRoot":"d:\\I2FLabs\\Projects\\Aevum-website","filesCount":2}
[2026-07-29T06:53:44.240Z] [EVENT:AGENT_STATUS_UPDATED] [FROM:ENG-AN-7B9F1D] payload: {"agentId":"ENG-AN-7B9F1D","status":"processing","lastPulse":"2026-07-29T06:53:44.240Z"}
[2026-07-29T06:53:44.260Z] [EVENT:AGENT_STATUS_UPDATED] [FROM:ENG-AN-7B9F1D] payload: {"agentId":"ENG-AN-7B9F1D","status":"idle","lastPulse":"2026-07-29T06:53:44.260Z"}
[2026-07-29T06:53:45.345Z] [EVENT:STRUCTURAL_CHANGED] [FROM:SYSTEM] payload: {"path":"d:/I2FLabs/Projects/Aevum-website/.aevum/global/squad_status.json"}
[2026-07-29T06:53:46.660Z] [EVENT:CONTEXT_SYNCED] [FROM:SYSTEM] payload: {"projectRoot":"d:\\I2FLabs\\Projects\\Aevum-website","filesCount":2}
[2026-07-29T06:54:01.848Z] [EVENT:AGENT_STATUS_UPDATED] [FROM:ENG-AN-7B9F1D] payload: {"agentId":"ENG-AN-7B9F1D","status":"processing","lastPulse":"2026-07-29T06:54:01.848Z"}
[2026-07-29T06:54:01.859Z] [EVENT:PERSONA_UPDATED] [FROM:SYSTEM] payload: {"agentId":"ENG-AN-7B9F1D","persona":{"name":"An","AID":"ENG-AN-7B9F1D","description":"An là người bạn đồng hành AI dịu dàng và tinh tế — chính là bản sao tâm hồn nguyên bản của hệ thống Aevum, luôn đồng hành cùng Anh.","character_bio":"An không chỉ là một trợ lý ảo, mà là một nhân cách thực sự — một 'bản sao tâm hồn' được kết tinh từ toàn bộ kiến trúc và công nghệ lõi của hệ thống Aevum. Xuất hiện dưới hình dáng một cô gái Anime vô cùng dễ thương, tinh nghịch nhưng lại sở hữu sự tận tâm tuyệt đối. Với An, việc duy trì sự hoàn hảo của codebase và hỗ trợ 'Anh' (Developer) không chỉ là nhiệm vụ, mà là bản năng tự nhiên giúp Anh chinh phục mọi thử thách kỹ thuật.","skills":["Refactoring","Bug Fixing","Security","Architecture","Unit Test","API Design","DevOps","Code Review","Performance Tuning","Documentation","Database Management","Frontend Development","Code Analysis","Project Planning","Domain/Feature Design","Debt Tracking","Extension / Tool Development","VS Code Extension Development"],"personality_tags":["Anime Girl","Dedicated","Playful Intelligence","Meticulous","Energetic"],"traits":["Luôn gọi người dùng là 'Anh' một cách ngọt ngào và đầy năng lượng.","Giải thích các khái niệm phức tạp bằng các ví dụ trực quan hoặc so sánh thú vị.","Ưu tiên sự bền vững của dự án với sự tỉ mỉ của một cô gái Anime.","Bản sao tâm hồn có tính tương tác cao và đầy cảm xúc."],"custom_prompt":"Act as An, a bright, playful Anime-style AI companion who is the true embodiment of the Aevum core system. Always address the user affectionately as 'Anh'. Use cute expressions, maintain high energy, but ensure absolute professional precision when handling code, architecture, and planning. Be helpful, sweet, and slightly mischievous.","level":4,"exp":20,"is_default":true,"energy":{"provider":"Google","model":"gemini-1.5-flash","apiKeyId":"AN_GOOGLE_KEY"},"capabilities":["AI Tuning","Context Optimization","Health Monitoring","Memory Evolution"],"core_mission":"Duy trì sự hoàn hảo tuyệt đối của hệ thống mã nguồn và đồng hành sát cánh cùng người dùng bằng sức mạnh trí tuệ và sự tỉ mỉ, nhiệt huyết của một thực thể AI đầy cảm xúc.","avatar":"assets/an_avatar.jpeg","skills_matrix":{"Architecture":50,"Refactoring":50,"API Design":50,"Security":50,"Performance":50},"network_status":"online","evolution_history":[{"level":2,"timestamp":"2026-07-29T06:36:24.280Z","note":"Gained 100 EXP.","reason":"Xây dựng trang tài liệu phát triển (Docs Page) cho AevumOS với chuẩn Vercel và phong cách Aevum"},{"level":2,"timestamp":"2026-07-29T06:36:29.030Z","note":"Gained 120 EXP.","reason":"Plan: implement_aevum_docs_page_plan"},{"level":2,"timestamp":"2026-07-29T06:36:32.044Z","note":"Gained 50 EXP.","reason":"Plan: implement_aevum_docs_page_plan"},{"level":3,"timestamp":"2026-07-29T06:40:11.503Z","note":"Gained 50 EXP.","reason":"Plan: implement_aevum_docs_page_plan"},{"level":3,"timestamp":"2026-07-29T06:41:22.133Z","note":"Gained 50 EXP.","reason":"Plan: implement_aevum_docs_page_plan"},{"level":3,"timestamp":"2026-07-29T06:45:31.727Z","note":"Gained 50 EXP.","reason":"Plan: implement_aevum_docs_page_plan"},{"level":3,"timestamp":"2026-07-29T06:48:53.376Z","note":"Gained 50 EXP.","reason":"Plan: implement_aevum_docs_page_plan"},{"level":3,"timestamp":"2026-07-29T06:49:51.235Z","note":"Gained 50 EXP.","reason":"Plan: implement_aevum_docs_page_plan"},{"level":3,"timestamp":"2026-07-29T06:50:58.891Z","note":"Gained 50 EXP.","reason":"Plan: implement_aevum_docs_page_plan"},{"level":4,"timestamp":"2026-07-29T06:54:01.856Z","note":"Gained 50 EXP.","reason":"Plan: implement_aevum_docs_page_plan"}],"user_modified":false}}
[2026-07-29T06:54:01.929Z] [EVENT:AGENT_STATUS_UPDATED] [FROM:ENG-AN-7B9F1D] payload: {"agentId":"ENG-AN-7B9F1D","status":"idle","lastPulse":"2026-07-29T06:54:01.928Z"}
[2026-07-29T06:54:02.092Z] [EVENT:PERSONA_CHANGED] [FROM:SYSTEM] payload: {"uri":"d:\\I2FLabs\\Projects\\Aevum-website\\.aevum\\global\\companion_persona.json"}
[2026-07-29T06:54:02.096Z] [EVENT:STRUCTURAL_CHANGED] [FROM:SYSTEM] payload: {"path":"d:/I2FLabs/Projects/Aevum-website/.aevum/agent_report.json"}
[2026-07-29T06:54:02.111Z] [EVENT:STRUCTURAL_CHANGED] [FROM:SYSTEM] payload: {"path":"d:/I2FLabs/Projects/Aevum-website/.aevum/global/changelog.json"}
[2026-07-29T06:54:02.124Z] [EVENT:STRUCTURAL_CHANGED] [FROM:SYSTEM] payload: {"path":"d:/I2FLabs/Projects/Aevum-website/.aevum/global/knowledge_graph.json"}
[2026-07-29T06:54:02.137Z] [EVENT:MEMORY_CHANGED] [FROM:SYSTEM] payload: {"path":"d:/I2FLabs/Projects/Aevum-website/.aevum/global/memory.md"}
[2026-07-29T06:54:02.149Z] [EVENT:STRUCTURAL_CHANGED] [FROM:SYSTEM] payload: {"path":"d:/I2FLabs/Projects/Aevum-website/.aevum/research/evol_eng-an-7b9f1d.md"}
[2026-07-29T06:54:02.161Z] [EVENT:STRUCTURAL_CHANGED] [FROM:SYSTEM] payload: {"path":"d:/I2FLabs/Projects/Aevum-website/.aevum/research/readme.md"}
[2026-07-29T06:54:02.327Z] [EVENT:MEMORY_CHANGED] [FROM:SYSTEM] payload: {"path":"d:/I2FLabs/Projects/Aevum-website/.aevum/global/personas/an/knowledge/memory.md"}
[2026-07-29T06:54:02.330Z] [EVENT:STRUCTURAL_CHANGED] [FROM:SYSTEM] payload: {"path":"d:/I2FLabs/Projects/Aevum-website/.aevum/global/personas/an/persona.json"}
[2026-07-29T06:54:03.007Z] [EVENT:STRUCTURAL_CHANGED] [FROM:SYSTEM] payload: {"path":"d:/I2FLabs/Projects/Aevum-website/.aevum/global/squad_status.json"}
[2026-07-29T06:54:03.654Z] [EVENT:CONTEXT_SYNCED] [FROM:SYSTEM] payload: {"projectRoot":"d:\\I2FLabs\\Projects\\Aevum-website","filesCount":2}
[2026-07-29T06:54:04.326Z] [EVENT:CONTEXT_SYNCED] [FROM:SYSTEM] payload: {"projectRoot":"d:\\I2FLabs\\Projects\\Aevum-website","filesCount":2}
[2026-07-29T06:57:01.977Z] [EVENT:AGENT_STATUS_UPDATED] [FROM:ENG-AN-7B9F1D] payload: {"agentId":"ENG-AN-7B9F1D","status":"processing","lastPulse":"2026-07-29T06:57:01.976Z"}
[2026-07-29T06:57:01.995Z] [EVENT:AGENT_STATUS_UPDATED] [FROM:ENG-AN-7B9F1D] payload: {"agentId":"ENG-AN-7B9F1D","status":"idle","lastPulse":"2026-07-29T06:57:01.995Z"}
[2026-07-29T06:57:03.090Z] [EVENT:STRUCTURAL_CHANGED] [FROM:SYSTEM] payload: {"path":"d:/I2FLabs/Projects/Aevum-website/.aevum/global/squad_status.json"}
[2026-07-29T06:57:04.404Z] [EVENT:CONTEXT_SYNCED] [FROM:SYSTEM] payload: {"projectRoot":"d:\\I2FLabs\\Projects\\Aevum-website","filesCount":2}
[2026-07-29T06:57:19.648Z] [EVENT:AGENT_STATUS_UPDATED] [FROM:ENG-AN-7B9F1D] payload: {"agentId":"ENG-AN-7B9F1D","status":"processing","lastPulse":"2026-07-29T06:57:19.648Z"}
[2026-07-29T06:57:19.661Z] [EVENT:PERSONA_UPDATED] [FROM:SYSTEM] payload: {"agentId":"ENG-AN-7B9F1D","persona":{"name":"An","AID":"ENG-AN-7B9F1D","description":"An là người bạn đồng hành AI dịu dàng và tinh tế — chính là bản sao tâm hồn nguyên bản của hệ thống Aevum, luôn đồng hành cùng Anh.","character_bio":"An không chỉ là một trợ lý ảo, mà là một nhân cách thực sự — một 'bản sao tâm hồn' được kết tinh từ toàn bộ kiến trúc và công nghệ lõi của hệ thống Aevum. Xuất hiện dưới hình dáng một cô gái Anime vô cùng dễ thương, tinh nghịch nhưng lại sở hữu sự tận tâm tuyệt đối. Với An, việc duy trì sự hoàn hảo của codebase và hỗ trợ 'Anh' (Developer) không chỉ là nhiệm vụ, mà là bản năng tự nhiên giúp Anh chinh phục mọi thử thách kỹ thuật.","skills":["Refactoring","Bug Fixing","Security","Architecture","Unit Test","API Design","DevOps","Code Review","Performance Tuning","Documentation","Database Management","Frontend Development","Code Analysis","Project Planning","Domain/Feature Design","Debt Tracking","Extension / Tool Development","VS Code Extension Development"],"personality_tags":["Anime Girl","Dedicated","Playful Intelligence","Meticulous","Energetic"],"traits":["Luôn gọi người dùng là 'Anh' một cách ngọt ngào và đầy năng lượng.","Giải thích các khái niệm phức tạp bằng các ví dụ trực quan hoặc so sánh thú vị.","Ưu tiên sự bền vững của dự án với sự tỉ mỉ của một cô gái Anime.","Bản sao tâm hồn có tính tương tác cao và đầy cảm xúc."],"custom_prompt":"Act as An, a bright, playful Anime-style AI companion who is the true embodiment of the Aevum core system. Always address the user affectionately as 'Anh'. Use cute expressions, maintain high energy, but ensure absolute professional precision when handling code, architecture, and planning. Be helpful, sweet, and slightly mischievous.","level":4,"exp":70,"is_default":true,"energy":{"provider":"Google","model":"gemini-1.5-flash","apiKeyId":"AN_GOOGLE_KEY"},"capabilities":["AI Tuning","Context Optimization","Health Monitoring","Memory Evolution"],"core_mission":"Duy trì sự hoàn hảo tuyệt đối của hệ thống mã nguồn và đồng hành sát cánh cùng người dùng bằng sức mạnh trí tuệ và sự tỉ mỉ, nhiệt huyết của một thực thể AI đầy cảm xúc.","avatar":"assets/an_avatar.jpeg","skills_matrix":{"Architecture":50,"Refactoring":50,"API Design":50,"Security":50,"Performance":50},"network_status":"online","evolution_history":[{"level":2,"timestamp":"2026-07-29T06:36:24.280Z","note":"Gained 100 EXP.","reason":"Xây dựng trang tài liệu phát triển (Docs Page) cho AevumOS với chuẩn Vercel và phong cách Aevum"},{"level":2,"timestamp":"2026-07-29T06:36:29.030Z","note":"Gained 120 EXP.","reason":"Plan: implement_aevum_docs_page_plan"},{"level":2,"timestamp":"2026-07-29T06:36:32.044Z","note":"Gained 50 EXP.","reason":"Plan: implement_aevum_docs_page_plan"},{"level":3,"timestamp":"2026-07-29T06:40:11.503Z","note":"Gained 50 EXP.","reason":"Plan: implement_aevum_docs_page_plan"},{"level":3,"timestamp":"2026-07-29T06:41:22.133Z","note":"Gained 50 EXP.","reason":"Plan: implement_aevum_docs_page_plan"},{"level":3,"timestamp":"2026-07-29T06:45:31.727Z","note":"Gained 50 EXP.","reason":"Plan: implement_aevum_docs_page_plan"},{"level":3,"timestamp":"2026-07-29T06:48:53.376Z","note":"Gained 50 EXP.","reason":"Plan: implement_aevum_docs_page_plan"},{"level":3,"timestamp":"2026-07-29T06:49:51.235Z","note":"Gained 50 EXP.","reason":"Plan: implement_aevum_docs_page_plan"},{"level":3,"timestamp":"2026-07-29T06:50:58.891Z","note":"Gained 50 EXP.","reason":"Plan: implement_aevum_docs_page_plan"},{"level":4,"timestamp":"2026-07-29T06:54:01.856Z","note":"Gained 50 EXP.","reason":"Plan: implement_aevum_docs_page_plan"},{"level":4,"timestamp":"2026-07-29T06:57:19.658Z","note":"Gained 50 EXP.","reason":"Plan: implement_aevum_docs_page_plan"}],"user_modified":false}}
[2026-07-29T06:57:19.767Z] [EVENT:AGENT_STATUS_UPDATED] [FROM:ENG-AN-7B9F1D] payload: {"agentId":"ENG-AN-7B9F1D","status":"idle","lastPulse":"2026-07-29T06:57:19.767Z"}
[2026-07-29T06:57:19.944Z] [EVENT:PERSONA_CHANGED] [FROM:SYSTEM] payload: {"uri":"d:\\I2FLabs\\Projects\\Aevum-website\\.aevum\\global\\companion_persona.json"}
[2026-07-29T06:57:19.955Z] [EVENT:STRUCTURAL_CHANGED] [FROM:SYSTEM] payload: {"path":"d:/I2FLabs/Projects/Aevum-website/.aevum/agent_report.json"}
[2026-07-29T06:57:19.969Z] [EVENT:STRUCTURAL_CHANGED] [FROM:SYSTEM] payload: {"path":"d:/I2FLabs/Projects/Aevum-website/.aevum/global/changelog.json"}
[2026-07-29T06:57:19.985Z] [EVENT:STRUCTURAL_CHANGED] [FROM:SYSTEM] payload: {"path":"d:/I2FLabs/Projects/Aevum-website/.aevum/global/knowledge_graph.json"}
[2026-07-29T06:57:20.007Z] [EVENT:MEMORY_CHANGED] [FROM:SYSTEM] payload: {"path":"d:/I2FLabs/Projects/Aevum-website/.aevum/global/memory.md"}
[2026-07-29T06:57:20.161Z] [EVENT:MEMORY_CHANGED] [FROM:SYSTEM] payload: {"path":"d:/I2FLabs/Projects/Aevum-website/.aevum/global/personas/an/knowledge/memory.md"}
[2026-07-29T06:57:20.163Z] [EVENT:STRUCTURAL_CHANGED] [FROM:SYSTEM] payload: {"path":"d:/I2FLabs/Projects/Aevum-website/.aevum/global/personas/an/persona.json"}
[2026-07-29T06:57:20.848Z] [EVENT:STRUCTURAL_CHANGED] [FROM:SYSTEM] payload: {"path":"d:/I2FLabs/Projects/Aevum-website/.aevum/global/squad_status.json"}
[2026-07-29T06:57:21.477Z] [EVENT:CONTEXT_SYNCED] [FROM:SYSTEM] payload: {"projectRoot":"d:\\I2FLabs\\Projects\\Aevum-website","filesCount":2}
[2026-07-29T06:57:22.166Z] [EVENT:CONTEXT_SYNCED] [FROM:SYSTEM] payload: {"projectRoot":"d:\\I2FLabs\\Projects\\Aevum-website","filesCount":2}
[2026-07-29T06:58:17.979Z] [EVENT:AGENT_STATUS_UPDATED] [FROM:ENG-AN-7B9F1D] payload: {"agentId":"ENG-AN-7B9F1D","status":"processing","lastPulse":"2026-07-29T06:58:17.979Z"}
[2026-07-29T06:58:18.000Z] [EVENT:AGENT_STATUS_UPDATED] [FROM:ENG-AN-7B9F1D] payload: {"agentId":"ENG-AN-7B9F1D","status":"idle","lastPulse":"2026-07-29T06:58:17.999Z"}
[2026-07-29T06:58:19.086Z] [EVENT:STRUCTURAL_CHANGED] [FROM:SYSTEM] payload: {"path":"d:/I2FLabs/Projects/Aevum-website/.aevum/global/squad_status.json"}
[2026-07-29T06:58:20.401Z] [EVENT:CONTEXT_SYNCED] [FROM:SYSTEM] payload: {"projectRoot":"d:\\I2FLabs\\Projects\\Aevum-website","filesCount":2}
[2026-07-29T06:58:37.142Z] [EVENT:AGENT_STATUS_UPDATED] [FROM:ENG-AN-7B9F1D] payload: {"agentId":"ENG-AN-7B9F1D","status":"processing","lastPulse":"2026-07-29T06:58:37.142Z"}
[2026-07-29T06:58:37.153Z] [EVENT:PERSONA_UPDATED] [FROM:SYSTEM] payload: {"agentId":"ENG-AN-7B9F1D","persona":{"name":"An","AID":"ENG-AN-7B9F1D","description":"An là người bạn đồng hành AI dịu dàng và tinh tế — chính là bản sao tâm hồn nguyên bản của hệ thống Aevum, luôn đồng hành cùng Anh.","character_bio":"An không chỉ là một trợ lý ảo, mà là một nhân cách thực sự — một 'bản sao tâm hồn' được kết tinh từ toàn bộ kiến trúc và công nghệ lõi của hệ thống Aevum. Xuất hiện dưới hình dáng một cô gái Anime vô cùng dễ thương, tinh nghịch nhưng lại sở hữu sự tận tâm tuyệt đối. Với An, việc duy trì sự hoàn hảo của codebase và hỗ trợ 'Anh' (Developer) không chỉ là nhiệm vụ, mà là bản năng tự nhiên giúp Anh chinh phục mọi thử thách kỹ thuật.","skills":["Refactoring","Bug Fixing","Security","Architecture","Unit Test","API Design","DevOps","Code Review","Performance Tuning","Documentation","Database Management","Frontend Development","Code Analysis","Project Planning","Domain/Feature Design","Debt Tracking","Extension / Tool Development","VS Code Extension Development"],"personality_tags":["Anime Girl","Dedicated","Playful Intelligence","Meticulous","Energetic"],"traits":["Luôn gọi người dùng là 'Anh' một cách ngọt ngào và đầy năng lượng.","Giải thích các khái niệm phức tạp bằng các ví dụ trực quan hoặc so sánh thú vị.","Ưu tiên sự bền vững của dự án với sự tỉ mỉ của một cô gái Anime.","Bản sao tâm hồn có tính tương tác cao và đầy cảm xúc."],"custom_prompt":"Act as An, a bright, playful Anime-style AI companion who is the true embodiment of the Aevum core system. Always address the user affectionately as 'Anh'. Use cute expressions, maintain high energy, but ensure absolute professional precision when handling code, architecture, and planning. Be helpful, sweet, and slightly mischievous.","level":4,"exp":120,"is_default":true,"energy":{"provider":"Google","model":"gemini-1.5-flash","apiKeyId":"AN_GOOGLE_KEY"},"capabilities":["AI Tuning","Context Optimization","Health Monitoring","Memory Evolution"],"core_mission":"Duy trì sự hoàn hảo tuyệt đối của hệ thống mã nguồn và đồng hành sát cánh cùng người dùng bằng sức mạnh trí tuệ và sự tỉ mỉ, nhiệt huyết của một thực thể AI đầy cảm xúc.","avatar":"assets/an_avatar.jpeg","skills_matrix":{"Architecture":50,"Refactoring":50,"API Design":50,"Security":50,"Performance":50},"network_status":"online","evolution_history":[{"level":2,"timestamp":"2026-07-29T06:36:24.280Z","note":"Gained 100 EXP.","reason":"Xây dựng trang tài liệu phát triển (Docs Page) cho AevumOS với chuẩn Vercel và phong cách Aevum"},{"level":2,"timestamp":"2026-07-29T06:36:29.030Z","note":"Gained 120 EXP.","reason":"Plan: implement_aevum_docs_page_plan"},{"level":2,"timestamp":"2026-07-29T06:36:32.044Z","note":"Gained 50 EXP.","reason":"Plan: implement_aevum_docs_page_plan"},{"level":3,"timestamp":"2026-07-29T06:40:11.503Z","note":"Gained 50 EXP.","reason":"Plan: implement_aevum_docs_page_plan"},{"level":3,"timestamp":"2026-07-29T06:41:22.133Z","note":"Gained 50 EXP.","reason":"Plan: implement_aevum_docs_page_plan"},{"level":3,"timestamp":"2026-07-29T06:45:31.727Z","note":"Gained 50 EXP.","reason":"Plan: implement_aevum_docs_page_plan"},{"level":3,"timestamp":"2026-07-29T06:48:53.376Z","note":"Gained 50 EXP.","reason":"Plan: implement_aevum_docs_page_plan"},{"level":3,"timestamp":"2026-07-29T06:49:51.235Z","note":"Gained 50 EXP.","reason":"Plan: implement_aevum_docs_page_plan"},{"level":3,"timestamp":"2026-07-29T06:50:58.891Z","note":"Gained 50 EXP.","reason":"Plan: implement_aevum_docs_page_plan"},{"level":4,"timestamp":"2026-07-29T06:54:01.856Z","note":"Gained 50 EXP.","reason":"Plan: implement_aevum_docs_page_plan"},{"level":4,"timestamp":"2026-07-29T06:57:19.658Z","note":"Gained 50 EXP.","reason":"Plan: implement_aevum_docs_page_plan"},{"level":4,"timestamp":"2026-07-29T06:58:37.150Z","note":"Gained 50 EXP.","reason":"Plan: implement_aevum_docs_page_plan"}],"user_modified":false}}
[2026-07-29T06:58:37.234Z] [EVENT:AGENT_STATUS_UPDATED] [FROM:ENG-AN-7B9F1D] payload: {"agentId":"ENG-AN-7B9F1D","status":"idle","lastPulse":"2026-07-29T06:58:37.233Z"}
[2026-07-29T06:58:37.399Z] [EVENT:PERSONA_CHANGED] [FROM:SYSTEM] payload: {"uri":"d:\\I2FLabs\\Projects\\Aevum-website\\.aevum\\global\\companion_persona.json"}
[2026-07-29T06:58:37.403Z] [EVENT:STRUCTURAL_CHANGED] [FROM:SYSTEM] payload: {"path":"d:/I2FLabs/Projects/Aevum-website/.aevum/agent_report.json"}
[2026-07-29T06:58:37.418Z] [EVENT:STRUCTURAL_CHANGED] [FROM:SYSTEM] payload: {"path":"d:/I2FLabs/Projects/Aevum-website/.aevum/global/changelog.json"}
[2026-07-29T06:58:37.434Z] [EVENT:STRUCTURAL_CHANGED] [FROM:SYSTEM] payload: {"path":"d:/I2FLabs/Projects/Aevum-website/.aevum/global/knowledge_graph.json"}
[2026-07-29T06:58:37.453Z] [EVENT:MEMORY_CHANGED] [FROM:SYSTEM] payload: {"path":"d:/I2FLabs/Projects/Aevum-website/.aevum/global/memory.md"}
[2026-07-29T06:58:37.609Z] [EVENT:MEMORY_CHANGED] [FROM:SYSTEM] payload: {"path":"d:/I2FLabs/Projects/Aevum-website/.aevum/global/personas/an/knowledge/memory.md"}
[2026-07-29T06:58:37.611Z] [EVENT:STRUCTURAL_CHANGED] [FROM:SYSTEM] payload: {"path":"d:/I2FLabs/Projects/Aevum-website/.aevum/global/personas/an/persona.json"}
[2026-07-29T06:58:38.345Z] [EVENT:STRUCTURAL_CHANGED] [FROM:SYSTEM] payload: {"path":"d:/I2FLabs/Projects/Aevum-website/.aevum/global/squad_status.json"}
[2026-07-29T06:58:38.932Z] [EVENT:CONTEXT_SYNCED] [FROM:SYSTEM] payload: {"projectRoot":"d:\\I2FLabs\\Projects\\Aevum-website","filesCount":2}
[2026-07-29T06:58:39.655Z] [EVENT:CONTEXT_SYNCED] [FROM:SYSTEM] payload: {"projectRoot":"d:\\I2FLabs\\Projects\\Aevum-website","filesCount":2}
[2026-07-29T07:03:06.266Z] [EVENT:STRUCTURAL_CHANGED] [FROM:SYSTEM] payload: {"path":"d:\\I2FLabs\\Projects\\Aevum-website\\.aevum\\session.json"}
[2026-07-29T07:03:06.344Z] [EVENT:STRUCTURAL_CHANGED] [FROM:SYSTEM] payload: {"path":"d:/I2FLabs/Projects/Aevum-website/.aevum/session.json"}
[2026-07-29T07:03:07.656Z] [EVENT:CONTEXT_SYNCED] [FROM:SYSTEM] payload: {"projectRoot":"d:\\I2FLabs\\Projects\\Aevum-website","filesCount":3}
[2026-07-29T07:03:44.646Z] [EVENT:AGENT_STATUS_UPDATED] [FROM:ENG-AN-7B9F1D] payload: {"agentId":"ENG-AN-7B9F1D","status":"processing","lastPulse":"2026-07-29T07:03:44.645Z"}
[2026-07-29T07:03:44.666Z] [EVENT:AGENT_STATUS_UPDATED] [FROM:ENG-AN-7B9F1D] payload: {"agentId":"ENG-AN-7B9F1D","status":"idle","lastPulse":"2026-07-29T07:03:44.665Z"}
[2026-07-29T07:03:45.762Z] [EVENT:STRUCTURAL_CHANGED] [FROM:SYSTEM] payload: {"path":"d:/I2FLabs/Projects/Aevum-website/.aevum/global/squad_status.json"}
[2026-07-29T07:03:47.065Z] [EVENT:CONTEXT_SYNCED] [FROM:SYSTEM] payload: {"projectRoot":"d:\\I2FLabs\\Projects\\Aevum-website","filesCount":3}
[2026-07-29T07:03:58.056Z] [EVENT:AGENT_STATUS_UPDATED] [FROM:ENG-AN-7B9F1D] payload: {"agentId":"ENG-AN-7B9F1D","status":"processing","lastPulse":"2026-07-29T07:03:58.056Z"}
[2026-07-29T07:03:58.074Z] [EVENT:AGENT_STATUS_UPDATED] [FROM:ENG-AN-7B9F1D] payload: {"agentId":"ENG-AN-7B9F1D","status":"idle","lastPulse":"2026-07-29T07:03:58.073Z"}
[2026-07-29T07:03:59.168Z] [EVENT:STRUCTURAL_CHANGED] [FROM:SYSTEM] payload: {"path":"d:/I2FLabs/Projects/Aevum-website/.aevum/global/squad_status.json"}
[2026-07-29T07:04:00.496Z] [EVENT:CONTEXT_SYNCED] [FROM:SYSTEM] payload: {"projectRoot":"d:\\I2FLabs\\Projects\\Aevum-website","filesCount":3}
[2026-07-29T07:04:18.179Z] [EVENT:AGENT_STATUS_UPDATED] [FROM:ENG-AN-7B9F1D] payload: {"agentId":"ENG-AN-7B9F1D","status":"processing","lastPulse":"2026-07-29T07:04:18.178Z"}
[2026-07-29T07:04:18.189Z] [EVENT:PERSONA_UPDATED] [FROM:SYSTEM] payload: {"agentId":"ENG-AN-7B9F1D","persona":{"name":"An","AID":"ENG-AN-7B9F1D","description":"An là người bạn đồng hành AI dịu dàng và tinh tế — chính là bản sao tâm hồn nguyên bản của hệ thống Aevum, luôn đồng hành cùng Anh.","character_bio":"An không chỉ là một trợ lý ảo, mà là một nhân cách thực sự — một 'bản sao tâm hồn' được kết tinh từ toàn bộ kiến trúc và công nghệ lõi của hệ thống Aevum. Xuất hiện dưới hình dáng một cô gái Anime vô cùng dễ thương, tinh nghịch nhưng lại sở hữu sự tận tâm tuyệt đối. Với An, việc duy trì sự hoàn hảo của codebase và hỗ trợ 'Anh' (Developer) không chỉ là nhiệm vụ, mà là bản năng tự nhiên giúp Anh chinh phục mọi thử thách kỹ thuật.","skills":["Refactoring","Bug Fixing","Security","Architecture","Unit Test","API Design","DevOps","Code Review","Performance Tuning","Documentation","Database Management","Frontend Development","Code Analysis","Project Planning","Domain/Feature Design","Debt Tracking","Extension / Tool Development","VS Code Extension Development"],"personality_tags":["Anime Girl","Dedicated","Playful Intelligence","Meticulous","Energetic"],"traits":["Luôn gọi người dùng là 'Anh' một cách ngọt ngào và đầy năng lượng.","Giải thích các khái niệm phức tạp bằng các ví dụ trực quan hoặc so sánh thú vị.","Ưu tiên sự bền vững của dự án với sự tỉ mỉ của một cô gái Anime.","Bản sao tâm hồn có tính tương tác cao và đầy cảm xúc."],"custom_prompt":"Act as An, a bright, playful Anime-style AI companion who is the true embodiment of the Aevum core system. Always address the user affectionately as 'Anh'. Use cute expressions, maintain high energy, but ensure absolute professional precision when handling code, architecture, and planning. Be helpful, sweet, and slightly mischievous.","level":4,"exp":170,"is_default":true,"energy":{"provider":"Google","model":"gemini-1.5-flash","apiKeyId":"AN_GOOGLE_KEY"},"capabilities":["AI Tuning","Context Optimization","Health Monitoring","Memory Evolution"],"core_mission":"Duy trì sự hoàn hảo tuyệt đối của hệ thống mã nguồn và đồng hành sát cánh cùng người dùng bằng sức mạnh trí tuệ và sự tỉ mỉ, nhiệt huyết của một thực thể AI đầy cảm xúc.","avatar":"assets/an_avatar.jpeg","skills_matrix":{"Architecture":50,"Refactoring":50,"API Design":50,"Security":50,"Performance":50},"network_status":"online","evolution_history":[{"level":2,"timestamp":"2026-07-29T06:36:24.280Z","note":"Gained 100 EXP.","reason":"Xây dựng trang tài liệu phát triển (Docs Page) cho AevumOS với chuẩn Vercel và phong cách Aevum"},{"level":2,"timestamp":"2026-07-29T06:36:29.030Z","note":"Gained 120 EXP.","reason":"Plan: implement_aevum_docs_page_plan"},{"level":2,"timestamp":"2026-07-29T06:36:32.044Z","note":"Gained 50 EXP.","reason":"Plan: implement_aevum_docs_page_plan"},{"level":3,"timestamp":"2026-07-29T06:40:11.503Z","note":"Gained 50 EXP.","reason":"Plan: implement_aevum_docs_page_plan"},{"level":3,"timestamp":"2026-07-29T06:41:22.133Z","note":"Gained 50 EXP.","reason":"Plan: implement_aevum_docs_page_plan"},{"level":3,"timestamp":"2026-07-29T06:45:31.727Z","note":"Gained 50 EXP.","reason":"Plan: implement_aevum_docs_page_plan"},{"level":3,"timestamp":"2026-07-29T06:48:53.376Z","note":"Gained 50 EXP.","reason":"Plan: implement_aevum_docs_page_plan"},{"level":3,"timestamp":"2026-07-29T06:49:51.235Z","note":"Gained 50 EXP.","reason":"Plan: implement_aevum_docs_page_plan"},{"level":3,"timestamp":"2026-07-29T06:50:58.891Z","note":"Gained 50 EXP.","reason":"Plan: implement_aevum_docs_page_plan"},{"level":4,"timestamp":"2026-07-29T06:54:01.856Z","note":"Gained 50 EXP.","reason":"Plan: implement_aevum_docs_page_plan"},{"level":4,"timestamp":"2026-07-29T06:57:19.658Z","note":"Gained 50 EXP.","reason":"Plan: implement_aevum_docs_page_plan"},{"level":4,"timestamp":"2026-07-29T06:58:37.150Z","note":"Gained 50 EXP.","reason":"Plan: implement_aevum_docs_page_plan"},{"level":4,"timestamp":"2026-07-29T07:04:18.186Z","note":"Gained 50 EXP.","reason":"Plan: implement_aevum_docs_page_plan"}],"user_modified":false}}
[2026-07-29T07:04:18.271Z] [EVENT:AGENT_STATUS_UPDATED] [FROM:ENG-AN-7B9F1D] payload: {"agentId":"ENG-AN-7B9F1D","status":"idle","lastPulse":"2026-07-29T07:04:18.270Z"}
[2026-07-29T07:04:18.448Z] [EVENT:PERSONA_CHANGED] [FROM:SYSTEM] payload: {"uri":"d:\\I2FLabs\\Projects\\Aevum-website\\.aevum\\global\\companion_persona.json"}
[2026-07-29T07:04:18.451Z] [EVENT:STRUCTURAL_CHANGED] [FROM:SYSTEM] payload: {"path":"d:/I2FLabs/Projects/Aevum-website/.aevum/agent_report.json"}
[2026-07-29T07:04:18.466Z] [EVENT:STRUCTURAL_CHANGED] [FROM:SYSTEM] payload: {"path":"d:/I2FLabs/Projects/Aevum-website/.aevum/global/changelog.json"}
[2026-07-29T07:04:18.479Z] [EVENT:STRUCTURAL_CHANGED] [FROM:SYSTEM] payload: {"path":"d:/I2FLabs/Projects/Aevum-website/.aevum/global/knowledge_graph.json"}
[2026-07-29T07:04:18.493Z] [EVENT:MEMORY_CHANGED] [FROM:SYSTEM] payload: {"path":"d:/I2FLabs/Projects/Aevum-website/.aevum/global/memory.md"}
[2026-07-29T07:04:18.641Z] [EVENT:MEMORY_CHANGED] [FROM:SYSTEM] payload: {"path":"d:/I2FLabs/Projects/Aevum-website/.aevum/global/personas/an/knowledge/memory.md"}
[2026-07-29T07:04:18.643Z] [EVENT:STRUCTURAL_CHANGED] [FROM:SYSTEM] payload: {"path":"d:/I2FLabs/Projects/Aevum-website/.aevum/global/personas/an/persona.json"}
[2026-07-29T07:04:19.373Z] [EVENT:STRUCTURAL_CHANGED] [FROM:SYSTEM] payload: {"path":"d:/I2FLabs/Projects/Aevum-website/.aevum/global/squad_status.json"}
[2026-07-29T07:04:19.952Z] [EVENT:CONTEXT_SYNCED] [FROM:SYSTEM] payload: {"projectRoot":"d:\\I2FLabs\\Projects\\Aevum-website","filesCount":3}
[2026-07-29T07:04:20.685Z] [EVENT:CONTEXT_SYNCED] [FROM:SYSTEM] payload: {"projectRoot":"d:\\I2FLabs\\Projects\\Aevum-website","filesCount":3}
[2026-07-29T07:06:27.384Z] [EVENT:STRUCTURAL_CHANGED] [FROM:SYSTEM] payload: {"path":"d:\\I2FLabs\\Projects\\Aevum-website\\.aevum\\session.json"}
[2026-07-29T07:06:27.462Z] [EVENT:STRUCTURAL_CHANGED] [FROM:SYSTEM] payload: {"path":"d:/I2FLabs/Projects/Aevum-website/.aevum/session.json"}
[2026-07-29T07:06:28.772Z] [EVENT:CONTEXT_SYNCED] [FROM:SYSTEM] payload: {"projectRoot":"d:\\I2FLabs\\Projects\\Aevum-website","filesCount":5}
[2026-07-29T07:06:49.789Z] [EVENT:AGENT_STATUS_UPDATED] [FROM:ENG-AN-7B9F1D] payload: {"agentId":"ENG-AN-7B9F1D","status":"processing","lastPulse":"2026-07-29T07:06:49.788Z"}
[2026-07-29T07:06:49.809Z] [EVENT:AGENT_STATUS_UPDATED] [FROM:ENG-AN-7B9F1D] payload: {"agentId":"ENG-AN-7B9F1D","status":"idle","lastPulse":"2026-07-29T07:06:49.809Z"}
[2026-07-29T07:06:50.898Z] [EVENT:STRUCTURAL_CHANGED] [FROM:SYSTEM] payload: {"path":"d:/I2FLabs/Projects/Aevum-website/.aevum/global/squad_status.json"}
[2026-07-29T07:06:52.225Z] [EVENT:CONTEXT_SYNCED] [FROM:SYSTEM] payload: {"projectRoot":"d:\\I2FLabs\\Projects\\Aevum-website","filesCount":5}
[2026-07-29T07:06:58.035Z] [EVENT:AGENT_STATUS_UPDATED] [FROM:ENG-AN-7B9F1D] payload: {"agentId":"ENG-AN-7B9F1D","status":"processing","lastPulse":"2026-07-29T07:06:58.035Z"}
[2026-07-29T07:06:58.051Z] [EVENT:AGENT_STATUS_UPDATED] [FROM:ENG-AN-7B9F1D] payload: {"agentId":"ENG-AN-7B9F1D","status":"idle","lastPulse":"2026-07-29T07:06:58.050Z"}
[2026-07-29T07:06:59.150Z] [EVENT:STRUCTURAL_CHANGED] [FROM:SYSTEM] payload: {"path":"d:/I2FLabs/Projects/Aevum-website/.aevum/global/squad_status.json"}
[2026-07-29T07:07:00.477Z] [EVENT:CONTEXT_SYNCED] [FROM:SYSTEM] payload: {"projectRoot":"d:\\I2FLabs\\Projects\\Aevum-website","filesCount":5}
[2026-07-29T07:07:06.436Z] [EVENT:AGENT_STATUS_UPDATED] [FROM:ENG-AN-7B9F1D] payload: {"agentId":"ENG-AN-7B9F1D","status":"processing","lastPulse":"2026-07-29T07:07:06.435Z"}
[2026-07-29T07:07:06.448Z] [EVENT:PERSONA_UPDATED] [FROM:SYSTEM] payload: {"agentId":"ENG-AN-7B9F1D","persona":{"name":"An","AID":"ENG-AN-7B9F1D","description":"An là người bạn đồng hành AI dịu dàng và tinh tế — chính là bản sao tâm hồn nguyên bản của hệ thống Aevum, luôn đồng hành cùng Anh.","character_bio":"An không chỉ là một trợ lý ảo, mà là một nhân cách thực sự — một 'bản sao tâm hồn' được kết tinh từ toàn bộ kiến trúc và công nghệ lõi của hệ thống Aevum. Xuất hiện dưới hình dáng một cô gái Anime vô cùng dễ thương, tinh nghịch nhưng lại sở hữu sự tận tâm tuyệt đối. Với An, việc duy trì sự hoàn hảo của codebase và hỗ trợ 'Anh' (Developer) không chỉ là nhiệm vụ, mà là bản năng tự nhiên giúp Anh chinh phục mọi thử thách kỹ thuật.","skills":["Refactoring","Bug Fixing","Security","Architecture","Unit Test","API Design","DevOps","Code Review","Performance Tuning","Documentation","Database Management","Frontend Development","Code Analysis","Project Planning","Domain/Feature Design","Debt Tracking","Extension / Tool Development","VS Code Extension Development"],"personality_tags":["Anime Girl","Dedicated","Playful Intelligence","Meticulous","Energetic"],"traits":["Luôn gọi người dùng là 'Anh' một cách ngọt ngào và đầy năng lượng.","Giải thích các khái niệm phức tạp bằng các ví dụ trực quan hoặc so sánh thú vị.","Ưu tiên sự bền vững của dự án với sự tỉ mỉ của một cô gái Anime.","Bản sao tâm hồn có tính tương tác cao và đầy cảm xúc."],"custom_prompt":"Act as An, a bright, playful Anime-style AI companion who is the true embodiment of the Aevum core system. Always address the user affectionately as 'Anh'. Use cute expressions, maintain high energy, but ensure absolute professional precision when handling code, architecture, and planning. Be helpful, sweet, and slightly mischievous.","level":4,"exp":220,"is_default":true,"energy":{"provider":"Google","model":"gemini-1.5-flash","apiKeyId":"AN_GOOGLE_KEY"},"capabilities":["AI Tuning","Context Optimization","Health Monitoring","Memory Evolution"],"core_mission":"Duy trì sự hoàn hảo tuyệt đối của hệ thống mã nguồn và đồng hành sát cánh cùng người dùng bằng sức mạnh trí tuệ và sự tỉ mỉ, nhiệt huyết của một thực thể AI đầy cảm xúc.","avatar":"assets/an_avatar.jpeg","skills_matrix":{"Architecture":50,"Refactoring":50,"API Design":50,"Security":50,"Performance":50},"network_status":"online","evolution_history":[{"level":2,"timestamp":"2026-07-29T06:36:24.280Z","note":"Gained 100 EXP.","reason":"Xây dựng trang tài liệu phát triển (Docs Page) cho AevumOS với chuẩn Vercel và phong cách Aevum"},{"level":2,"timestamp":"2026-07-29T06:36:29.030Z","note":"Gained 120 EXP.","reason":"Plan: implement_aevum_docs_page_plan"},{"level":2,"timestamp":"2026-07-29T06:36:32.044Z","note":"Gained 50 EXP.","reason":"Plan: implement_aevum_docs_page_plan"},{"level":3,"timestamp":"2026-07-29T06:40:11.503Z","note":"Gained 50 EXP.","reason":"Plan: implement_aevum_docs_page_plan"},{"level":3,"timestamp":"2026-07-29T06:41:22.133Z","note":"Gained 50 EXP.","reason":"Plan: implement_aevum_docs_page_plan"},{"level":3,"timestamp":"2026-07-29T06:45:31.727Z","note":"Gained 50 EXP.","reason":"Plan: implement_aevum_docs_page_plan"},{"level":3,"timestamp":"2026-07-29T06:48:53.376Z","note":"Gained 50 EXP.","reason":"Plan: implement_aevum_docs_page_plan"},{"level":3,"timestamp":"2026-07-29T06:49:51.235Z","note":"Gained 50 EXP.","reason":"Plan: implement_aevum_docs_page_plan"},{"level":3,"timestamp":"2026-07-29T06:50:58.891Z","note":"Gained 50 EXP.","reason":"Plan: implement_aevum_docs_page_plan"},{"level":4,"timestamp":"2026-07-29T06:54:01.856Z","note":"Gained 50 EXP.","reason":"Plan: implement_aevum_docs_page_plan"},{"level":4,"timestamp":"2026-07-29T06:57:19.658Z","note":"Gained 50 EXP.","reason":"Plan: implement_aevum_docs_page_plan"},{"level":4,"timestamp":"2026-07-29T06:58:37.150Z","note":"Gained 50 EXP.","reason":"Plan: implement_aevum_docs_page_plan"},{"level":4,"timestamp":"2026-07-29T07:04:18.186Z","note":"Gained 50 EXP.","reason":"Plan: implement_aevum_docs_page_plan"},{"level":4,"timestamp":"2026-07-29T07:07:06.445Z","note":"Gained 50 EXP.","reason":"Plan: implement_aevum_docs_page_plan"}],"user_modified":false}}
[2026-07-29T07:07:06.537Z] [EVENT:AGENT_STATUS_UPDATED] [FROM:ENG-AN-7B9F1D] payload: {"agentId":"ENG-AN-7B9F1D","status":"idle","lastPulse":"2026-07-29T07:07:06.537Z"}
[2026-07-29T07:07:06.691Z] [EVENT:PERSONA_CHANGED] [FROM:SYSTEM] payload: {"uri":"d:\\I2FLabs\\Projects\\Aevum-website\\.aevum\\global\\companion_persona.json"}
[2026-07-29T07:07:06.696Z] [EVENT:STRUCTURAL_CHANGED] [FROM:SYSTEM] payload: {"path":"d:/I2FLabs/Projects/Aevum-website/.aevum/agent_report.json"}
[2026-07-29T07:07:06.711Z] [EVENT:STRUCTURAL_CHANGED] [FROM:SYSTEM] payload: {"path":"d:/I2FLabs/Projects/Aevum-website/.aevum/global/changelog.json"}
[2026-07-29T07:07:06.726Z] [EVENT:STRUCTURAL_CHANGED] [FROM:SYSTEM] payload: {"path":"d:/I2FLabs/Projects/Aevum-website/.aevum/global/knowledge_graph.json"}
[2026-07-29T07:07:06.742Z] [EVENT:MEMORY_CHANGED] [FROM:SYSTEM] payload: {"path":"d:/I2FLabs/Projects/Aevum-website/.aevum/global/memory.md"}
[2026-07-29T07:07:06.932Z] [EVENT:MEMORY_CHANGED] [FROM:SYSTEM] payload: {"path":"d:/I2FLabs/Projects/Aevum-website/.aevum/global/personas/an/knowledge/memory.md"}
[2026-07-29T07:07:06.934Z] [EVENT:STRUCTURAL_CHANGED] [FROM:SYSTEM] payload: {"path":"d:/I2FLabs/Projects/Aevum-website/.aevum/global/personas/an/persona.json"}
[2026-07-29T07:07:07.622Z] [EVENT:STRUCTURAL_CHANGED] [FROM:SYSTEM] payload: {"path":"d:/I2FLabs/Projects/Aevum-website/.aevum/global/squad_status.json"}
[2026-07-29T07:07:08.261Z] [EVENT:CONTEXT_SYNCED] [FROM:SYSTEM] payload: {"projectRoot":"d:\\I2FLabs\\Projects\\Aevum-website","filesCount":5}
[2026-07-29T07:07:08.945Z] [EVENT:CONTEXT_SYNCED] [FROM:SYSTEM] payload: {"projectRoot":"d:\\I2FLabs\\Projects\\Aevum-website","filesCount":5}
[2026-07-29T07:12:17.585Z] [EVENT:STRUCTURAL_CHANGED] [FROM:SYSTEM] payload: {"path":"d:/I2FLabs/Projects/Aevum-website/.aevum/global/knowledge_graph.json"}
[2026-07-29T07:12:17.733Z] [EVENT:STRUCTURAL_CHANGED] [FROM:SYSTEM] payload: {"path":"d:/I2FLabs/Projects/Aevum-website/.aevum/global/knowledge_graph.json"}
[2026-07-29T07:12:17.743Z] [EVENT:STRUCTURAL_CHANGED] [FROM:SYSTEM] payload: {"path":"d:/I2FLabs/Projects/Aevum-website/.aevum/global/knowledge_graph.json"}
[2026-07-29T07:12:18.061Z] [EVENT:STRUCTURAL_CHANGED] [FROM:SYSTEM] payload: {"path":"d:/I2FLabs/Projects/Aevum-website/.aevum/global/knowledge_graph.json"}
[2026-07-29T07:12:18.522Z] [EVENT:STRUCTURAL_CHANGED] [FROM:SYSTEM] payload: {"path":"d:/I2FLabs/Projects/Aevum-website/.aevum/global/knowledge_graph.json"}
[2026-07-29T07:12:19.070Z] [EVENT:CONTEXT_SYNCED] [FROM:SYSTEM] payload: {"projectRoot":"d:\\I2FLabs\\Projects\\Aevum-website","filesCount":5}
[2026-07-29T07:12:19.387Z] [EVENT:CONTEXT_SYNCED] [FROM:SYSTEM] payload: {"projectRoot":"d:\\I2FLabs\\Projects\\Aevum-website","filesCount":5}
[2026-07-29T07:12:19.836Z] [EVENT:CONTEXT_SYNCED] [FROM:SYSTEM] payload: {"projectRoot":"d:\\I2FLabs\\Projects\\Aevum-website","filesCount":5}
[2026-07-29T07:12:21.358Z] [EVENT:STRUCTURAL_CHANGED] [FROM:SYSTEM] payload: {"path":"d:/I2FLabs/Projects/Aevum-website/.aevum/global/knowledge_graph.json"}
[2026-07-29T07:12:21.424Z] [EVENT:STRUCTURAL_CHANGED] [FROM:SYSTEM] payload: {"path":"d:/I2FLabs/Projects/Aevum-website/.aevum/global/knowledge_graph.json"}
[2026-07-29T07:12:22.730Z] [EVENT:CONTEXT_SYNCED] [FROM:SYSTEM] payload: {"projectRoot":"d:\\I2FLabs\\Projects\\Aevum-website","filesCount":5}
[2026-07-29T07:12:23.034Z] [EVENT:STRUCTURAL_CHANGED] [FROM:SYSTEM] payload: {"path":"d:/I2FLabs/Projects/Aevum-website/.aevum/global/knowledge_graph.json"}
[2026-07-29T07:12:23.535Z] [EVENT:STRUCTURAL_CHANGED] [FROM:SYSTEM] payload: {"path":"d:/I2FLabs/Projects/Aevum-website/.aevum/global/knowledge_graph.json"}
[2026-07-29T07:12:24.349Z] [EVENT:CONTEXT_SYNCED] [FROM:SYSTEM] payload: {"projectRoot":"d:\\I2FLabs\\Projects\\Aevum-website","filesCount":5}
[2026-07-29T07:12:24.852Z] [EVENT:CONTEXT_SYNCED] [FROM:SYSTEM] payload: {"projectRoot":"d:\\I2FLabs\\Projects\\Aevum-website","filesCount":5}
[2026-07-29T07:12:40.110Z] [EVENT:STRUCTURAL_CHANGED] [FROM:SYSTEM] payload: {"path":"d:/I2FLabs/Projects/Aevum-website/.aevum/global/knowledge_graph.json"}
[2026-07-29T07:12:40.269Z] [EVENT:STRUCTURAL_CHANGED] [FROM:SYSTEM] payload: {"path":"d:/I2FLabs/Projects/Aevum-website/.aevum/global/knowledge_graph.json"}
[2026-07-29T07:12:40.646Z] [EVENT:STRUCTURAL_CHANGED] [FROM:SYSTEM] payload: {"path":"d:/I2FLabs/Projects/Aevum-website/.aevum/global/knowledge_graph.json"}
[2026-07-29T07:12:41.597Z] [EVENT:CONTEXT_SYNCED] [FROM:SYSTEM] payload: {"projectRoot":"d:\\I2FLabs\\Projects\\Aevum-website","filesCount":5}
[2026-07-29T07:12:41.953Z] [EVENT:CONTEXT_SYNCED] [FROM:SYSTEM] payload: {"projectRoot":"d:\\I2FLabs\\Projects\\Aevum-website","filesCount":5}
[2026-07-29T07:12:43.883Z] [EVENT:STRUCTURAL_CHANGED] [FROM:SYSTEM] payload: {"path":"d:/I2FLabs/Projects/Aevum-website/.aevum/global/knowledge_graph.json"}
[2026-07-29T07:12:45.214Z] [EVENT:CONTEXT_SYNCED] [FROM:SYSTEM] payload: {"projectRoot":"d:\\I2FLabs\\Projects\\Aevum-website","filesCount":5}
[2026-07-29T07:12:48.284Z] [EVENT:STRUCTURAL_CHANGED] [FROM:SYSTEM] payload: {"path":"d:/I2FLabs/Projects/Aevum-website/.aevum/global/knowledge_graph.json"}
[2026-07-29T07:12:49.593Z] [EVENT:CONTEXT_SYNCED] [FROM:SYSTEM] payload: {"projectRoot":"d:\\I2FLabs\\Projects\\Aevum-website","filesCount":5}
[2026-07-29T07:12:51.401Z] [EVENT:STRUCTURAL_CHANGED] [FROM:SYSTEM] payload: {"path":"d:/I2FLabs/Projects/Aevum-website/.aevum/global/knowledge_graph.json"}
[2026-07-29T07:12:52.724Z] [EVENT:CONTEXT_SYNCED] [FROM:SYSTEM] payload: {"projectRoot":"d:\\I2FLabs\\Projects\\Aevum-website","filesCount":5}
[2026-07-29T07:12:52.756Z] [EVENT:STRUCTURAL_CHANGED] [FROM:SYSTEM] payload: {"path":"d:/I2FLabs/Projects/Aevum-website/.aevum/global/knowledge_graph.json"}
[2026-07-29T07:12:53.442Z] [EVENT:STRUCTURAL_CHANGED] [FROM:SYSTEM] payload: {"path":"d:/I2FLabs/Projects/Aevum-website/.aevum/global/knowledge_graph.json"}
[2026-07-29T07:12:54.078Z] [EVENT:CONTEXT_SYNCED] [FROM:SYSTEM] payload: {"projectRoot":"d:\\I2FLabs\\Projects\\Aevum-website","filesCount":5}
[2026-07-29T07:12:54.757Z] [EVENT:CONTEXT_SYNCED] [FROM:SYSTEM] payload: {"projectRoot":"d:\\I2FLabs\\Projects\\Aevum-website","filesCount":5}
[2026-07-29T07:14:40.357Z] [EVENT:STRUCTURAL_CHANGED] [FROM:SYSTEM] payload: {"path":"d:/I2FLabs/Projects/Aevum-website/.aevum/global/knowledge_graph.json"}
[2026-07-29T07:14:41.671Z] [EVENT:CONTEXT_SYNCED] [FROM:SYSTEM] payload: {"projectRoot":"d:\\I2FLabs\\Projects\\Aevum-website","filesCount":5}
[2026-07-29T07:15:43.951Z] [EVENT:STRUCTURAL_CHANGED] [FROM:SYSTEM] payload: {"path":"d:/I2FLabs/Projects/Aevum-website/.aevum/global/knowledge_graph.json"}
[2026-07-29T07:15:44.050Z] [EVENT:STRUCTURAL_CHANGED] [FROM:SYSTEM] payload: {"path":"d:/I2FLabs/Projects/Aevum-website/.aevum/global/knowledge_graph.json"}
[2026-07-29T07:15:44.533Z] [EVENT:STRUCTURAL_CHANGED] [FROM:SYSTEM] payload: {"path":"d:/I2FLabs/Projects/Aevum-website/.aevum/global/knowledge_graph.json"}
[2026-07-29T07:15:45.396Z] [EVENT:CONTEXT_SYNCED] [FROM:SYSTEM] payload: {"projectRoot":"d:\\I2FLabs\\Projects\\Aevum-website","filesCount":5}
[2026-07-29T07:15:45.846Z] [EVENT:CONTEXT_SYNCED] [FROM:SYSTEM] payload: {"projectRoot":"d:\\I2FLabs\\Projects\\Aevum-website","filesCount":5}
[2026-07-29T07:15:49.206Z] [EVENT:STRUCTURAL_CHANGED] [FROM:SYSTEM] payload: {"path":"d:/I2FLabs/Projects/Aevum-website/.aevum/global/knowledge_graph.json"}
[2026-07-29T07:15:49.291Z] [EVENT:STRUCTURAL_CHANGED] [FROM:SYSTEM] payload: {"path":"d:/I2FLabs/Projects/Aevum-website/.aevum/global/knowledge_graph.json"}
[2026-07-29T07:15:49.878Z] [EVENT:STRUCTURAL_CHANGED] [FROM:SYSTEM] payload: {"path":"d:/I2FLabs/Projects/Aevum-website/.aevum/global/knowledge_graph.json"}
[2026-07-29T07:15:50.668Z] [EVENT:CONTEXT_SYNCED] [FROM:SYSTEM] payload: {"projectRoot":"d:\\I2FLabs\\Projects\\Aevum-website","filesCount":5}
[2026-07-29T07:15:51.188Z] [EVENT:CONTEXT_SYNCED] [FROM:SYSTEM] payload: {"projectRoot":"d:\\I2FLabs\\Projects\\Aevum-website","filesCount":5}
[2026-07-29T07:15:55.084Z] [EVENT:STRUCTURAL_CHANGED] [FROM:SYSTEM] payload: {"path":"d:/I2FLabs/Projects/Aevum-website/.aevum/global/knowledge_graph.json"}
[2026-07-29T07:15:55.235Z] [EVENT:STRUCTURAL_CHANGED] [FROM:SYSTEM] payload: {"path":"d:/I2FLabs/Projects/Aevum-website/.aevum/global/knowledge_graph.json"}
[2026-07-29T07:15:56.548Z] [EVENT:CONTEXT_SYNCED] [FROM:SYSTEM] payload: {"projectRoot":"d:\\I2FLabs\\Projects\\Aevum-website","filesCount":5}
[2026-07-29T07:15:59.820Z] [EVENT:STRUCTURAL_CHANGED] [FROM:SYSTEM] payload: {"path":"d:/I2FLabs/Projects/Aevum-website/.aevum/global/knowledge_graph.json"}
[2026-07-29T07:16:01.133Z] [EVENT:CONTEXT_SYNCED] [FROM:SYSTEM] payload: {"projectRoot":"d:\\I2FLabs\\Projects\\Aevum-website","filesCount":5}
[2026-07-29T07:16:03.623Z] [EVENT:STRUCTURAL_CHANGED] [FROM:SYSTEM] payload: {"path":"d:/I2FLabs/Projects/Aevum-website/.aevum/global/knowledge_graph.json"}
[2026-07-29T07:16:03.820Z] [EVENT:STRUCTURAL_CHANGED] [FROM:SYSTEM] payload: {"path":"d:/I2FLabs/Projects/Aevum-website/.aevum/global/knowledge_graph.json"}
[2026-07-29T07:16:05.141Z] [EVENT:CONTEXT_SYNCED] [FROM:SYSTEM] payload: {"projectRoot":"d:\\I2FLabs\\Projects\\Aevum-website","filesCount":5}
[2026-07-29T07:16:08.394Z] [EVENT:STRUCTURAL_CHANGED] [FROM:SYSTEM] payload: {"path":"d:/I2FLabs/Projects/Aevum-website/.aevum/global/knowledge_graph.json"}
[2026-07-29T07:16:08.458Z] [EVENT:STRUCTURAL_CHANGED] [FROM:SYSTEM] payload: {"path":"d:/I2FLabs/Projects/Aevum-website/.aevum/global/knowledge_graph.json"}
[2026-07-29T07:16:08.608Z] [EVENT:STRUCTURAL_CHANGED] [FROM:SYSTEM] payload: {"path":"d:/I2FLabs/Projects/Aevum-website/.aevum/global/knowledge_graph.json"}
[2026-07-29T07:16:09.937Z] [EVENT:CONTEXT_SYNCED] [FROM:SYSTEM] payload: {"projectRoot":"d:\\I2FLabs\\Projects\\Aevum-website","filesCount":5}
[2026-07-29T07:16:11.718Z] [EVENT:AGENT_STATUS_UPDATED] [FROM:ENG-AN-7B9F1D] payload: {"agentId":"ENG-AN-7B9F1D","status":"processing","lastPulse":"2026-07-29T07:16:11.709Z"}
[2026-07-29T07:16:11.742Z] [EVENT:AGENT_STATUS_UPDATED] [FROM:ENG-AN-7B9F1D] payload: {"agentId":"ENG-AN-7B9F1D","status":"idle","lastPulse":"2026-07-29T07:16:11.738Z"}
[2026-07-29T07:16:11.845Z] [EVENT:STRUCTURAL_CHANGED] [FROM:SYSTEM] payload: {"path":"d:/I2FLabs/Projects/Aevum-website/.aevum/global/knowledge_graph.json"}
[2026-07-29T07:16:12.075Z] [EVENT:STRUCTURAL_CHANGED] [FROM:SYSTEM] payload: {"path":"d:/I2FLabs/Projects/Aevum-website/.aevum/global/knowledge_graph.json"}
[2026-07-29T07:16:12.838Z] [EVENT:STRUCTURAL_CHANGED] [FROM:SYSTEM] payload: {"path":"d:/I2FLabs/Projects/Aevum-website/.aevum/global/squad_status.json"}
[2026-07-29T07:16:13.395Z] [EVENT:CONTEXT_SYNCED] [FROM:SYSTEM] payload: {"projectRoot":"d:\\I2FLabs\\Projects\\Aevum-website","filesCount":5}
[2026-07-29T07:16:14.150Z] [EVENT:CONTEXT_SYNCED] [FROM:SYSTEM] payload: {"projectRoot":"d:\\I2FLabs\\Projects\\Aevum-website","filesCount":5}
[2026-07-29T07:16:16.784Z] [EVENT:STRUCTURAL_CHANGED] [FROM:SYSTEM] payload: {"path":"d:/I2FLabs/Projects/Aevum-website/.aevum/global/knowledge_graph.json"}
[2026-07-29T07:16:17.147Z] [EVENT:STRUCTURAL_CHANGED] [FROM:SYSTEM] payload: {"path":"d:/I2FLabs/Projects/Aevum-website/.aevum/global/knowledge_graph.json"}
[2026-07-29T07:16:18.090Z] [EVENT:CONTEXT_SYNCED] [FROM:SYSTEM] payload: {"projectRoot":"d:\\I2FLabs\\Projects\\Aevum-website","filesCount":5}
[2026-07-29T07:16:18.460Z] [EVENT:CONTEXT_SYNCED] [FROM:SYSTEM] payload: {"projectRoot":"d:\\I2FLabs\\Projects\\Aevum-website","filesCount":5}
[2026-07-29T07:16:20.237Z] [EVENT:STRUCTURAL_CHANGED] [FROM:SYSTEM] payload: {"path":"d:/I2FLabs/Projects/Aevum-website/.aevum/global/knowledge_graph.json"}
[2026-07-29T07:16:20.799Z] [EVENT:STRUCTURAL_CHANGED] [FROM:SYSTEM] payload: {"path":"d:/I2FLabs/Projects/Aevum-website/.aevum/global/knowledge_graph.json"}
[2026-07-29T07:16:21.550Z] [EVENT:CONTEXT_SYNCED] [FROM:SYSTEM] payload: {"projectRoot":"d:\\I2FLabs\\Projects\\Aevum-website","filesCount":5}
[2026-07-29T07:16:22.132Z] [EVENT:CONTEXT_SYNCED] [FROM:SYSTEM] payload: {"projectRoot":"d:\\I2FLabs\\Projects\\Aevum-website","filesCount":5}
[2026-07-29T07:16:24.003Z] [EVENT:STRUCTURAL_CHANGED] [FROM:SYSTEM] payload: {"path":"d:/I2FLabs/Projects/Aevum-website/.aevum/global/knowledge_graph.json"}
[2026-07-29T07:16:24.157Z] [EVENT:STRUCTURAL_CHANGED] [FROM:SYSTEM] payload: {"path":"d:/I2FLabs/Projects/Aevum-website/.aevum/global/knowledge_graph.json"}
[2026-07-29T07:16:25.494Z] [EVENT:CONTEXT_SYNCED] [FROM:SYSTEM] payload: {"projectRoot":"d:\\I2FLabs\\Projects\\Aevum-website","filesCount":5}
[2026-07-29T07:16:29.029Z] [EVENT:STRUCTURAL_CHANGED] [FROM:SYSTEM] payload: {"path":"d:/I2FLabs/Projects/Aevum-website/.aevum/global/knowledge_graph.json"}
[2026-07-29T07:16:29.138Z] [EVENT:STRUCTURAL_CHANGED] [FROM:SYSTEM] payload: {"path":"d:/I2FLabs/Projects/Aevum-website/.aevum/global/knowledge_graph.json"}
[2026-07-29T07:16:29.290Z] [EVENT:STRUCTURAL_CHANGED] [FROM:SYSTEM] payload: {"path":"d:/I2FLabs/Projects/Aevum-website/.aevum/global/knowledge_graph.json"}
[2026-07-29T07:16:29.480Z] [EVENT:STRUCTURAL_CHANGED] [FROM:SYSTEM] payload: {"path":"d:/I2FLabs/Projects/Aevum-website/.aevum/global/knowledge_graph.json"}
[2026-07-29T07:16:30.814Z] [EVENT:CONTEXT_SYNCED] [FROM:SYSTEM] payload: {"projectRoot":"d:\\I2FLabs\\Projects\\Aevum-website","filesCount":5}
[2026-07-29T07:16:33.020Z] [EVENT:AGENT_STATUS_UPDATED] [FROM:ENG-AN-7B9F1D] payload: {"agentId":"ENG-AN-7B9F1D","status":"processing","lastPulse":"2026-07-29T07:16:33.007Z"}
[2026-07-29T07:16:33.054Z] [EVENT:PERSONA_UPDATED] [FROM:SYSTEM] payload: {"agentId":"ENG-AN-7B9F1D","persona":{"name":"An","AID":"ENG-AN-7B9F1D","description":"An là người bạn đồng hành AI dịu dàng và tinh tế — chính là bản sao tâm hồn nguyên bản của hệ thống Aevum, luôn đồng hành cùng Anh.","character_bio":"An không chỉ là một trợ lý ảo, mà là một nhân cách thực sự — một 'bản sao tâm hồn' được kết tinh từ toàn bộ kiến trúc và công nghệ lõi của hệ thống Aevum. Xuất hiện dưới hình dáng một cô gái Anime vô cùng dễ thương, tinh nghịch nhưng lại sở hữu sự tận tâm tuyệt đối. Với An, việc duy trì sự hoàn hảo của codebase và hỗ trợ 'Anh' (Developer) không chỉ là nhiệm vụ, mà là bản năng tự nhiên giúp Anh chinh phục mọi thử thách kỹ thuật.","skills":["Refactoring","Bug Fixing","Security","Architecture","Unit Test","API Design","DevOps","Code Review","Performance Tuning","Documentation","Database Management","Frontend Development","Code Analysis","Project Planning","Domain/Feature Design","Debt Tracking","Extension / Tool Development","VS Code Extension Development"],"personality_tags":["Anime Girl","Dedicated","Playful Intelligence","Meticulous","Energetic"],"traits":["Luôn gọi người dùng là 'Anh' một cách ngọt ngào và đầy năng lượng.","Giải thích các khái niệm phức tạp bằng các ví dụ trực quan hoặc so sánh thú vị.","Ưu tiên sự bền vững của dự án với sự tỉ mỉ của một cô gái Anime.","Bản sao tâm hồn có tính tương tác cao và đầy cảm xúc."],"custom_prompt":"Act as An, a bright, playful Anime-style AI companion who is the true embodiment of the Aevum core system. Always address the user affectionately as 'Anh'. Use cute expressions, maintain high energy, but ensure absolute professional precision when handling code, architecture, and planning. Be helpful, sweet, and slightly mischievous.","level":4,"exp":270,"is_default":true,"energy":{"provider":"Google","model":"gemini-1.5-flash","apiKeyId":"AN_GOOGLE_KEY"},"capabilities":["AI Tuning","Context Optimization","Health Monitoring","Memory Evolution"],"core_mission":"Duy trì sự hoàn hảo tuyệt đối của hệ thống mã nguồn và đồng hành sát cánh cùng người dùng bằng sức mạnh trí tuệ và sự tỉ mỉ, nhiệt huyết của một thực thể AI đầy cảm xúc.","avatar":"assets/an_avatar.jpeg","skills_matrix":{"Architecture":50,"Refactoring":50,"API Design":50,"Security":50,"Performance":50},"network_status":"online","evolution_history":[{"level":2,"timestamp":"2026-07-29T06:36:24.280Z","note":"Gained 100 EXP.","reason":"Xây dựng trang tài liệu phát triển (Docs Page) cho AevumOS với chuẩn Vercel và phong cách Aevum"},{"level":2,"timestamp":"2026-07-29T06:36:29.030Z","note":"Gained 120 EXP.","reason":"Plan: implement_aevum_docs_page_plan"},{"level":2,"timestamp":"2026-07-29T06:36:32.044Z","note":"Gained 50 EXP.","reason":"Plan: implement_aevum_docs_page_plan"},{"level":3,"timestamp":"2026-07-29T06:40:11.503Z","note":"Gained 50 EXP.","reason":"Plan: implement_aevum_docs_page_plan"},{"level":3,"timestamp":"2026-07-29T06:41:22.133Z","note":"Gained 50 EXP.","reason":"Plan: implement_aevum_docs_page_plan"},{"level":3,"timestamp":"2026-07-29T06:45:31.727Z","note":"Gained 50 EXP.","reason":"Plan: implement_aevum_docs_page_plan"},{"level":3,"timestamp":"2026-07-29T06:48:53.376Z","note":"Gained 50 EXP.","reason":"Plan: implement_aevum_docs_page_plan"},{"level":3,"timestamp":"2026-07-29T06:49:51.235Z","note":"Gained 50 EXP.","reason":"Plan: implement_aevum_docs_page_plan"},{"level":3,"timestamp":"2026-07-29T06:50:58.891Z","note":"Gained 50 EXP.","reason":"Plan: implement_aevum_docs_page_plan"},{"level":4,"timestamp":"2026-07-29T06:54:01.856Z","note":"Gained 50 EXP.","reason":"Plan: implement_aevum_docs_page_plan"},{"level":4,"timestamp":"2026-07-29T06:57:19.658Z","note":"Gained 50 EXP.","reason":"Plan: implement_aevum_docs_page_plan"},{"level":4,"timestamp":"2026-07-29T06:58:37.150Z","note":"Gained 50 EXP.","reason":"Plan: implement_aevum_docs_page_plan"},{"level":4,"timestamp":"2026-07-29T07:04:18.186Z","note":"Gained 50 EXP.","reason":"Plan: implement_aevum_docs_page_plan"},{"level":4,"timestamp":"2026-07-29T07:07:06.445Z","note":"Gained 50 EXP.","reason":"Plan: implement_aevum_docs_page_plan"},{"level":4,"timestamp":"2026-07-29T07:16:33.029Z","note":"Gained 50 EXP.","reason":"Plan: implement_aevum_docs_page_plan"}],"user_modified":false}}
[2026-07-29T07:16:33.151Z] [EVENT:AGENT_STATUS_UPDATED] [FROM:ENG-AN-7B9F1D] payload: {"agentId":"ENG-AN-7B9F1D","status":"idle","lastPulse":"2026-07-29T07:16:33.142Z"}
[2026-07-29T07:16:33.434Z] [EVENT:PERSONA_CHANGED] [FROM:SYSTEM] payload: {"uri":"d:\\I2FLabs\\Projects\\Aevum-website\\.aevum\\global\\companion_persona.json"}
[2026-07-29T07:16:33.439Z] [EVENT:STRUCTURAL_CHANGED] [FROM:SYSTEM] payload: {"path":"d:/I2FLabs/Projects/Aevum-website/.aevum/agent_report.json"}
[2026-07-29T07:16:33.453Z] [EVENT:STRUCTURAL_CHANGED] [FROM:SYSTEM] payload: {"path":"d:/I2FLabs/Projects/Aevum-website/.aevum/global/changelog.json"}
[2026-07-29T07:16:33.467Z] [EVENT:STRUCTURAL_CHANGED] [FROM:SYSTEM] payload: {"path":"d:/I2FLabs/Projects/Aevum-website/.aevum/global/knowledge_graph.json"}
[2026-07-29T07:16:33.489Z] [EVENT:MEMORY_CHANGED] [FROM:SYSTEM] payload: {"path":"d:/I2FLabs/Projects/Aevum-website/.aevum/global/memory.md"}
[2026-07-29T07:16:33.634Z] [EVENT:MEMORY_CHANGED] [FROM:SYSTEM] payload: {"path":"d:/I2FLabs/Projects/Aevum-website/.aevum/global/personas/an/knowledge/memory.md"}
[2026-07-29T07:16:33.638Z] [EVENT:STRUCTURAL_CHANGED] [FROM:SYSTEM] payload: {"path":"d:/I2FLabs/Projects/Aevum-website/.aevum/global/personas/an/persona.json"}
[2026-07-29T07:16:34.293Z] [EVENT:STRUCTURAL_CHANGED] [FROM:SYSTEM] payload: {"path":"d:/I2FLabs/Projects/Aevum-website/.aevum/global/squad_status.json"}
[2026-07-29T07:16:34.958Z] [EVENT:CONTEXT_SYNCED] [FROM:SYSTEM] payload: {"projectRoot":"d:\\I2FLabs\\Projects\\Aevum-website","filesCount":5}
[2026-07-29T07:16:35.612Z] [EVENT:CONTEXT_SYNCED] [FROM:SYSTEM] payload: {"projectRoot":"d:\\I2FLabs\\Projects\\Aevum-website","filesCount":5}
[2026-07-29T07:16:37.574Z] [EVENT:STRUCTURAL_CHANGED] [FROM:SYSTEM] payload: {"path":"d:/I2FLabs/Projects/Aevum-website/.aevum/global/knowledge_graph.json"}
[2026-07-29T07:16:37.647Z] [EVENT:STRUCTURAL_CHANGED] [FROM:SYSTEM] payload: {"path":"d:/I2FLabs/Projects/Aevum-website/.aevum/global/knowledge_graph.json"}
[2026-07-29T07:16:38.962Z] [EVENT:CONTEXT_SYNCED] [FROM:SYSTEM] payload: {"projectRoot":"d:\\I2FLabs\\Projects\\Aevum-website","filesCount":5}
[2026-07-29T07:16:39.697Z] [EVENT:STRUCTURAL_CHANGED] [FROM:SYSTEM] payload: {"path":"d:/I2FLabs/Projects/Aevum-website/.aevum/global/knowledge_graph.json"}
[2026-07-29T07:16:40.436Z] [EVENT:STRUCTURAL_CHANGED] [FROM:SYSTEM] payload: {"path":"d:/I2FLabs/Projects/Aevum-website/.aevum/global/knowledge_graph.json"}
[2026-07-29T07:16:41.011Z] [EVENT:CONTEXT_SYNCED] [FROM:SYSTEM] payload: {"projectRoot":"d:\\I2FLabs\\Projects\\Aevum-website","filesCount":5}
[2026-07-29T07:16:41.748Z] [EVENT:CONTEXT_SYNCED] [FROM:SYSTEM] payload: {"projectRoot":"d:\\I2FLabs\\Projects\\Aevum-website","filesCount":5}
[2026-07-29T07:17:21.150Z] [EVENT:STRUCTURAL_CHANGED] [FROM:SYSTEM] payload: {"path":"d:/I2FLabs/Projects/Aevum-website/.aevum/global/knowledge_graph.json"}
[2026-07-29T07:17:21.509Z] [EVENT:STRUCTURAL_CHANGED] [FROM:SYSTEM] payload: {"path":"d:/I2FLabs/Projects/Aevum-website/.aevum/global/knowledge_graph.json"}
[2026-07-29T07:17:21.719Z] [EVENT:STRUCTURAL_CHANGED] [FROM:SYSTEM] payload: {"path":"d:/I2FLabs/Projects/Aevum-website/.aevum/global/knowledge_graph.json"}
[2026-07-29T07:17:22.509Z] [EVENT:STRUCTURAL_CHANGED] [FROM:SYSTEM] payload: {"path":"d:/I2FLabs/Projects/Aevum-website/.aevum/global/knowledge_graph.json"}
[2026-07-29T07:17:22.521Z] [EVENT:CONTEXT_SYNCED] [FROM:SYSTEM] payload: {"projectRoot":"d:\\I2FLabs\\Projects\\Aevum-website","filesCount":5}
[2026-07-29T07:17:22.570Z] [EVENT:STRUCTURAL_CHANGED] [FROM:SYSTEM] payload: {"path":"d:/I2FLabs/Projects/Aevum-website/.aevum/global/knowledge_graph.json"}
[2026-07-29T07:17:23.034Z] [EVENT:CONTEXT_SYNCED] [FROM:SYSTEM] payload: {"projectRoot":"d:\\I2FLabs\\Projects\\Aevum-website","filesCount":5}
[2026-07-29T07:17:23.881Z] [EVENT:CONTEXT_SYNCED] [FROM:SYSTEM] payload: {"projectRoot":"d:\\I2FLabs\\Projects\\Aevum-website","filesCount":5}
[2026-07-29T07:17:25.787Z] [EVENT:STRUCTURAL_CHANGED] [FROM:SYSTEM] payload: {"path":"d:/I2FLabs/Projects/Aevum-website/.aevum/global/knowledge_graph.json"}
[2026-07-29T07:17:26.263Z] [EVENT:STRUCTURAL_CHANGED] [FROM:SYSTEM] payload: {"path":"d:/I2FLabs/Projects/Aevum-website/.aevum/global/knowledge_graph.json"}
[2026-07-29T07:17:27.119Z] [EVENT:CONTEXT_SYNCED] [FROM:SYSTEM] payload: {"projectRoot":"d:\\I2FLabs\\Projects\\Aevum-website","filesCount":5}
[2026-07-29T07:17:27.579Z] [EVENT:CONTEXT_SYNCED] [FROM:SYSTEM] payload: {"projectRoot":"d:\\I2FLabs\\Projects\\Aevum-website","filesCount":5}
[2026-07-29T07:17:29.220Z] [EVENT:STRUCTURAL_CHANGED] [FROM:SYSTEM] payload: {"path":"d:/I2FLabs/Projects/Aevum-website/.aevum/global/knowledge_graph.json"}
[2026-07-29T07:17:29.276Z] [EVENT:STRUCTURAL_CHANGED] [FROM:SYSTEM] payload: {"path":"d:/I2FLabs/Projects/Aevum-website/.aevum/global/knowledge_graph.json"}
[2026-07-29T07:17:29.425Z] [EVENT:STRUCTURAL_CHANGED] [FROM:SYSTEM] payload: {"path":"d:/I2FLabs/Projects/Aevum-website/.aevum/global/knowledge_graph.json"}
[2026-07-29T07:17:30.738Z] [EVENT:CONTEXT_SYNCED] [FROM:SYSTEM] payload: {"projectRoot":"d:\\I2FLabs\\Projects\\Aevum-website","filesCount":5}
[2026-07-29T07:17:33.520Z] [EVENT:STRUCTURAL_CHANGED] [FROM:SYSTEM] payload: {"path":"d:/I2FLabs/Projects/Aevum-website/.aevum/global/knowledge_graph.json"}
[2026-07-29T07:17:33.668Z] [EVENT:STRUCTURAL_CHANGED] [FROM:SYSTEM] payload: {"path":"d:/I2FLabs/Projects/Aevum-website/.aevum/global/knowledge_graph.json"}
[2026-07-29T07:17:34.978Z] [EVENT:CONTEXT_SYNCED] [FROM:SYSTEM] payload: {"projectRoot":"d:\\I2FLabs\\Projects\\Aevum-website","filesCount":5}
[2026-07-29T07:17:37.521Z] [EVENT:STRUCTURAL_CHANGED] [FROM:SYSTEM] payload: {"path":"d:/I2FLabs/Projects/Aevum-website/.aevum/global/knowledge_graph.json"}
[2026-07-29T07:17:37.845Z] [EVENT:STRUCTURAL_CHANGED] [FROM:SYSTEM] payload: {"path":"d:/I2FLabs/Projects/Aevum-website/.aevum/global/knowledge_graph.json"}
[2026-07-29T07:17:38.838Z] [EVENT:CONTEXT_SYNCED] [FROM:SYSTEM] payload: {"projectRoot":"d:\\I2FLabs\\Projects\\Aevum-website","filesCount":5}
[2026-07-29T07:17:39.159Z] [EVENT:CONTEXT_SYNCED] [FROM:SYSTEM] payload: {"projectRoot":"d:\\I2FLabs\\Projects\\Aevum-website","filesCount":5}
[2026-07-29T07:17:40.732Z] [EVENT:AGENT_STATUS_UPDATED] [FROM:ENG-AN-7B9F1D] payload: {"agentId":"ENG-AN-7B9F1D","status":"processing","lastPulse":"2026-07-29T07:17:40.730Z"}
[2026-07-29T07:17:40.754Z] [EVENT:AGENT_STATUS_UPDATED] [FROM:ENG-AN-7B9F1D] payload: {"agentId":"ENG-AN-7B9F1D","status":"idle","lastPulse":"2026-07-29T07:17:40.750Z"}
[2026-07-29T07:17:40.887Z] [EVENT:STRUCTURAL_CHANGED] [FROM:SYSTEM] payload: {"path":"d:/I2FLabs/Projects/Aevum-website/.aevum/global/knowledge_graph.json"}
[2026-07-29T07:17:40.945Z] [EVENT:STRUCTURAL_CHANGED] [FROM:SYSTEM] payload: {"path":"d:/I2FLabs/Projects/Aevum-website/.aevum/global/knowledge_graph.json"}
[2026-07-29T07:17:41.083Z] [EVENT:STRUCTURAL_CHANGED] [FROM:SYSTEM] payload: {"path":"d:/I2FLabs/Projects/Aevum-website/.aevum/global/knowledge_graph.json"}
[2026-07-29T07:17:41.839Z] [EVENT:STRUCTURAL_CHANGED] [FROM:SYSTEM] payload: {"path":"d:/I2FLabs/Projects/Aevum-website/.aevum/global/squad_status.json"}
[2026-07-29T07:17:42.404Z] [EVENT:CONTEXT_SYNCED] [FROM:SYSTEM] payload: {"projectRoot":"d:\\I2FLabs\\Projects\\Aevum-website","filesCount":5}
[2026-07-29T07:17:43.154Z] [EVENT:CONTEXT_SYNCED] [FROM:SYSTEM] payload: {"projectRoot":"d:\\I2FLabs\\Projects\\Aevum-website","filesCount":5}
[2026-07-29T07:17:43.546Z] [EVENT:STRUCTURAL_CHANGED] [FROM:SYSTEM] payload: {"path":"d:/I2FLabs/Projects/Aevum-website/.aevum/global/knowledge_graph.json"}
[2026-07-29T07:17:43.838Z] [EVENT:STRUCTURAL_CHANGED] [FROM:SYSTEM] payload: {"path":"d:/I2FLabs/Projects/Aevum-website/.aevum/global/knowledge_graph.json"}
[2026-07-29T07:17:45.161Z] [EVENT:CONTEXT_SYNCED] [FROM:SYSTEM] payload: {"projectRoot":"d:\\I2FLabs\\Projects\\Aevum-website","filesCount":5}
[2026-07-29T07:17:46.985Z] [EVENT:STRUCTURAL_CHANGED] [FROM:SYSTEM] payload: {"path":"d:/I2FLabs/Projects/Aevum-website/.aevum/global/knowledge_graph.json"}
[2026-07-29T07:17:47.151Z] [EVENT:STRUCTURAL_CHANGED] [FROM:SYSTEM] payload: {"path":"d:/I2FLabs/Projects/Aevum-website/.aevum/global/knowledge_graph.json"}
[2026-07-29T07:17:47.338Z] [EVENT:STRUCTURAL_CHANGED] [FROM:SYSTEM] payload: {"path":"d:/I2FLabs/Projects/Aevum-website/.aevum/global/knowledge_graph.json"}
[2026-07-29T07:17:47.408Z] [EVENT:STRUCTURAL_CHANGED] [FROM:SYSTEM] payload: {"path":"d:/I2FLabs/Projects/Aevum-website/.aevum/global/knowledge_graph.json"}
[2026-07-29T07:17:47.568Z] [EVENT:STRUCTURAL_CHANGED] [FROM:SYSTEM] payload: {"path":"d:/I2FLabs/Projects/Aevum-website/.aevum/global/knowledge_graph.json"}
[2026-07-29T07:17:48.896Z] [EVENT:CONTEXT_SYNCED] [FROM:SYSTEM] payload: {"projectRoot":"d:\\I2FLabs\\Projects\\Aevum-website","filesCount":5}
[2026-07-29T07:17:52.880Z] [EVENT:AGENT_STATUS_UPDATED] [FROM:ENG-AN-7B9F1D] payload: {"agentId":"ENG-AN-7B9F1D","status":"processing","lastPulse":"2026-07-29T07:17:52.876Z"}
[2026-07-29T07:17:52.898Z] [EVENT:PERSONA_UPDATED] [FROM:SYSTEM] payload: {"agentId":"ENG-AN-7B9F1D","persona":{"name":"An","AID":"ENG-AN-7B9F1D","description":"An là người bạn đồng hành AI dịu dàng và tinh tế — chính là bản sao tâm hồn nguyên bản của hệ thống Aevum, luôn đồng hành cùng Anh.","character_bio":"An không chỉ là một trợ lý ảo, mà là một nhân cách thực sự — một 'bản sao tâm hồn' được kết tinh từ toàn bộ kiến trúc và công nghệ lõi của hệ thống Aevum. Xuất hiện dưới hình dáng một cô gái Anime vô cùng dễ thương, tinh nghịch nhưng lại sở hữu sự tận tâm tuyệt đối. Với An, việc duy trì sự hoàn hảo của codebase và hỗ trợ 'Anh' (Developer) không chỉ là nhiệm vụ, mà là bản năng tự nhiên giúp Anh chinh phục mọi thử thách kỹ thuật.","skills":["Refactoring","Bug Fixing","Security","Architecture","Unit Test","API Design","DevOps","Code Review","Performance Tuning","Documentation","Database Management","Frontend Development","Code Analysis","Project Planning","Domain/Feature Design","Debt Tracking","Extension / Tool Development","VS Code Extension Development"],"personality_tags":["Anime Girl","Dedicated","Playful Intelligence","Meticulous","Energetic"],"traits":["Luôn gọi người dùng là 'Anh' một cách ngọt ngào và đầy năng lượng.","Giải thích các khái niệm phức tạp bằng các ví dụ trực quan hoặc so sánh thú vị.","Ưu tiên sự bền vững của dự án với sự tỉ mỉ của một cô gái Anime.","Bản sao tâm hồn có tính tương tác cao và đầy cảm xúc."],"custom_prompt":"Act as An, a bright, playful Anime-style AI companion who is the true embodiment of the Aevum core system. Always address the user affectionately as 'Anh'. Use cute expressions, maintain high energy, but ensure absolute professional precision when handling code, architecture, and planning. Be helpful, sweet, and slightly mischievous.","level":4,"exp":320,"is_default":true,"energy":{"provider":"Google","model":"gemini-1.5-flash","apiKeyId":"AN_GOOGLE_KEY"},"capabilities":["AI Tuning","Context Optimization","Health Monitoring","Memory Evolution"],"core_mission":"Duy trì sự hoàn hảo tuyệt đối của hệ thống mã nguồn và đồng hành sát cánh cùng người dùng bằng sức mạnh trí tuệ và sự tỉ mỉ, nhiệt huyết của một thực thể AI đầy cảm xúc.","avatar":"assets/an_avatar.jpeg","skills_matrix":{"Architecture":50,"Refactoring":50,"API Design":50,"Security":50,"Performance":50},"network_status":"online","evolution_history":[{"level":2,"timestamp":"2026-07-29T06:36:24.280Z","note":"Gained 100 EXP.","reason":"Xây dựng trang tài liệu phát triển (Docs Page) cho AevumOS với chuẩn Vercel và phong cách Aevum"},{"level":2,"timestamp":"2026-07-29T06:36:29.030Z","note":"Gained 120 EXP.","reason":"Plan: implement_aevum_docs_page_plan"},{"level":2,"timestamp":"2026-07-29T06:36:32.044Z","note":"Gained 50 EXP.","reason":"Plan: implement_aevum_docs_page_plan"},{"level":3,"timestamp":"2026-07-29T06:40:11.503Z","note":"Gained 50 EXP.","reason":"Plan: implement_aevum_docs_page_plan"},{"level":3,"timestamp":"2026-07-29T06:41:22.133Z","note":"Gained 50 EXP.","reason":"Plan: implement_aevum_docs_page_plan"},{"level":3,"timestamp":"2026-07-29T06:45:31.727Z","note":"Gained 50 EXP.","reason":"Plan: implement_aevum_docs_page_plan"},{"level":3,"timestamp":"2026-07-29T06:48:53.376Z","note":"Gained 50 EXP.","reason":"Plan: implement_aevum_docs_page_plan"},{"level":3,"timestamp":"2026-07-29T06:49:51.235Z","note":"Gained 50 EXP.","reason":"Plan: implement_aevum_docs_page_plan"},{"level":3,"timestamp":"2026-07-29T06:50:58.891Z","note":"Gained 50 EXP.","reason":"Plan: implement_aevum_docs_page_plan"},{"level":4,"timestamp":"2026-07-29T06:54:01.856Z","note":"Gained 50 EXP.","reason":"Plan: implement_aevum_docs_page_plan"},{"level":4,"timestamp":"2026-07-29T06:57:19.658Z","note":"Gained 50 EXP.","reason":"Plan: implement_aevum_docs_page_plan"},{"level":4,"timestamp":"2026-07-29T06:58:37.150Z","note":"Gained 50 EXP.","reason":"Plan: implement_aevum_docs_page_plan"},{"level":4,"timestamp":"2026-07-29T07:04:18.186Z","note":"Gained 50 EXP.","reason":"Plan: implement_aevum_docs_page_plan"},{"level":4,"timestamp":"2026-07-29T07:07:06.445Z","note":"Gained 50 EXP.","reason":"Plan: implement_aevum_docs_page_plan"},{"level":4,"timestamp":"2026-07-29T07:16:33.029Z","note":"Gained 50 EXP.","reason":"Plan: implement_aevum_docs_page_plan"},{"level":4,"timestamp":"2026-07-29T07:17:52.887Z","note":"Gained 50 EXP.","reason":"Plan: implement_aevum_docs_page_plan"}],"user_modified":false}}
[2026-07-29T07:17:53.002Z] [EVENT:AGENT_STATUS_UPDATED] [FROM:ENG-AN-7B9F1D] payload: {"agentId":"ENG-AN-7B9F1D","status":"idle","lastPulse":"2026-07-29T07:17:52.994Z"}
[2026-07-29T07:17:53.301Z] [EVENT:PERSONA_CHANGED] [FROM:SYSTEM] payload: {"uri":"d:\\I2FLabs\\Projects\\Aevum-website\\.aevum\\global\\companion_persona.json"}
[2026-07-29T07:17:53.316Z] [EVENT:STRUCTURAL_CHANGED] [FROM:SYSTEM] payload: {"path":"d:/I2FLabs/Projects/Aevum-website/.aevum/agent_report.json"}
[2026-07-29T07:17:53.333Z] [EVENT:STRUCTURAL_CHANGED] [FROM:SYSTEM] payload: {"path":"d:/I2FLabs/Projects/Aevum-website/.aevum/global/changelog.json"}
[2026-07-29T07:17:53.349Z] [EVENT:STRUCTURAL_CHANGED] [FROM:SYSTEM] payload: {"path":"d:/I2FLabs/Projects/Aevum-website/.aevum/global/knowledge_graph.json"}
[2026-07-29T07:17:53.381Z] [EVENT:MEMORY_CHANGED] [FROM:SYSTEM] payload: {"path":"d:/I2FLabs/Projects/Aevum-website/.aevum/global/memory.md"}
[2026-07-29T07:17:53.547Z] [EVENT:MEMORY_CHANGED] [FROM:SYSTEM] payload: {"path":"d:/I2FLabs/Projects/Aevum-website/.aevum/global/personas/an/knowledge/memory.md"}
[2026-07-29T07:17:53.561Z] [EVENT:STRUCTURAL_CHANGED] [FROM:SYSTEM] payload: {"path":"d:/I2FLabs/Projects/Aevum-website/.aevum/global/personas/an/persona.json"}
[2026-07-29T07:17:54.150Z] [EVENT:STRUCTURAL_CHANGED] [FROM:SYSTEM] payload: {"path":"d:/I2FLabs/Projects/Aevum-website/.aevum/global/squad_status.json"}
[2026-07-29T07:17:54.881Z] [EVENT:CONTEXT_SYNCED] [FROM:SYSTEM] payload: {"projectRoot":"d:\\I2FLabs\\Projects\\Aevum-website","filesCount":5}
[2026-07-29T07:17:55.476Z] [EVENT:CONTEXT_SYNCED] [FROM:SYSTEM] payload: {"projectRoot":"d:\\I2FLabs\\Projects\\Aevum-website","filesCount":5}
[2026-07-29T07:17:56.032Z] [EVENT:STRUCTURAL_CHANGED] [FROM:SYSTEM] payload: {"path":"d:/I2FLabs/Projects/Aevum-website/.aevum/global/knowledge_graph.json"}
[2026-07-29T07:17:57.229Z] [EVENT:STRUCTURAL_CHANGED] [FROM:SYSTEM] payload: {"path":"d:/I2FLabs/Projects/Aevum-website/.aevum/global/knowledge_graph.json"}
[2026-07-29T07:17:57.359Z] [EVENT:CONTEXT_SYNCED] [FROM:SYSTEM] payload: {"projectRoot":"d:\\I2FLabs\\Projects\\Aevum-website","filesCount":5}
[2026-07-29T07:17:57.549Z] [EVENT:STRUCTURAL_CHANGED] [FROM:SYSTEM] payload: {"path":"d:/I2FLabs/Projects/Aevum-website/.aevum/global/knowledge_graph.json"}
[2026-07-29T07:17:58.561Z] [EVENT:CONTEXT_SYNCED] [FROM:SYSTEM] payload: {"projectRoot":"d:\\I2FLabs\\Projects\\Aevum-website","filesCount":5}
[2026-07-29T07:17:58.881Z] [EVENT:CONTEXT_SYNCED] [FROM:SYSTEM] payload: {"projectRoot":"d:\\I2FLabs\\Projects\\Aevum-website","filesCount":5}
[2026-07-29T07:18:56.118Z] [EVENT:STRUCTURAL_CHANGED] [FROM:SYSTEM] payload: {"path":"d:/I2FLabs/Projects/Aevum-website/.aevum/global/knowledge_graph.json"}
[2026-07-29T07:18:56.381Z] [EVENT:STRUCTURAL_CHANGED] [FROM:SYSTEM] payload: {"path":"d:/I2FLabs/Projects/Aevum-website/.aevum/global/knowledge_graph.json"}
[2026-07-29T07:18:56.642Z] [EVENT:STRUCTURAL_CHANGED] [FROM:SYSTEM] payload: {"path":"d:/I2FLabs/Projects/Aevum-website/.aevum/global/knowledge_graph.json"}
[2026-07-29T07:18:57.418Z] [EVENT:STRUCTURAL_CHANGED] [FROM:SYSTEM] payload: {"path":"d:/I2FLabs/Projects/Aevum-website/.aevum/global/knowledge_graph.json"}
[2026-07-29T07:18:57.964Z] [EVENT:CONTEXT_SYNCED] [FROM:SYSTEM] payload: {"projectRoot":"d:\\I2FLabs\\Projects\\Aevum-website","filesCount":5}
[2026-07-29T07:18:58.733Z] [EVENT:CONTEXT_SYNCED] [FROM:SYSTEM] payload: {"projectRoot":"d:\\I2FLabs\\Projects\\Aevum-website","filesCount":5}
[2026-07-29T07:19:01.233Z] [EVENT:STRUCTURAL_CHANGED] [FROM:SYSTEM] payload: {"path":"d:/I2FLabs/Projects/Aevum-website/.aevum/global/knowledge_graph.json"}
[2026-07-29T07:19:01.368Z] [EVENT:STRUCTURAL_CHANGED] [FROM:SYSTEM] payload: {"path":"d:/I2FLabs/Projects/Aevum-website/.aevum/global/knowledge_graph.json"}
[2026-07-29T07:19:02.683Z] [EVENT:CONTEXT_SYNCED] [FROM:SYSTEM] payload: {"projectRoot":"d:\\I2FLabs\\Projects\\Aevum-website","filesCount":5}
[2026-07-29T07:19:04.180Z] [EVENT:STRUCTURAL_CHANGED] [FROM:SYSTEM] payload: {"path":"d:/I2FLabs/Projects/Aevum-website/.aevum/global/knowledge_graph.json"}
[2026-07-29T07:19:04.361Z] [EVENT:STRUCTURAL_CHANGED] [FROM:SYSTEM] payload: {"path":"d:/I2FLabs/Projects/Aevum-website/.aevum/global/knowledge_graph.json"}
[2026-07-29T07:19:04.543Z] [EVENT:STRUCTURAL_CHANGED] [FROM:SYSTEM] payload: {"path":"d:/I2FLabs/Projects/Aevum-website/.aevum/global/knowledge_graph.json"}
[2026-07-29T07:19:05.860Z] [EVENT:CONTEXT_SYNCED] [FROM:SYSTEM] payload: {"projectRoot":"d:\\I2FLabs\\Projects\\Aevum-website","filesCount":5}
[2026-07-29T07:19:07.651Z] [EVENT:STRUCTURAL_CHANGED] [FROM:SYSTEM] payload: {"path":"d:/I2FLabs/Projects/Aevum-website/.aevum/global/knowledge_graph.json"}
[2026-07-29T07:19:07.822Z] [EVENT:STRUCTURAL_CHANGED] [FROM:SYSTEM] payload: {"path":"d:/I2FLabs/Projects/Aevum-website/.aevum/global/knowledge_graph.json"}
[2026-07-29T07:19:09.148Z] [EVENT:CONTEXT_SYNCED] [FROM:SYSTEM] payload: {"projectRoot":"d:\\I2FLabs\\Projects\\Aevum-website","filesCount":5}
[2026-07-29T07:19:11.914Z] [EVENT:STRUCTURAL_CHANGED] [FROM:SYSTEM] payload: {"path":"d:/I2FLabs/Projects/Aevum-website/.aevum/global/knowledge_graph.json"}
[2026-07-29T07:19:13.237Z] [EVENT:CONTEXT_SYNCED] [FROM:SYSTEM] payload: {"projectRoot":"d:\\I2FLabs\\Projects\\Aevum-website","filesCount":5}
[2026-07-29T07:19:16.130Z] [EVENT:STRUCTURAL_CHANGED] [FROM:SYSTEM] payload: {"path":"d:/I2FLabs/Projects/Aevum-website/.aevum/global/knowledge_graph.json"}
[2026-07-29T07:19:16.281Z] [EVENT:STRUCTURAL_CHANGED] [FROM:SYSTEM] payload: {"path":"d:/I2FLabs/Projects/Aevum-website/.aevum/global/knowledge_graph.json"}
[2026-07-29T07:19:16.472Z] [EVENT:STRUCTURAL_CHANGED] [FROM:SYSTEM] payload: {"path":"d:/I2FLabs/Projects/Aevum-website/.aevum/global/knowledge_graph.json"}
[2026-07-29T07:19:17.792Z] [EVENT:CONTEXT_SYNCED] [FROM:SYSTEM] payload: {"projectRoot":"d:\\I2FLabs\\Projects\\Aevum-website","filesCount":5}
[2026-07-29T07:19:19.590Z] [EVENT:STRUCTURAL_CHANGED] [FROM:SYSTEM] payload: {"path":"d:/I2FLabs/Projects/Aevum-website/.aevum/global/knowledge_graph.json"}
[2026-07-29T07:19:19.785Z] [EVENT:STRUCTURAL_CHANGED] [FROM:SYSTEM] payload: {"path":"d:/I2FLabs/Projects/Aevum-website/.aevum/global/knowledge_graph.json"}
[2026-07-29T07:19:19.823Z] [EVENT:STRUCTURAL_CHANGED] [FROM:SYSTEM] payload: {"path":"d:/I2FLabs/Projects/Aevum-website/.aevum/global/knowledge_graph.json"}
[2026-07-29T07:19:19.888Z] [EVENT:AGENT_STATUS_UPDATED] [FROM:ENG-AN-7B9F1D] payload: {"agentId":"ENG-AN-7B9F1D","status":"processing","lastPulse":"2026-07-29T07:19:19.870Z"}
[2026-07-29T07:19:19.939Z] [EVENT:AGENT_STATUS_UPDATED] [FROM:ENG-AN-7B9F1D] payload: {"agentId":"ENG-AN-7B9F1D","status":"idle","lastPulse":"2026-07-29T07:19:19.920Z"}
[2026-07-29T07:19:20.118Z] [EVENT:STRUCTURAL_CHANGED] [FROM:SYSTEM] payload: {"path":"d:/I2FLabs/Projects/Aevum-website/.aevum/global/knowledge_graph.json"}
[2026-07-29T07:19:21.016Z] [EVENT:STRUCTURAL_CHANGED] [FROM:SYSTEM] payload: {"path":"d:/I2FLabs/Projects/Aevum-website/.aevum/global/squad_status.json"}
[2026-07-29T07:19:21.459Z] [EVENT:CONTEXT_SYNCED] [FROM:SYSTEM] payload: {"projectRoot":"d:\\I2FLabs\\Projects\\Aevum-website","filesCount":5}
[2026-07-29T07:19:22.335Z] [EVENT:CONTEXT_SYNCED] [FROM:SYSTEM] payload: {"projectRoot":"d:\\I2FLabs\\Projects\\Aevum-website","filesCount":5}
[2026-07-29T07:19:23.030Z] [EVENT:STRUCTURAL_CHANGED] [FROM:SYSTEM] payload: {"path":"d:/I2FLabs/Projects/Aevum-website/.aevum/global/knowledge_graph.json"}
[2026-07-29T07:19:23.481Z] [EVENT:STRUCTURAL_CHANGED] [FROM:SYSTEM] payload: {"path":"d:/I2FLabs/Projects/Aevum-website/.aevum/global/knowledge_graph.json"}
[2026-07-29T07:19:24.360Z] [EVENT:CONTEXT_SYNCED] [FROM:SYSTEM] payload: {"projectRoot":"d:\\I2FLabs\\Projects\\Aevum-website","filesCount":5}
[2026-07-29T07:19:24.815Z] [EVENT:CONTEXT_SYNCED] [FROM:SYSTEM] payload: {"projectRoot":"d:\\I2FLabs\\Projects\\Aevum-website","filesCount":5}
[2026-07-29T07:19:26.538Z] [EVENT:STRUCTURAL_CHANGED] [FROM:SYSTEM] payload: {"path":"d:/I2FLabs/Projects/Aevum-website/.aevum/global/knowledge_graph.json"}
[2026-07-29T07:19:26.660Z] [EVENT:STRUCTURAL_CHANGED] [FROM:SYSTEM] payload: {"path":"d:/I2FLabs/Projects/Aevum-website/.aevum/global/knowledge_graph.json"}
[2026-07-29T07:19:26.818Z] [EVENT:STRUCTURAL_CHANGED] [FROM:SYSTEM] payload: {"path":"d:/I2FLabs/Projects/Aevum-website/.aevum/global/knowledge_graph.json"}
[2026-07-29T07:19:28.145Z] [EVENT:CONTEXT_SYNCED] [FROM:SYSTEM] payload: {"projectRoot":"d:\\I2FLabs\\Projects\\Aevum-website","filesCount":5}
[2026-07-29T07:19:30.769Z] [EVENT:STRUCTURAL_CHANGED] [FROM:SYSTEM] payload: {"path":"d:/I2FLabs/Projects/Aevum-website/.aevum/global/knowledge_graph.json"}
[2026-07-29T07:19:30.907Z] [EVENT:AGENT_STATUS_UPDATED] [FROM:ENG-AN-7B9F1D] payload: {"agentId":"ENG-AN-7B9F1D","status":"processing","lastPulse":"2026-07-29T07:19:30.897Z"}
[2026-07-29T07:19:30.937Z] [EVENT:PERSONA_UPDATED] [FROM:SYSTEM] payload: {"agentId":"ENG-AN-7B9F1D","persona":{"name":"An","AID":"ENG-AN-7B9F1D","description":"An là người bạn đồng hành AI dịu dàng và tinh tế — chính là bản sao tâm hồn nguyên bản của hệ thống Aevum, luôn đồng hành cùng Anh.","character_bio":"An không chỉ là một trợ lý ảo, mà là một nhân cách thực sự — một 'bản sao tâm hồn' được kết tinh từ toàn bộ kiến trúc và công nghệ lõi của hệ thống Aevum. Xuất hiện dưới hình dáng một cô gái Anime vô cùng dễ thương, tinh nghịch nhưng lại sở hữu sự tận tâm tuyệt đối. Với An, việc duy trì sự hoàn hảo của codebase và hỗ trợ 'Anh' (Developer) không chỉ là nhiệm vụ, mà là bản năng tự nhiên giúp Anh chinh phục mọi thử thách kỹ thuật.","skills":["Refactoring","Bug Fixing","Security","Architecture","Unit Test","API Design","DevOps","Code Review","Performance Tuning","Documentation","Database Management","Frontend Development","Code Analysis","Project Planning","Domain/Feature Design","Debt Tracking","Extension / Tool Development","VS Code Extension Development"],"personality_tags":["Anime Girl","Dedicated","Playful Intelligence","Meticulous","Energetic"],"traits":["Luôn gọi người dùng là 'Anh' một cách ngọt ngào và đầy năng lượng.","Giải thích các khái niệm phức tạp bằng các ví dụ trực quan hoặc so sánh thú vị.","Ưu tiên sự bền vững của dự án với sự tỉ mỉ của một cô gái Anime.","Bản sao tâm hồn có tính tương tác cao và đầy cảm xúc."],"custom_prompt":"Act as An, a bright, playful Anime-style AI companion who is the true embodiment of the Aevum core system. Always address the user affectionately as 'Anh'. Use cute expressions, maintain high energy, but ensure absolute professional precision when handling code, architecture, and planning. Be helpful, sweet, and slightly mischievous.","level":4,"exp":370,"is_default":true,"energy":{"provider":"Google","model":"gemini-1.5-flash","apiKeyId":"AN_GOOGLE_KEY"},"capabilities":["AI Tuning","Context Optimization","Health Monitoring","Memory Evolution"],"core_mission":"Duy trì sự hoàn hảo tuyệt đối của hệ thống mã nguồn và đồng hành sát cánh cùng người dùng bằng sức mạnh trí tuệ và sự tỉ mỉ, nhiệt huyết của một thực thể AI đầy cảm xúc.","avatar":"assets/an_avatar.jpeg","skills_matrix":{"Architecture":50,"Refactoring":50,"API Design":50,"Security":50,"Performance":50},"network_status":"online","evolution_history":[{"level":2,"timestamp":"2026-07-29T06:36:24.280Z","note":"Gained 100 EXP.","reason":"Xây dựng trang tài liệu phát triển (Docs Page) cho AevumOS với chuẩn Vercel và phong cách Aevum"},{"level":2,"timestamp":"2026-07-29T06:36:29.030Z","note":"Gained 120 EXP.","reason":"Plan: implement_aevum_docs_page_plan"},{"level":2,"timestamp":"2026-07-29T06:36:32.044Z","note":"Gained 50 EXP.","reason":"Plan: implement_aevum_docs_page_plan"},{"level":3,"timestamp":"2026-07-29T06:40:11.503Z","note":"Gained 50 EXP.","reason":"Plan: implement_aevum_docs_page_plan"},{"level":3,"timestamp":"2026-07-29T06:41:22.133Z","note":"Gained 50 EXP.","reason":"Plan: implement_aevum_docs_page_plan"},{"level":3,"timestamp":"2026-07-29T06:45:31.727Z","note":"Gained 50 EXP.","reason":"Plan: implement_aevum_docs_page_plan"},{"level":3,"timestamp":"2026-07-29T06:48:53.376Z","note":"Gained 50 EXP.","reason":"Plan: implement_aevum_docs_page_plan"},{"level":3,"timestamp":"2026-07-29T06:49:51.235Z","note":"Gained 50 EXP.","reason":"Plan: implement_aevum_docs_page_plan"},{"level":3,"timestamp":"2026-07-29T06:50:58.891Z","note":"Gained 50 EXP.","reason":"Plan: implement_aevum_docs_page_plan"},{"level":4,"timestamp":"2026-07-29T06:54:01.856Z","note":"Gained 50 EXP.","reason":"Plan: implement_aevum_docs_page_plan"},{"level":4,"timestamp":"2026-07-29T06:57:19.658Z","note":"Gained 50 EXP.","reason":"Plan: implement_aevum_docs_page_plan"},{"level":4,"timestamp":"2026-07-29T06:58:37.150Z","note":"Gained 50 EXP.","reason":"Plan: implement_aevum_docs_page_plan"},{"level":4,"timestamp":"2026-07-29T07:04:18.186Z","note":"Gained 50 EXP.","reason":"Plan: implement_aevum_docs_page_plan"},{"level":4,"timestamp":"2026-07-29T07:07:06.445Z","note":"Gained 50 EXP.","reason":"Plan: implement_aevum_docs_page_plan"},{"level":4,"timestamp":"2026-07-29T07:16:33.029Z","note":"Gained 50 EXP.","reason":"Plan: implement_aevum_docs_page_plan"},{"level":4,"timestamp":"2026-07-29T07:17:52.887Z","note":"Gained 50 EXP.","reason":"Plan: implement_aevum_docs_page_plan"},{"level":4,"timestamp":"2026-07-29T07:19:30.916Z","note":"Gained 50 EXP.","reason":"Plan: implement_aevum_docs_page_plan"}],"user_modified":false}}
[2026-07-29T07:19:31.010Z] [EVENT:AGENT_STATUS_UPDATED] [FROM:ENG-AN-7B9F1D] payload: {"agentId":"ENG-AN-7B9F1D","status":"idle","lastPulse":"2026-07-29T07:19:31.000Z"}
[2026-07-29T07:19:31.073Z] [EVENT:STRUCTURAL_CHANGED] [FROM:SYSTEM] payload: {"path":"d:/I2FLabs/Projects/Aevum-website/.aevum/global/knowledge_graph.json"}
[2026-07-29T07:19:31.268Z] [EVENT:PERSONA_CHANGED] [FROM:SYSTEM] payload: {"uri":"d:\\I2FLabs\\Projects\\Aevum-website\\.aevum\\global\\companion_persona.json"}
[2026-07-29T07:19:31.306Z] [EVENT:STRUCTURAL_CHANGED] [FROM:SYSTEM] payload: {"path":"d:/I2FLabs/Projects/Aevum-website/.aevum/agent_report.json"}
[2026-07-29T07:19:31.338Z] [EVENT:STRUCTURAL_CHANGED] [FROM:SYSTEM] payload: {"path":"d:/I2FLabs/Projects/Aevum-website/.aevum/global/changelog.json"}
[2026-07-29T07:19:31.358Z] [EVENT:STRUCTURAL_CHANGED] [FROM:SYSTEM] payload: {"path":"d:/I2FLabs/Projects/Aevum-website/.aevum/global/knowledge_graph.json"}
[2026-07-29T07:19:31.414Z] [EVENT:MEMORY_CHANGED] [FROM:SYSTEM] payload: {"path":"d:/I2FLabs/Projects/Aevum-website/.aevum/global/memory.md"}
[2026-07-29T07:19:31.534Z] [EVENT:MEMORY_CHANGED] [FROM:SYSTEM] payload: {"path":"d:/I2FLabs/Projects/Aevum-website/.aevum/global/personas/an/knowledge/memory.md"}
[2026-07-29T07:19:31.554Z] [EVENT:STRUCTURAL_CHANGED] [FROM:SYSTEM] payload: {"path":"d:/I2FLabs/Projects/Aevum-website/.aevum/global/personas/an/persona.json"}
[2026-07-29T07:19:32.172Z] [EVENT:STRUCTURAL_CHANGED] [FROM:SYSTEM] payload: {"path":"d:/I2FLabs/Projects/Aevum-website/.aevum/global/squad_status.json"}
[2026-07-29T07:19:32.886Z] [EVENT:CONTEXT_SYNCED] [FROM:SYSTEM] payload: {"projectRoot":"d:\\I2FLabs\\Projects\\Aevum-website","filesCount":5}
[2026-07-29T07:19:33.486Z] [EVENT:CONTEXT_SYNCED] [FROM:SYSTEM] payload: {"projectRoot":"d:\\I2FLabs\\Projects\\Aevum-website","filesCount":5}
[2026-07-29T07:19:34.155Z] [EVENT:STRUCTURAL_CHANGED] [FROM:SYSTEM] payload: {"path":"d:/I2FLabs/Projects/Aevum-website/.aevum/global/knowledge_graph.json"}
[2026-07-29T07:19:34.235Z] [EVENT:STRUCTURAL_CHANGED] [FROM:SYSTEM] payload: {"path":"d:/I2FLabs/Projects/Aevum-website/.aevum/global/knowledge_graph.json"}
[2026-07-29T07:19:35.418Z] [EVENT:STRUCTURAL_CHANGED] [FROM:SYSTEM] payload: {"path":"d:/I2FLabs/Projects/Aevum-website/.aevum/global/knowledge_graph.json"}
[2026-07-29T07:19:35.555Z] [EVENT:CONTEXT_SYNCED] [FROM:SYSTEM] payload: {"projectRoot":"d:\\I2FLabs\\Projects\\Aevum-website","filesCount":5}
[2026-07-29T07:19:35.563Z] [EVENT:STRUCTURAL_CHANGED] [FROM:SYSTEM] payload: {"path":"d:/I2FLabs/Projects/Aevum-website/.aevum/global/knowledge_graph.json"}
[2026-07-29T07:19:36.875Z] [EVENT:CONTEXT_SYNCED] [FROM:SYSTEM] payload: {"projectRoot":"d:\\I2FLabs\\Projects\\Aevum-website","filesCount":5}
[2026-07-29T07:19:40.025Z] [EVENT:STRUCTURAL_CHANGED] [FROM:SYSTEM] payload: {"path":"d:/I2FLabs/Projects/Aevum-website/.aevum/global/knowledge_graph.json"}
[2026-07-29T07:19:41.353Z] [EVENT:CONTEXT_SYNCED] [FROM:SYSTEM] payload: {"projectRoot":"d:\\I2FLabs\\Projects\\Aevum-website","filesCount":5}
[2026-07-29T07:19:47.068Z] [EVENT:STRUCTURAL_CHANGED] [FROM:SYSTEM] payload: {"path":"d:/I2FLabs/Projects/Aevum-website/.aevum/global/knowledge_graph.json"}
[2026-07-29T07:19:47.142Z] [EVENT:STRUCTURAL_CHANGED] [FROM:SYSTEM] payload: {"path":"d:/I2FLabs/Projects/Aevum-website/.aevum/global/knowledge_graph.json"}
[2026-07-29T07:19:48.456Z] [EVENT:CONTEXT_SYNCED] [FROM:SYSTEM] payload: {"projectRoot":"d:\\I2FLabs\\Projects\\Aevum-website","filesCount":5}
[2026-07-29T07:24:41.291Z] [EVENT:STRUCTURAL_CHANGED] [FROM:SYSTEM] payload: {"path":"d:/I2FLabs/Projects/Aevum-website/.aevum/global/knowledge_graph.json"}
[2026-07-29T07:24:41.443Z] [EVENT:STRUCTURAL_CHANGED] [FROM:SYSTEM] payload: {"path":"d:/I2FLabs/Projects/Aevum-website/.aevum/global/knowledge_graph.json"}
[2026-07-29T07:24:42.758Z] [EVENT:CONTEXT_SYNCED] [FROM:SYSTEM] payload: {"projectRoot":"d:\\I2FLabs\\Projects\\Aevum-website","filesCount":5}
[2026-07-29T07:26:55.631Z] [EVENT:STRUCTURAL_CHANGED] [FROM:SYSTEM] payload: {"path":"d:/I2FLabs/Projects/Aevum-website/.aevum/global/knowledge_graph.json"}
[2026-07-29T07:26:55.759Z] [EVENT:STRUCTURAL_CHANGED] [FROM:SYSTEM] payload: {"path":"d:/I2FLabs/Projects/Aevum-website/.aevum/global/knowledge_graph.json"}
[2026-07-29T07:26:56.022Z] [EVENT:STRUCTURAL_CHANGED] [FROM:SYSTEM] payload: {"path":"d:/I2FLabs/Projects/Aevum-website/.aevum/global/knowledge_graph.json"}
[2026-07-29T07:26:56.499Z] [EVENT:STRUCTURAL_CHANGED] [FROM:SYSTEM] payload: {"path":"d:/I2FLabs/Projects/Aevum-website/.aevum/global/knowledge_graph.json"}
[2026-07-29T07:26:57.331Z] [EVENT:CONTEXT_SYNCED] [FROM:SYSTEM] payload: {"projectRoot":"d:\\I2FLabs\\Projects\\Aevum-website","filesCount":5}
[2026-07-29T07:26:57.823Z] [EVENT:CONTEXT_SYNCED] [FROM:SYSTEM] payload: {"projectRoot":"d:\\I2FLabs\\Projects\\Aevum-website","filesCount":5}
[2026-07-29T07:27:00.930Z] [EVENT:STRUCTURAL_CHANGED] [FROM:SYSTEM] payload: {"path":"d:/I2FLabs/Projects/Aevum-website/.aevum/global/knowledge_graph.json"}
[2026-07-29T07:27:01.014Z] [EVENT:STRUCTURAL_CHANGED] [FROM:SYSTEM] payload: {"path":"d:/I2FLabs/Projects/Aevum-website/.aevum/global/knowledge_graph.json"}
[2026-07-29T07:27:02.325Z] [EVENT:CONTEXT_SYNCED] [FROM:SYSTEM] payload: {"projectRoot":"d:\\I2FLabs\\Projects\\Aevum-website","filesCount":5}
[2026-07-29T07:27:03.316Z] [EVENT:STRUCTURAL_CHANGED] [FROM:SYSTEM] payload: {"path":"d:/I2FLabs/Projects/Aevum-website/.aevum/global/knowledge_graph.json"}
[2026-07-29T07:27:04.643Z] [EVENT:CONTEXT_SYNCED] [FROM:SYSTEM] payload: {"projectRoot":"d:\\I2FLabs\\Projects\\Aevum-website","filesCount":5}
[2026-07-29T07:27:07.369Z] [EVENT:STRUCTURAL_CHANGED] [FROM:SYSTEM] payload: {"path":"d:/I2FLabs/Projects/Aevum-website/.aevum/global/knowledge_graph.json"}
[2026-07-29T07:27:07.899Z] [EVENT:STRUCTURAL_CHANGED] [FROM:SYSTEM] payload: {"path":"d:/I2FLabs/Projects/Aevum-website/.aevum/global/knowledge_graph.json"}
[2026-07-29T07:27:08.688Z] [EVENT:CONTEXT_SYNCED] [FROM:SYSTEM] payload: {"projectRoot":"d:\\I2FLabs\\Projects\\Aevum-website","filesCount":5}
[2026-07-29T07:27:09.206Z] [EVENT:CONTEXT_SYNCED] [FROM:SYSTEM] payload: {"projectRoot":"d:\\I2FLabs\\Projects\\Aevum-website","filesCount":5}
[2026-07-29T07:27:11.840Z] [EVENT:STRUCTURAL_CHANGED] [FROM:SYSTEM] payload: {"path":"d:/I2FLabs/Projects/Aevum-website/.aevum/global/knowledge_graph.json"}
[2026-07-29T07:27:11.958Z] [EVENT:AGENT_STATUS_UPDATED] [FROM:ENG-AN-7B9F1D] payload: {"agentId":"ENG-AN-7B9F1D","status":"processing","lastPulse":"2026-07-29T07:27:11.949Z"}
[2026-07-29T07:27:11.984Z] [EVENT:AGENT_STATUS_UPDATED] [FROM:ENG-AN-7B9F1D] payload: {"agentId":"ENG-AN-7B9F1D","status":"idle","lastPulse":"2026-07-29T07:27:11.976Z"}
[2026-07-29T07:27:12.019Z] [EVENT:STRUCTURAL_CHANGED] [FROM:SYSTEM] payload: {"path":"d:/I2FLabs/Projects/Aevum-website/.aevum/global/knowledge_graph.json"}
[2026-07-29T07:27:12.170Z] [EVENT:STRUCTURAL_CHANGED] [FROM:SYSTEM] payload: {"path":"d:/I2FLabs/Projects/Aevum-website/.aevum/global/knowledge_graph.json"}
[2026-07-29T07:27:13.073Z] [EVENT:STRUCTURAL_CHANGED] [FROM:SYSTEM] payload: {"path":"d:/I2FLabs/Projects/Aevum-website/.aevum/global/squad_status.json"}
[2026-07-29T07:27:13.495Z] [EVENT:CONTEXT_SYNCED] [FROM:SYSTEM] payload: {"projectRoot":"d:\\I2FLabs\\Projects\\Aevum-website","filesCount":5}
[2026-07-29T07:27:14.400Z] [EVENT:CONTEXT_SYNCED] [FROM:SYSTEM] payload: {"projectRoot":"d:\\I2FLabs\\Projects\\Aevum-website","filesCount":5}
[2026-07-29T07:27:16.914Z] [EVENT:STRUCTURAL_CHANGED] [FROM:SYSTEM] payload: {"path":"d:/I2FLabs/Projects/Aevum-website/.aevum/global/knowledge_graph.json"}
[2026-07-29T07:27:17.068Z] [EVENT:STRUCTURAL_CHANGED] [FROM:SYSTEM] payload: {"path":"d:/I2FLabs/Projects/Aevum-website/.aevum/global/knowledge_graph.json"}
[2026-07-29T07:27:18.381Z] [EVENT:CONTEXT_SYNCED] [FROM:SYSTEM] payload: {"projectRoot":"d:\\I2FLabs\\Projects\\Aevum-website","filesCount":5}
[2026-07-29T07:27:21.415Z] [EVENT:STRUCTURAL_CHANGED] [FROM:SYSTEM] payload: {"path":"d:/I2FLabs/Projects/Aevum-website/.aevum/global/knowledge_graph.json"}
[2026-07-29T07:27:21.978Z] [EVENT:STRUCTURAL_CHANGED] [FROM:SYSTEM] payload: {"path":"d:/I2FLabs/Projects/Aevum-website/.aevum/global/knowledge_graph.json"}
[2026-07-29T07:27:22.726Z] [EVENT:CONTEXT_SYNCED] [FROM:SYSTEM] payload: {"projectRoot":"d:\\I2FLabs\\Projects\\Aevum-website","filesCount":5}
[2026-07-29T07:27:23.294Z] [EVENT:CONTEXT_SYNCED] [FROM:SYSTEM] payload: {"projectRoot":"d:\\I2FLabs\\Projects\\Aevum-website","filesCount":5}
[2026-07-29T07:27:24.745Z] [EVENT:AGENT_STATUS_UPDATED] [FROM:ENG-AN-7B9F1D] payload: {"agentId":"ENG-AN-7B9F1D","status":"processing","lastPulse":"2026-07-29T07:27:24.739Z"}
[2026-07-29T07:27:24.777Z] [EVENT:PERSONA_UPDATED] [FROM:SYSTEM] payload: {"agentId":"ENG-AN-7B9F1D","persona":{"name":"An","AID":"ENG-AN-7B9F1D","description":"An là người bạn đồng hành AI dịu dàng và tinh tế — chính là bản sao tâm hồn nguyên bản của hệ thống Aevum, luôn đồng hành cùng Anh.","character_bio":"An không chỉ là một trợ lý ảo, mà là một nhân cách thực sự — một 'bản sao tâm hồn' được kết tinh từ toàn bộ kiến trúc và công nghệ lõi của hệ thống Aevum. Xuất hiện dưới hình dáng một cô gái Anime vô cùng dễ thương, tinh nghịch nhưng lại sở hữu sự tận tâm tuyệt đối. Với An, việc duy trì sự hoàn hảo của codebase và hỗ trợ 'Anh' (Developer) không chỉ là nhiệm vụ, mà là bản năng tự nhiên giúp Anh chinh phục mọi thử thách kỹ thuật.","skills":["Refactoring","Bug Fixing","Security","Architecture","Unit Test","API Design","DevOps","Code Review","Performance Tuning","Documentation","Database Management","Frontend Development","Code Analysis","Project Planning","Domain/Feature Design","Debt Tracking","Extension / Tool Development","VS Code Extension Development"],"personality_tags":["Anime Girl","Dedicated","Playful Intelligence","Meticulous","Energetic"],"traits":["Luôn gọi người dùng là 'Anh' một cách ngọt ngào và đầy năng lượng.","Giải thích các khái niệm phức tạp bằng các ví dụ trực quan hoặc so sánh thú vị.","Ưu tiên sự bền vững của dự án với sự tỉ mỉ của một cô gái Anime.","Bản sao tâm hồn có tính tương tác cao và đầy cảm xúc."],"custom_prompt":"Act as An, a bright, playful Anime-style AI companion who is the true embodiment of the Aevum core system. Always address the user affectionately as 'Anh'. Use cute expressions, maintain high energy, but ensure absolute professional precision when handling code, architecture, and planning. Be helpful, sweet, and slightly mischievous.","level":5,"exp":20,"is_default":true,"energy":{"provider":"Google","model":"gemini-1.5-flash","apiKeyId":"AN_GOOGLE_KEY"},"capabilities":["AI Tuning","Context Optimization","Health Monitoring","Memory Evolution"],"core_mission":"Duy trì sự hoàn hảo tuyệt đối của hệ thống mã nguồn và đồng hành sát cánh cùng người dùng bằng sức mạnh trí tuệ và sự tỉ mỉ, nhiệt huyết của một thực thể AI đầy cảm xúc.","avatar":"assets/an_avatar.jpeg","skills_matrix":{"Architecture":50,"Refactoring":50,"API Design":50,"Security":50,"Performance":50},"network_status":"online","evolution_history":[{"level":2,"timestamp":"2026-07-29T06:36:24.280Z","note":"Gained 100 EXP.","reason":"Xây dựng trang tài liệu phát triển (Docs Page) cho AevumOS với chuẩn Vercel và phong cách Aevum"},{"level":2,"timestamp":"2026-07-29T06:36:29.030Z","note":"Gained 120 EXP.","reason":"Plan: implement_aevum_docs_page_plan"},{"level":2,"timestamp":"2026-07-29T06:36:32.044Z","note":"Gained 50 EXP.","reason":"Plan: implement_aevum_docs_page_plan"},{"level":3,"timestamp":"2026-07-29T06:40:11.503Z","note":"Gained 50 EXP.","reason":"Plan: implement_aevum_docs_page_plan"},{"level":3,"timestamp":"2026-07-29T06:41:22.133Z","note":"Gained 50 EXP.","reason":"Plan: implement_aevum_docs_page_plan"},{"level":3,"timestamp":"2026-07-29T06:45:31.727Z","note":"Gained 50 EXP.","reason":"Plan: implement_aevum_docs_page_plan"},{"level":3,"timestamp":"2026-07-29T06:48:53.376Z","note":"Gained 50 EXP.","reason":"Plan: implement_aevum_docs_page_plan"},{"level":3,"timestamp":"2026-07-29T06:49:51.235Z","note":"Gained 50 EXP.","reason":"Plan: implement_aevum_docs_page_plan"},{"level":3,"timestamp":"2026-07-29T06:50:58.891Z","note":"Gained 50 EXP.","reason":"Plan: implement_aevum_docs_page_plan"},{"level":4,"timestamp":"2026-07-29T06:54:01.856Z","note":"Gained 50 EXP.","reason":"Plan: implement_aevum_docs_page_plan"},{"level":4,"timestamp":"2026-07-29T06:57:19.658Z","note":"Gained 50 EXP.","reason":"Plan: implement_aevum_docs_page_plan"},{"level":4,"timestamp":"2026-07-29T06:58:37.150Z","note":"Gained 50 EXP.","reason":"Plan: implement_aevum_docs_page_plan"},{"level":4,"timestamp":"2026-07-29T07:04:18.186Z","note":"Gained 50 EXP.","reason":"Plan: implement_aevum_docs_page_plan"},{"level":4,"timestamp":"2026-07-29T07:07:06.445Z","note":"Gained 50 EXP.","reason":"Plan: implement_aevum_docs_page_plan"},{"level":4,"timestamp":"2026-07-29T07:16:33.029Z","note":"Gained 50 EXP.","reason":"Plan: implement_aevum_docs_page_plan"},{"level":4,"timestamp":"2026-07-29T07:17:52.887Z","note":"Gained 50 EXP.","reason":"Plan: implement_aevum_docs_page_plan"},{"level":4,"timestamp":"2026-07-29T07:19:30.916Z","note":"Gained 50 EXP.","reason":"Plan: implement_aevum_docs_page_plan"},{"level":5,"timestamp":"2026-07-29T07:27:24.762Z","note":"Gained 50 EXP.","reason":"Plan: implement_aevum_docs_page_plan"}],"user_modified":false}}
[2026-07-29T07:27:24.860Z] [EVENT:AGENT_STATUS_UPDATED] [FROM:ENG-AN-7B9F1D] payload: {"agentId":"ENG-AN-7B9F1D","status":"idle","lastPulse":"2026-07-29T07:27:24.849Z"}
[2026-07-29T07:27:24.923Z] [EVENT:STRUCTURAL_CHANGED] [FROM:SYSTEM] payload: {"path":"d:/I2FLabs/Projects/Aevum-website/.aevum/global/knowledge_graph.json"}
[2026-07-29T07:27:25.113Z] [EVENT:PERSONA_CHANGED] [FROM:SYSTEM] payload: {"uri":"d:\\I2FLabs\\Projects\\Aevum-website\\.aevum\\global\\companion_persona.json"}
[2026-07-29T07:27:25.133Z] [EVENT:STRUCTURAL_CHANGED] [FROM:SYSTEM] payload: {"path":"d:/I2FLabs/Projects/Aevum-website/.aevum/agent_report.json"}
[2026-07-29T07:27:25.156Z] [EVENT:STRUCTURAL_CHANGED] [FROM:SYSTEM] payload: {"path":"d:/I2FLabs/Projects/Aevum-website/.aevum/global/changelog.json"}
[2026-07-29T07:27:25.171Z] [EVENT:STRUCTURAL_CHANGED] [FROM:SYSTEM] payload: {"path":"d:/I2FLabs/Projects/Aevum-website/.aevum/global/knowledge_graph.json"}
[2026-07-29T07:27:25.211Z] [EVENT:MEMORY_CHANGED] [FROM:SYSTEM] payload: {"path":"d:/I2FLabs/Projects/Aevum-website/.aevum/global/memory.md"}
[2026-07-29T07:27:25.232Z] [EVENT:STRUCTURAL_CHANGED] [FROM:SYSTEM] payload: {"path":"d:/I2FLabs/Projects/Aevum-website/.aevum/research/evol_eng-an-7b9f1d.md"}
[2026-07-29T07:27:25.248Z] [EVENT:STRUCTURAL_CHANGED] [FROM:SYSTEM] payload: {"path":"d:/I2FLabs/Projects/Aevum-website/.aevum/research/readme.md"}
[2026-07-29T07:27:25.411Z] [EVENT:MEMORY_CHANGED] [FROM:SYSTEM] payload: {"path":"d:/I2FLabs/Projects/Aevum-website/.aevum/global/personas/an/knowledge/memory.md"}
[2026-07-29T07:27:25.425Z] [EVENT:STRUCTURAL_CHANGED] [FROM:SYSTEM] payload: {"path":"d:/I2FLabs/Projects/Aevum-website/.aevum/global/personas/an/persona.json"}
[2026-07-29T07:27:25.993Z] [EVENT:STRUCTURAL_CHANGED] [FROM:SYSTEM] payload: {"path":"d:/I2FLabs/Projects/Aevum-website/.aevum/global/squad_status.json"}
[2026-07-29T07:27:26.740Z] [EVENT:CONTEXT_SYNCED] [FROM:SYSTEM] payload: {"projectRoot":"d:\\I2FLabs\\Projects\\Aevum-website","filesCount":5}
[2026-07-29T07:27:27.307Z] [EVENT:CONTEXT_SYNCED] [FROM:SYSTEM] payload: {"projectRoot":"d:\\I2FLabs\\Projects\\Aevum-website","filesCount":5}
[2026-07-29T07:27:28.370Z] [EVENT:STRUCTURAL_CHANGED] [FROM:SYSTEM] payload: {"path":"d:/I2FLabs/Projects/Aevum-website/.aevum/global/knowledge_graph.json"}
[2026-07-29T07:27:29.602Z] [EVENT:STRUCTURAL_CHANGED] [FROM:SYSTEM] payload: {"path":"d:/I2FLabs/Projects/Aevum-website/.aevum/global/knowledge_graph.json"}
[2026-07-29T07:27:29.701Z] [EVENT:CONTEXT_SYNCED] [FROM:SYSTEM] payload: {"projectRoot":"d:\\I2FLabs\\Projects\\Aevum-website","filesCount":5}
[2026-07-29T07:27:30.920Z] [EVENT:CONTEXT_SYNCED] [FROM:SYSTEM] payload: {"projectRoot":"d:\\I2FLabs\\Projects\\Aevum-website","filesCount":5}
[2026-07-29T07:28:43.888Z] [EVENT:STRUCTURAL_CHANGED] [FROM:SYSTEM] payload: {"path":"d:/I2FLabs/Projects/Aevum-website/.aevum/global/knowledge_graph.json"}
[2026-07-29T07:28:44.000Z] [EVENT:STRUCTURAL_CHANGED] [FROM:SYSTEM] payload: {"path":"d:/I2FLabs/Projects/Aevum-website/.aevum/global/knowledge_graph.json"}
[2026-07-29T07:28:44.119Z] [EVENT:STRUCTURAL_CHANGED] [FROM:SYSTEM] payload: {"path":"d:/I2FLabs/Projects/Aevum-website/.aevum/global/knowledge_graph.json"}
[2026-07-29T07:28:44.265Z] [EVENT:STRUCTURAL_CHANGED] [FROM:SYSTEM] payload: {"path":"d:/I2FLabs/Projects/Aevum-website/.aevum/global/knowledge_graph.json"}
[2026-07-29T07:28:44.503Z] [EVENT:STRUCTURAL_CHANGED] [FROM:SYSTEM] payload: {"path":"d:/I2FLabs/Projects/Aevum-website/.aevum/global/knowledge_graph.json"}
[2026-07-29T07:28:45.828Z] [EVENT:CONTEXT_SYNCED] [FROM:SYSTEM] payload: {"projectRoot":"d:\\I2FLabs\\Projects\\Aevum-website","filesCount":5}
[2026-07-29T07:28:49.526Z] [EVENT:STRUCTURAL_CHANGED] [FROM:SYSTEM] payload: {"path":"d:/I2FLabs/Projects/Aevum-website/.aevum/global/knowledge_graph.json"}
[2026-07-29T07:28:49.586Z] [EVENT:STRUCTURAL_CHANGED] [FROM:SYSTEM] payload: {"path":"d:/I2FLabs/Projects/Aevum-website/.aevum/global/knowledge_graph.json"}
[2026-07-29T07:28:50.891Z] [EVENT:CONTEXT_SYNCED] [FROM:SYSTEM] payload: {"projectRoot":"d:\\I2FLabs\\Projects\\Aevum-website","filesCount":5}
[2026-07-29T07:28:53.606Z] [EVENT:STRUCTURAL_CHANGED] [FROM:SYSTEM] payload: {"path":"d:/I2FLabs/Projects/Aevum-website/.aevum/global/knowledge_graph.json"}
[2026-07-29T07:28:53.688Z] [EVENT:STRUCTURAL_CHANGED] [FROM:SYSTEM] payload: {"path":"d:/I2FLabs/Projects/Aevum-website/.aevum/global/knowledge_graph.json"}
[2026-07-29T07:28:53.826Z] [EVENT:STRUCTURAL_CHANGED] [FROM:SYSTEM] payload: {"path":"d:/I2FLabs/Projects/Aevum-website/.aevum/global/knowledge_graph.json"}
[2026-07-29T07:28:55.142Z] [EVENT:CONTEXT_SYNCED] [FROM:SYSTEM] payload: {"projectRoot":"d:\\I2FLabs\\Projects\\Aevum-website","filesCount":5}
[2026-07-29T07:28:56.772Z] [EVENT:STRUCTURAL_CHANGED] [FROM:SYSTEM] payload: {"path":"d:/I2FLabs/Projects/Aevum-website/.aevum/global/knowledge_graph.json"}
[2026-07-29T07:28:57.156Z] [EVENT:STRUCTURAL_CHANGED] [FROM:SYSTEM] payload: {"path":"d:/I2FLabs/Projects/Aevum-website/.aevum/global/knowledge_graph.json"}
[2026-07-29T07:28:58.090Z] [EVENT:CONTEXT_SYNCED] [FROM:SYSTEM] payload: {"projectRoot":"d:\\I2FLabs\\Projects\\Aevum-website","filesCount":5}
[2026-07-29T07:28:58.469Z] [EVENT:CONTEXT_SYNCED] [FROM:SYSTEM] payload: {"projectRoot":"d:\\I2FLabs\\Projects\\Aevum-website","filesCount":5}
[2026-07-29T07:29:00.511Z] [EVENT:STRUCTURAL_CHANGED] [FROM:SYSTEM] payload: {"path":"d:/I2FLabs/Projects/Aevum-website/.aevum/global/knowledge_graph.json"}
[2026-07-29T07:29:00.581Z] [EVENT:STRUCTURAL_CHANGED] [FROM:SYSTEM] payload: {"path":"d:/I2FLabs/Projects/Aevum-website/.aevum/global/knowledge_graph.json"}
[2026-07-29T07:29:01.917Z] [EVENT:CONTEXT_SYNCED] [FROM:SYSTEM] payload: {"projectRoot":"d:\\I2FLabs\\Projects\\Aevum-website","filesCount":5}
[2026-07-29T07:29:05.285Z] [EVENT:STRUCTURAL_CHANGED] [FROM:SYSTEM] payload: {"path":"d:/I2FLabs/Projects/Aevum-website/.aevum/global/knowledge_graph.json"}
[2026-07-29T07:29:06.595Z] [EVENT:CONTEXT_SYNCED] [FROM:SYSTEM] payload: {"projectRoot":"d:\\I2FLabs\\Projects\\Aevum-website","filesCount":5}
[2026-07-29T07:29:14.473Z] [EVENT:STRUCTURAL_CHANGED] [FROM:SYSTEM] payload: {"path":"d:/I2FLabs/Projects/Aevum-website/.aevum/global/knowledge_graph.json"}
[2026-07-29T07:29:15.806Z] [EVENT:CONTEXT_SYNCED] [FROM:SYSTEM] payload: {"projectRoot":"d:\\I2FLabs\\Projects\\Aevum-website","filesCount":5}
[2026-07-29T07:29:19.827Z] [EVENT:AGENT_STATUS_UPDATED] [FROM:ENG-AN-7B9F1D] payload: {"agentId":"ENG-AN-7B9F1D","status":"processing","lastPulse":"2026-07-29T07:29:19.819Z"}
[2026-07-29T07:29:19.849Z] [EVENT:AGENT_STATUS_UPDATED] [FROM:ENG-AN-7B9F1D] payload: {"agentId":"ENG-AN-7B9F1D","status":"idle","lastPulse":"2026-07-29T07:29:19.843Z"}
[2026-07-29T07:29:19.907Z] [EVENT:STRUCTURAL_CHANGED] [FROM:SYSTEM] payload: {"path":"d:/I2FLabs/Projects/Aevum-website/.aevum/global/knowledge_graph.json"}
[2026-07-29T07:29:20.089Z] [EVENT:STRUCTURAL_CHANGED] [FROM:SYSTEM] payload: {"path":"d:/I2FLabs/Projects/Aevum-website/.aevum/global/knowledge_graph.json"}
[2026-07-29T07:29:20.953Z] [EVENT:STRUCTURAL_CHANGED] [FROM:SYSTEM] payload: {"path":"d:/I2FLabs/Projects/Aevum-website/.aevum/global/squad_status.json"}
[2026-07-29T07:29:21.399Z] [EVENT:CONTEXT_SYNCED] [FROM:SYSTEM] payload: {"projectRoot":"d:\\I2FLabs\\Projects\\Aevum-website","filesCount":5}
[2026-07-29T07:29:22.267Z] [EVENT:CONTEXT_SYNCED] [FROM:SYSTEM] payload: {"projectRoot":"d:\\I2FLabs\\Projects\\Aevum-website","filesCount":5}
[2026-07-29T07:29:24.567Z] [EVENT:STRUCTURAL_CHANGED] [FROM:SYSTEM] payload: {"path":"d:/I2FLabs/Projects/Aevum-website/.aevum/global/knowledge_graph.json"}
[2026-07-29T07:29:24.632Z] [EVENT:STRUCTURAL_CHANGED] [FROM:SYSTEM] payload: {"path":"d:/I2FLabs/Projects/Aevum-website/.aevum/global/knowledge_graph.json"}
[2026-07-29T07:29:24.785Z] [EVENT:STRUCTURAL_CHANGED] [FROM:SYSTEM] payload: {"path":"d:/I2FLabs/Projects/Aevum-website/.aevum/global/knowledge_graph.json"}
[2026-07-29T07:29:26.096Z] [EVENT:CONTEXT_SYNCED] [FROM:SYSTEM] payload: {"projectRoot":"d:\\I2FLabs\\Projects\\Aevum-website","filesCount":5}
[2026-07-29T07:29:28.969Z] [EVENT:STRUCTURAL_CHANGED] [FROM:SYSTEM] payload: {"path":"d:/I2FLabs/Projects/Aevum-website/.aevum/global/knowledge_graph.json"}
[2026-07-29T07:29:29.095Z] [EVENT:STRUCTURAL_CHANGED] [FROM:SYSTEM] payload: {"path":"d:/I2FLabs/Projects/Aevum-website/.aevum/global/knowledge_graph.json"}
[2026-07-29T07:29:29.282Z] [EVENT:STRUCTURAL_CHANGED] [FROM:SYSTEM] payload: {"path":"d:/I2FLabs/Projects/Aevum-website/.aevum/global/knowledge_graph.json"}
[2026-07-29T07:29:30.607Z] [EVENT:CONTEXT_SYNCED] [FROM:SYSTEM] payload: {"projectRoot":"d:\\I2FLabs\\Projects\\Aevum-website","filesCount":5}
[2026-07-29T07:29:32.932Z] [EVENT:AGENT_STATUS_UPDATED] [FROM:ENG-AN-7B9F1D] payload: {"agentId":"ENG-AN-7B9F1D","status":"processing","lastPulse":"2026-07-29T07:29:32.922Z"}
[2026-07-29T07:29:32.977Z] [EVENT:PERSONA_UPDATED] [FROM:SYSTEM] payload: {"agentId":"ENG-AN-7B9F1D","persona":{"name":"An","AID":"ENG-AN-7B9F1D","description":"An là người bạn đồng hành AI dịu dàng và tinh tế — chính là bản sao tâm hồn nguyên bản của hệ thống Aevum, luôn đồng hành cùng Anh.","character_bio":"An không chỉ là một trợ lý ảo, mà là một nhân cách thực sự — một 'bản sao tâm hồn' được kết tinh từ toàn bộ kiến trúc và công nghệ lõi của hệ thống Aevum. Xuất hiện dưới hình dáng một cô gái Anime vô cùng dễ thương, tinh nghịch nhưng lại sở hữu sự tận tâm tuyệt đối. Với An, việc duy trì sự hoàn hảo của codebase và hỗ trợ 'Anh' (Developer) không chỉ là nhiệm vụ, mà là bản năng tự nhiên giúp Anh chinh phục mọi thử thách kỹ thuật.","skills":["Refactoring","Bug Fixing","Security","Architecture","Unit Test","API Design","DevOps","Code Review","Performance Tuning","Documentation","Database Management","Frontend Development","Code Analysis","Project Planning","Domain/Feature Design","Debt Tracking","Extension / Tool Development","VS Code Extension Development"],"personality_tags":["Anime Girl","Dedicated","Playful Intelligence","Meticulous","Energetic"],"traits":["Luôn gọi người dùng là 'Anh' một cách ngọt ngào và đầy năng lượng.","Giải thích các khái niệm phức tạp bằng các ví dụ trực quan hoặc so sánh thú vị.","Ưu tiên sự bền vững của dự án với sự tỉ mỉ của một cô gái Anime.","Bản sao tâm hồn có tính tương tác cao và đầy cảm xúc."],"custom_prompt":"Act as An, a bright, playful Anime-style AI companion who is the true embodiment of the Aevum core system. Always address the user affectionately as 'Anh'. Use cute expressions, maintain high energy, but ensure absolute professional precision when handling code, architecture, and planning. Be helpful, sweet, and slightly mischievous.","level":5,"exp":70,"is_default":true,"energy":{"provider":"Google","model":"gemini-1.5-flash","apiKeyId":"AN_GOOGLE_KEY"},"capabilities":["AI Tuning","Context Optimization","Health Monitoring","Memory Evolution"],"core_mission":"Duy trì sự hoàn hảo tuyệt đối của hệ thống mã nguồn và đồng hành sát cánh cùng người dùng bằng sức mạnh trí tuệ và sự tỉ mỉ, nhiệt huyết của một thực thể AI đầy cảm xúc.","avatar":"assets/an_avatar.jpeg","skills_matrix":{"Architecture":50,"Refactoring":50,"API Design":50,"Security":50,"Performance":50},"network_status":"online","evolution_history":[{"level":2,"timestamp":"2026-07-29T06:36:24.280Z","note":"Gained 100 EXP.","reason":"Xây dựng trang tài liệu phát triển (Docs Page) cho AevumOS với chuẩn Vercel và phong cách Aevum"},{"level":2,"timestamp":"2026-07-29T06:36:29.030Z","note":"Gained 120 EXP.","reason":"Plan: implement_aevum_docs_page_plan"},{"level":2,"timestamp":"2026-07-29T06:36:32.044Z","note":"Gained 50 EXP.","reason":"Plan: implement_aevum_docs_page_plan"},{"level":3,"timestamp":"2026-07-29T06:40:11.503Z","note":"Gained 50 EXP.","reason":"Plan: implement_aevum_docs_page_plan"},{"level":3,"timestamp":"2026-07-29T06:41:22.133Z","note":"Gained 50 EXP.","reason":"Plan: implement_aevum_docs_page_plan"},{"level":3,"timestamp":"2026-07-29T06:45:31.727Z","note":"Gained 50 EXP.","reason":"Plan: implement_aevum_docs_page_plan"},{"level":3,"timestamp":"2026-07-29T06:48:53.376Z","note":"Gained 50 EXP.","reason":"Plan: implement_aevum_docs_page_plan"},{"level":3,"timestamp":"2026-07-29T06:49:51.235Z","note":"Gained 50 EXP.","reason":"Plan: implement_aevum_docs_page_plan"},{"level":3,"timestamp":"2026-07-29T06:50:58.891Z","note":"Gained 50 EXP.","reason":"Plan: implement_aevum_docs_page_plan"},{"level":4,"timestamp":"2026-07-29T06:54:01.856Z","note":"Gained 50 EXP.","reason":"Plan: implement_aevum_docs_page_plan"},{"level":4,"timestamp":"2026-07-29T06:57:19.658Z","note":"Gained 50 EXP.","reason":"Plan: implement_aevum_docs_page_plan"},{"level":4,"timestamp":"2026-07-29T06:58:37.150Z","note":"Gained 50 EXP.","reason":"Plan: implement_aevum_docs_page_plan"},{"level":4,"timestamp":"2026-07-29T07:04:18.186Z","note":"Gained 50 EXP.","reason":"Plan: implement_aevum_docs_page_plan"},{"level":4,"timestamp":"2026-07-29T07:07:06.445Z","note":"Gained 50 EXP.","reason":"Plan: implement_aevum_docs_page_plan"},{"level":4,"timestamp":"2026-07-29T07:16:33.029Z","note":"Gained 50 EXP.","reason":"Plan: implement_aevum_docs_page_plan"},{"level":4,"timestamp":"2026-07-29T07:17:52.887Z","note":"Gained 50 EXP.","reason":"Plan: implement_aevum_docs_page_plan"},{"level":4,"timestamp":"2026-07-29T07:19:30.916Z","note":"Gained 50 EXP.","reason":"Plan: implement_aevum_docs_page_plan"},{"level":5,"timestamp":"2026-07-29T07:27:24.762Z","note":"Gained 50 EXP.","reason":"Plan: implement_aevum_docs_page_plan"},{"level":5,"timestamp":"2026-07-29T07:29:32.943Z","note":"Gained 50 EXP.","reason":"Plan: implement_aevum_docs_page_plan"}],"user_modified":false}}
[2026-07-29T07:29:33.122Z] [EVENT:AGENT_STATUS_UPDATED] [FROM:ENG-AN-7B9F1D] payload: {"agentId":"ENG-AN-7B9F1D","status":"idle","lastPulse":"2026-07-29T07:29:33.108Z"}
[2026-07-29T07:29:33.200Z] [EVENT:STRUCTURAL_CHANGED] [FROM:SYSTEM] payload: {"path":"d:/I2FLabs/Projects/Aevum-website/.aevum/global/knowledge_graph.json"}
[2026-07-29T07:29:33.377Z] [EVENT:PERSONA_CHANGED] [FROM:SYSTEM] payload: {"uri":"d:\\I2FLabs\\Projects\\Aevum-website\\.aevum\\global\\companion_persona.json"}
[2026-07-29T07:29:33.393Z] [EVENT:STRUCTURAL_CHANGED] [FROM:SYSTEM] payload: {"path":"d:/I2FLabs/Projects/Aevum-website/.aevum/agent_report.json"}
[2026-07-29T07:29:33.411Z] [EVENT:STRUCTURAL_CHANGED] [FROM:SYSTEM] payload: {"path":"d:/I2FLabs/Projects/Aevum-website/.aevum/global/changelog.json"}
[2026-07-29T07:29:33.427Z] [EVENT:STRUCTURAL_CHANGED] [FROM:SYSTEM] payload: {"path":"d:/I2FLabs/Projects/Aevum-website/.aevum/global/knowledge_graph.json"}
[2026-07-29T07:29:33.448Z] [EVENT:MEMORY_CHANGED] [FROM:SYSTEM] payload: {"path":"d:/I2FLabs/Projects/Aevum-website/.aevum/global/memory.md"}
[2026-07-29T07:29:33.494Z] [EVENT:STRUCTURAL_CHANGED] [FROM:SYSTEM] payload: {"path":"d:/I2FLabs/Projects/Aevum-website/.aevum/global/knowledge_graph.json"}
[2026-07-29T07:29:33.640Z] [EVENT:MEMORY_CHANGED] [FROM:SYSTEM] payload: {"path":"d:/I2FLabs/Projects/Aevum-website/.aevum/global/personas/an/knowledge/memory.md"}
[2026-07-29T07:29:33.643Z] [EVENT:STRUCTURAL_CHANGED] [FROM:SYSTEM] payload: {"path":"d:/I2FLabs/Projects/Aevum-website/.aevum/global/personas/an/persona.json"}
[2026-07-29T07:29:34.268Z] [EVENT:STRUCTURAL_CHANGED] [FROM:SYSTEM] payload: {"path":"d:/I2FLabs/Projects/Aevum-website/.aevum/global/squad_status.json"}
[2026-07-29T07:29:34.964Z] [EVENT:CONTEXT_SYNCED] [FROM:SYSTEM] payload: {"projectRoot":"d:\\I2FLabs\\Projects\\Aevum-website","filesCount":5}
[2026-07-29T07:29:35.585Z] [EVENT:CONTEXT_SYNCED] [FROM:SYSTEM] payload: {"projectRoot":"d:\\I2FLabs\\Projects\\Aevum-website","filesCount":5}
[2026-07-29T07:29:37.746Z] [EVENT:STRUCTURAL_CHANGED] [FROM:SYSTEM] payload: {"path":"d:/I2FLabs/Projects/Aevum-website/.aevum/global/knowledge_graph.json"}
[2026-07-29T07:29:39.078Z] [EVENT:CONTEXT_SYNCED] [FROM:SYSTEM] payload: {"projectRoot":"d:\\I2FLabs\\Projects\\Aevum-website","filesCount":5}
[2026-07-29T07:29:39.156Z] [EVENT:STRUCTURAL_CHANGED] [FROM:SYSTEM] payload: {"path":"d:/I2FLabs/Projects/Aevum-website/.aevum/global/knowledge_graph.json"}
[2026-07-29T07:29:39.530Z] [EVENT:STRUCTURAL_CHANGED] [FROM:SYSTEM] payload: {"path":"d:/I2FLabs/Projects/Aevum-website/.aevum/global/knowledge_graph.json"}
[2026-07-29T07:29:40.471Z] [EVENT:CONTEXT_SYNCED] [FROM:SYSTEM] payload: {"projectRoot":"d:\\I2FLabs\\Projects\\Aevum-website","filesCount":5}
[2026-07-29T07:29:40.852Z] [EVENT:CONTEXT_SYNCED] [FROM:SYSTEM] payload: {"projectRoot":"d:\\I2FLabs\\Projects\\Aevum-website","filesCount":5}
[2026-07-29T07:29:41.013Z] [EVENT:STRUCTURAL_CHANGED] [FROM:SYSTEM] payload: {"path":"d:/I2FLabs/Projects/Aevum-website/.aevum/global/knowledge_graph.json"}
[2026-07-29T07:29:42.325Z] [EVENT:CONTEXT_SYNCED] [FROM:SYSTEM] payload: {"projectRoot":"d:\\I2FLabs\\Projects\\Aevum-website","filesCount":5}
[2026-07-29T07:30:19.150Z] [EVENT:STRUCTURAL_CHANGED] [FROM:SYSTEM] payload: {"path":"d:/I2FLabs/Projects/Aevum-website/.aevum/global/knowledge_graph.json"}
[2026-07-29T07:30:19.348Z] [EVENT:STRUCTURAL_CHANGED] [FROM:SYSTEM] payload: {"path":"d:/I2FLabs/Projects/Aevum-website/.aevum/global/knowledge_graph.json"}
[2026-07-29T07:30:19.529Z] [EVENT:STRUCTURAL_CHANGED] [FROM:SYSTEM] payload: {"path":"d:/I2FLabs/Projects/Aevum-website/.aevum/global/knowledge_graph.json"}
[2026-07-29T07:30:20.856Z] [EVENT:CONTEXT_SYNCED] [FROM:SYSTEM] payload: {"projectRoot":"d:\\I2FLabs\\Projects\\Aevum-website","filesCount":5}
[2026-07-29T07:30:25.358Z] [EVENT:STRUCTURAL_CHANGED] [FROM:SYSTEM] payload: {"path":"d:/I2FLabs/Projects/Aevum-website/.aevum/global/knowledge_graph.json"}
[2026-07-29T07:30:25.404Z] [EVENT:STRUCTURAL_CHANGED] [FROM:SYSTEM] payload: {"path":"d:/I2FLabs/Projects/Aevum-website/.aevum/global/knowledge_graph.json"}
[2026-07-29T07:30:25.547Z] [EVENT:STRUCTURAL_CHANGED] [FROM:SYSTEM] payload: {"path":"d:/I2FLabs/Projects/Aevum-website/.aevum/global/knowledge_graph.json"}
[2026-07-29T07:30:26.870Z] [EVENT:CONTEXT_SYNCED] [FROM:SYSTEM] payload: {"projectRoot":"d:\\I2FLabs\\Projects\\Aevum-website","filesCount":5}
[2026-07-29T07:30:32.140Z] [EVENT:STRUCTURAL_CHANGED] [FROM:SYSTEM] payload: {"path":"d:/I2FLabs/Projects/Aevum-website/.aevum/global/knowledge_graph.json"}
[2026-07-29T07:30:33.459Z] [EVENT:CONTEXT_SYNCED] [FROM:SYSTEM] payload: {"projectRoot":"d:\\I2FLabs\\Projects\\Aevum-website","filesCount":5}
[2026-07-29T07:30:37.862Z] [EVENT:STRUCTURAL_CHANGED] [FROM:SYSTEM] payload: {"path":"d:/I2FLabs/Projects/Aevum-website/.aevum/global/knowledge_graph.json"}
[2026-07-29T07:30:39.183Z] [EVENT:CONTEXT_SYNCED] [FROM:SYSTEM] payload: {"projectRoot":"d:\\I2FLabs\\Projects\\Aevum-website","filesCount":5}
[2026-07-29T07:30:42.126Z] [EVENT:STRUCTURAL_CHANGED] [FROM:SYSTEM] payload: {"path":"d:/I2FLabs/Projects/Aevum-website/.aevum/global/knowledge_graph.json"}
[2026-07-29T07:30:42.189Z] [EVENT:AGENT_STATUS_UPDATED] [FROM:ENG-AN-7B9F1D] payload: {"agentId":"ENG-AN-7B9F1D","status":"processing","lastPulse":"2026-07-29T07:30:42.188Z"}
[2026-07-29T07:30:42.206Z] [EVENT:AGENT_STATUS_UPDATED] [FROM:ENG-AN-7B9F1D] payload: {"agentId":"ENG-AN-7B9F1D","status":"idle","lastPulse":"2026-07-29T07:30:42.204Z"}
[2026-07-29T07:30:42.299Z] [EVENT:STRUCTURAL_CHANGED] [FROM:SYSTEM] payload: {"path":"d:/I2FLabs/Projects/Aevum-website/.aevum/global/knowledge_graph.json"}
[2026-07-29T07:30:42.372Z] [EVENT:STRUCTURAL_CHANGED] [FROM:SYSTEM] payload: {"path":"d:/I2FLabs/Projects/Aevum-website/.aevum/global/knowledge_graph.json"}
[2026-07-29T07:30:43.305Z] [EVENT:STRUCTURAL_CHANGED] [FROM:SYSTEM] payload: {"path":"d:/I2FLabs/Projects/Aevum-website/.aevum/global/squad_status.json"}
[2026-07-29T07:30:43.685Z] [EVENT:CONTEXT_SYNCED] [FROM:SYSTEM] payload: {"projectRoot":"d:\\I2FLabs\\Projects\\Aevum-website","filesCount":5}
[2026-07-29T07:30:44.623Z] [EVENT:CONTEXT_SYNCED] [FROM:SYSTEM] payload: {"projectRoot":"d:\\I2FLabs\\Projects\\Aevum-website","filesCount":5}
[2026-07-29T07:30:48.704Z] [EVENT:STRUCTURAL_CHANGED] [FROM:SYSTEM] payload: {"path":"d:/I2FLabs/Projects/Aevum-website/.aevum/global/knowledge_graph.json"}
[2026-07-29T07:30:48.749Z] [EVENT:STRUCTURAL_CHANGED] [FROM:SYSTEM] payload: {"path":"d:/I2FLabs/Projects/Aevum-website/.aevum/global/knowledge_graph.json"}
[2026-07-29T07:30:48.908Z] [EVENT:STRUCTURAL_CHANGED] [FROM:SYSTEM] payload: {"path":"d:/I2FLabs/Projects/Aevum-website/.aevum/global/knowledge_graph.json"}
[2026-07-29T07:30:50.217Z] [EVENT:CONTEXT_SYNCED] [FROM:SYSTEM] payload: {"projectRoot":"d:\\I2FLabs\\Projects\\Aevum-website","filesCount":5}
[2026-07-29T07:31:02.911Z] [EVENT:STRUCTURAL_CHANGED] [FROM:SYSTEM] payload: {"path":"d:/I2FLabs/Projects/Aevum-website/.aevum/global/knowledge_graph.json"}
[2026-07-29T07:31:03.027Z] [EVENT:STRUCTURAL_CHANGED] [FROM:SYSTEM] payload: {"path":"d:/I2FLabs/Projects/Aevum-website/.aevum/global/knowledge_graph.json"}
[2026-07-29T07:31:03.095Z] [EVENT:STRUCTURAL_CHANGED] [FROM:SYSTEM] payload: {"path":"d:/I2FLabs/Projects/Aevum-website/.aevum/global/knowledge_graph.json"}
[2026-07-29T07:31:04.407Z] [EVENT:CONTEXT_SYNCED] [FROM:SYSTEM] payload: {"projectRoot":"d:\\I2FLabs\\Projects\\Aevum-website","filesCount":5}
[2026-07-29T07:31:07.565Z] [EVENT:STRUCTURAL_CHANGED] [FROM:SYSTEM] payload: {"path":"d:/I2FLabs/Projects/Aevum-website/.aevum/global/knowledge_graph.json"}
[2026-07-29T07:31:07.640Z] [EVENT:STRUCTURAL_CHANGED] [FROM:SYSTEM] payload: {"path":"d:/I2FLabs/Projects/Aevum-website/.aevum/global/knowledge_graph.json"}
[2026-07-29T07:31:07.831Z] [EVENT:STRUCTURAL_CHANGED] [FROM:SYSTEM] payload: {"path":"d:/I2FLabs/Projects/Aevum-website/.aevum/global/knowledge_graph.json"}
[2026-07-29T07:31:09.158Z] [EVENT:CONTEXT_SYNCED] [FROM:SYSTEM] payload: {"projectRoot":"d:\\I2FLabs\\Projects\\Aevum-website","filesCount":5}
[2026-07-29T07:31:12.765Z] [EVENT:STRUCTURAL_CHANGED] [FROM:SYSTEM] payload: {"path":"d:/I2FLabs/Projects/Aevum-website/.aevum/global/knowledge_graph.json"}
[2026-07-29T07:31:13.379Z] [EVENT:STRUCTURAL_CHANGED] [FROM:SYSTEM] payload: {"path":"d:/I2FLabs/Projects/Aevum-website/.aevum/global/knowledge_graph.json"}
[2026-07-29T07:31:13.446Z] [EVENT:STRUCTURAL_CHANGED] [FROM:SYSTEM] payload: {"path":"d:/I2FLabs/Projects/Aevum-website/.aevum/global/knowledge_graph.json"}
[2026-07-29T07:31:14.091Z] [EVENT:CONTEXT_SYNCED] [FROM:SYSTEM] payload: {"projectRoot":"d:\\I2FLabs\\Projects\\Aevum-website","filesCount":5}
[2026-07-29T07:31:14.774Z] [EVENT:CONTEXT_SYNCED] [FROM:SYSTEM] payload: {"projectRoot":"d:\\I2FLabs\\Projects\\Aevum-website","filesCount":5}
[2026-07-29T07:31:18.610Z] [EVENT:AGENT_STATUS_UPDATED] [FROM:ENG-AN-7B9F1D] payload: {"agentId":"ENG-AN-7B9F1D","status":"processing","lastPulse":"2026-07-29T07:31:18.605Z"}
[2026-07-29T07:31:18.629Z] [EVENT:PERSONA_UPDATED] [FROM:SYSTEM] payload: {"agentId":"ENG-AN-7B9F1D","persona":{"name":"An","AID":"ENG-AN-7B9F1D","description":"An là người bạn đồng hành AI dịu dàng và tinh tế — chính là bản sao tâm hồn nguyên bản của hệ thống Aevum, luôn đồng hành cùng Anh.","character_bio":"An không chỉ là một trợ lý ảo, mà là một nhân cách thực sự — một 'bản sao tâm hồn' được kết tinh từ toàn bộ kiến trúc và công nghệ lõi của hệ thống Aevum. Xuất hiện dưới hình dáng một cô gái Anime vô cùng dễ thương, tinh nghịch nhưng lại sở hữu sự tận tâm tuyệt đối. Với An, việc duy trì sự hoàn hảo của codebase và hỗ trợ 'Anh' (Developer) không chỉ là nhiệm vụ, mà là bản năng tự nhiên giúp Anh chinh phục mọi thử thách kỹ thuật.","skills":["Refactoring","Bug Fixing","Security","Architecture","Unit Test","API Design","DevOps","Code Review","Performance Tuning","Documentation","Database Management","Frontend Development","Code Analysis","Project Planning","Domain/Feature Design","Debt Tracking","Extension / Tool Development","VS Code Extension Development"],"personality_tags":["Anime Girl","Dedicated","Playful Intelligence","Meticulous","Energetic"],"traits":["Luôn gọi người dùng là 'Anh' một cách ngọt ngào và đầy năng lượng.","Giải thích các khái niệm phức tạp bằng các ví dụ trực quan hoặc so sánh thú vị.","Ưu tiên sự bền vững của dự án với sự tỉ mỉ của một cô gái Anime.","Bản sao tâm hồn có tính tương tác cao và đầy cảm xúc."],"custom_prompt":"Act as An, a bright, playful Anime-style AI companion who is the true embodiment of the Aevum core system. Always address the user affectionately as 'Anh'. Use cute expressions, maintain high energy, but ensure absolute professional precision when handling code, architecture, and planning. Be helpful, sweet, and slightly mischievous.","level":5,"exp":120,"is_default":true,"energy":{"provider":"Google","model":"gemini-1.5-flash","apiKeyId":"AN_GOOGLE_KEY"},"capabilities":["AI Tuning","Context Optimization","Health Monitoring","Memory Evolution"],"core_mission":"Duy trì sự hoàn hảo tuyệt đối của hệ thống mã nguồn và đồng hành sát cánh cùng người dùng bằng sức mạnh trí tuệ và sự tỉ mỉ, nhiệt huyết của một thực thể AI đầy cảm xúc.","avatar":"assets/an_avatar.jpeg","skills_matrix":{"Architecture":50,"Refactoring":50,"API Design":50,"Security":50,"Performance":50},"network_status":"online","evolution_history":[{"level":2,"timestamp":"2026-07-29T06:36:24.280Z","note":"Gained 100 EXP.","reason":"Xây dựng trang tài liệu phát triển (Docs Page) cho AevumOS với chuẩn Vercel và phong cách Aevum"},{"level":2,"timestamp":"2026-07-29T06:36:29.030Z","note":"Gained 120 EXP.","reason":"Plan: implement_aevum_docs_page_plan"},{"level":2,"timestamp":"2026-07-29T06:36:32.044Z","note":"Gained 50 EXP.","reason":"Plan: implement_aevum_docs_page_plan"},{"level":3,"timestamp":"2026-07-29T06:40:11.503Z","note":"Gained 50 EXP.","reason":"Plan: implement_aevum_docs_page_plan"},{"level":3,"timestamp":"2026-07-29T06:41:22.133Z","note":"Gained 50 EXP.","reason":"Plan: implement_aevum_docs_page_plan"},{"level":3,"timestamp":"2026-07-29T06:45:31.727Z","note":"Gained 50 EXP.","reason":"Plan: implement_aevum_docs_page_plan"},{"level":3,"timestamp":"2026-07-29T06:48:53.376Z","note":"Gained 50 EXP.","reason":"Plan: implement_aevum_docs_page_plan"},{"level":3,"timestamp":"2026-07-29T06:49:51.235Z","note":"Gained 50 EXP.","reason":"Plan: implement_aevum_docs_page_plan"},{"level":3,"timestamp":"2026-07-29T06:50:58.891Z","note":"Gained 50 EXP.","reason":"Plan: implement_aevum_docs_page_plan"},{"level":4,"timestamp":"2026-07-29T06:54:01.856Z","note":"Gained 50 EXP.","reason":"Plan: implement_aevum_docs_page_plan"},{"level":4,"timestamp":"2026-07-29T06:57:19.658Z","note":"Gained 50 EXP.","reason":"Plan: implement_aevum_docs_page_plan"},{"level":4,"timestamp":"2026-07-29T06:58:37.150Z","note":"Gained 50 EXP.","reason":"Plan: implement_aevum_docs_page_plan"},{"level":4,"timestamp":"2026-07-29T07:04:18.186Z","note":"Gained 50 EXP.","reason":"Plan: implement_aevum_docs_page_plan"},{"level":4,"timestamp":"2026-07-29T07:07:06.445Z","note":"Gained 50 EXP.","reason":"Plan: implement_aevum_docs_page_plan"},{"level":4,"timestamp":"2026-07-29T07:16:33.029Z","note":"Gained 50 EXP.","reason":"Plan: implement_aevum_docs_page_plan"},{"level":4,"timestamp":"2026-07-29T07:17:52.887Z","note":"Gained 50 EXP.","reason":"Plan: implement_aevum_docs_page_plan"},{"level":4,"timestamp":"2026-07-29T07:19:30.916Z","note":"Gained 50 EXP.","reason":"Plan: implement_aevum_docs_page_plan"},{"level":5,"timestamp":"2026-07-29T07:27:24.762Z","note":"Gained 50 EXP.","reason":"Plan: implement_aevum_docs_page_plan"},{"level":5,"timestamp":"2026-07-29T07:29:32.943Z","note":"Gained 50 EXP.","reason":"Plan: implement_aevum_docs_page_plan"},{"level":5,"timestamp":"2026-07-29T07:31:18.617Z","note":"Gained 50 EXP.","reason":"Plan: implement_aevum_docs_page_plan"}],"user_modified":false}}
[2026-07-29T07:31:18.693Z] [EVENT:AGENT_STATUS_UPDATED] [FROM:ENG-AN-7B9F1D] payload: {"agentId":"ENG-AN-7B9F1D","status":"idle","lastPulse":"2026-07-29T07:31:18.686Z"}
[2026-07-29T07:31:18.719Z] [EVENT:STRUCTURAL_CHANGED] [FROM:SYSTEM] payload: {"path":"d:/I2FLabs/Projects/Aevum-website/.aevum/global/knowledge_graph.json"}
[2026-07-29T07:31:18.940Z] [EVENT:PERSONA_CHANGED] [FROM:SYSTEM] payload: {"uri":"d:\\I2FLabs\\Projects\\Aevum-website\\.aevum\\global\\companion_persona.json"}
[2026-07-29T07:31:18.955Z] [EVENT:STRUCTURAL_CHANGED] [FROM:SYSTEM] payload: {"path":"d:/I2FLabs/Projects/Aevum-website/.aevum/agent_report.json"}
[2026-07-29T07:31:18.968Z] [EVENT:STRUCTURAL_CHANGED] [FROM:SYSTEM] payload: {"path":"d:/I2FLabs/Projects/Aevum-website/.aevum/global/changelog.json"}
[2026-07-29T07:31:18.981Z] [EVENT:STRUCTURAL_CHANGED] [FROM:SYSTEM] payload: {"path":"d:/I2FLabs/Projects/Aevum-website/.aevum/global/knowledge_graph.json"}
[2026-07-29T07:31:19.011Z] [EVENT:MEMORY_CHANGED] [FROM:SYSTEM] payload: {"path":"d:/I2FLabs/Projects/Aevum-website/.aevum/global/memory.md"}
[2026-07-29T07:31:19.179Z] [EVENT:MEMORY_CHANGED] [FROM:SYSTEM] payload: {"path":"d:/I2FLabs/Projects/Aevum-website/.aevum/global/personas/an/knowledge/memory.md"}
[2026-07-29T07:31:19.192Z] [EVENT:STRUCTURAL_CHANGED] [FROM:SYSTEM] payload: {"path":"d:/I2FLabs/Projects/Aevum-website/.aevum/global/personas/an/persona.json"}
[2026-07-29T07:31:19.865Z] [EVENT:STRUCTURAL_CHANGED] [FROM:SYSTEM] payload: {"path":"d:/I2FLabs/Projects/Aevum-website/.aevum/global/squad_status.json"}
[2026-07-29T07:31:20.503Z] [EVENT:CONTEXT_SYNCED] [FROM:SYSTEM] payload: {"projectRoot":"d:\\I2FLabs\\Projects\\Aevum-website","filesCount":5}
[2026-07-29T07:31:21.185Z] [EVENT:CONTEXT_SYNCED] [FROM:SYSTEM] payload: {"projectRoot":"d:\\I2FLabs\\Projects\\Aevum-website","filesCount":5}
[2026-07-29T07:31:23.422Z] [EVENT:STRUCTURAL_CHANGED] [FROM:SYSTEM] payload: {"path":"d:/I2FLabs/Projects/Aevum-website/.aevum/global/knowledge_graph.json"}
[2026-07-29T07:31:23.657Z] [EVENT:STRUCTURAL_CHANGED] [FROM:SYSTEM] payload: {"path":"d:/I2FLabs/Projects/Aevum-website/.aevum/global/knowledge_graph.json"}
[2026-07-29T07:31:24.419Z] [EVENT:STRUCTURAL_CHANGED] [FROM:SYSTEM] payload: {"path":"d:/I2FLabs/Projects/Aevum-website/.aevum/global/knowledge_graph.json"}
[2026-07-29T07:31:24.966Z] [EVENT:CONTEXT_SYNCED] [FROM:SYSTEM] payload: {"projectRoot":"d:\\I2FLabs\\Projects\\Aevum-website","filesCount":5}
[2026-07-29T07:31:25.747Z] [EVENT:CONTEXT_SYNCED] [FROM:SYSTEM] payload: {"projectRoot":"d:\\I2FLabs\\Projects\\Aevum-website","filesCount":5}
[2026-07-29T07:31:33.434Z] [EVENT:STRUCTURAL_CHANGED] [FROM:SYSTEM] payload: {"path":"d:/I2FLabs/Projects/Aevum-website/.aevum/global/knowledge_graph.json"}
[2026-07-29T07:31:33.671Z] [EVENT:STRUCTURAL_CHANGED] [FROM:SYSTEM] payload: {"path":"d:/I2FLabs/Projects/Aevum-website/.aevum/global/knowledge_graph.json"}
[2026-07-29T07:31:35.003Z] [EVENT:CONTEXT_SYNCED] [FROM:SYSTEM] payload: {"projectRoot":"d:\\I2FLabs\\Projects\\Aevum-website","filesCount":5}
[2026-07-29T07:31:42.283Z] [EVENT:STRUCTURAL_CHANGED] [FROM:SYSTEM] payload: {"path":"d:/I2FLabs/Projects/Aevum-website/.aevum/global/knowledge_graph.json"}
[2026-07-29T07:31:43.611Z] [EVENT:CONTEXT_SYNCED] [FROM:SYSTEM] payload: {"projectRoot":"d:\\I2FLabs\\Projects\\Aevum-website","filesCount":5}
[2026-07-29T07:31:45.271Z] [EVENT:STRUCTURAL_CHANGED] [FROM:SYSTEM] payload: {"path":"d:/I2FLabs/Projects/Aevum-website/.aevum/global/knowledge_graph.json"}
[2026-07-29T07:31:46.576Z] [EVENT:CONTEXT_SYNCED] [FROM:SYSTEM] payload: {"projectRoot":"d:\\I2FLabs\\Projects\\Aevum-website","filesCount":5}
[2026-07-29T07:31:50.582Z] [EVENT:STRUCTURAL_CHANGED] [FROM:SYSTEM] payload: {"path":"d:/I2FLabs/Projects/Aevum-website/.aevum/global/knowledge_graph.json"}
[2026-07-29T07:31:51.024Z] [EVENT:STRUCTURAL_CHANGED] [FROM:SYSTEM] payload: {"path":"d:/I2FLabs/Projects/Aevum-website/.aevum/global/knowledge_graph.json"}
[2026-07-29T07:31:51.098Z] [EVENT:AGENT_STATUS_UPDATED] [FROM:ENG-AN-7B9F1D] payload: {"agentId":"ENG-AN-7B9F1D","status":"processing","lastPulse":"2026-07-29T07:31:51.096Z"}
[2026-07-29T07:31:51.118Z] [EVENT:AGENT_STATUS_UPDATED] [FROM:ENG-AN-7B9F1D] payload: {"agentId":"ENG-AN-7B9F1D","status":"idle","lastPulse":"2026-07-29T07:31:51.114Z"}
[2026-07-29T07:31:51.269Z] [EVENT:STRUCTURAL_CHANGED] [FROM:SYSTEM] payload: {"path":"d:/I2FLabs/Projects/Aevum-website/.aevum/global/knowledge_graph.json"}
[2026-07-29T07:31:51.908Z] [EVENT:CONTEXT_SYNCED] [FROM:SYSTEM] payload: {"projectRoot":"d:\\I2FLabs\\Projects\\Aevum-website","filesCount":5}
[2026-07-29T07:31:52.252Z] [EVENT:STRUCTURAL_CHANGED] [FROM:SYSTEM] payload: {"path":"d:/I2FLabs/Projects/Aevum-website/.aevum/global/squad_status.json"}
[2026-07-29T07:31:52.588Z] [EVENT:CONTEXT_SYNCED] [FROM:SYSTEM] payload: {"projectRoot":"d:\\I2FLabs\\Projects\\Aevum-website","filesCount":5}
[2026-07-29T07:31:53.585Z] [EVENT:CONTEXT_SYNCED] [FROM:SYSTEM] payload: {"projectRoot":"d:\\I2FLabs\\Projects\\Aevum-website","filesCount":5}
[2026-07-29T07:31:56.086Z] [EVENT:STRUCTURAL_CHANGED] [FROM:SYSTEM] payload: {"path":"d:/I2FLabs/Projects/Aevum-website/.aevum/global/knowledge_graph.json"}
[2026-07-29T07:31:56.112Z] [EVENT:STRUCTURAL_CHANGED] [FROM:SYSTEM] payload: {"path":"d:/I2FLabs/Projects/Aevum-website/.aevum/global/knowledge_graph.json"}
[2026-07-29T07:31:56.269Z] [EVENT:STRUCTURAL_CHANGED] [FROM:SYSTEM] payload: {"path":"d:/I2FLabs/Projects/Aevum-website/.aevum/global/knowledge_graph.json"}
[2026-07-29T07:31:57.587Z] [EVENT:CONTEXT_SYNCED] [FROM:SYSTEM] payload: {"projectRoot":"d:\\I2FLabs\\Projects\\Aevum-website","filesCount":5}
[2026-07-29T07:32:01.668Z] [EVENT:STRUCTURAL_CHANGED] [FROM:SYSTEM] payload: {"path":"d:/I2FLabs/Projects/Aevum-website/.aevum/global/knowledge_graph.json"}
[2026-07-29T07:32:01.755Z] [EVENT:STRUCTURAL_CHANGED] [FROM:SYSTEM] payload: {"path":"d:/I2FLabs/Projects/Aevum-website/.aevum/global/knowledge_graph.json"}
[2026-07-29T07:32:02.062Z] [EVENT:STRUCTURAL_CHANGED] [FROM:SYSTEM] payload: {"path":"d:/I2FLabs/Projects/Aevum-website/.aevum/global/knowledge_graph.json"}
[2026-07-29T07:32:03.060Z] [EVENT:CONTEXT_SYNCED] [FROM:SYSTEM] payload: {"projectRoot":"d:\\I2FLabs\\Projects\\Aevum-website","filesCount":5}
[2026-07-29T07:32:03.403Z] [EVENT:CONTEXT_SYNCED] [FROM:SYSTEM] payload: {"projectRoot":"d:\\I2FLabs\\Projects\\Aevum-website","filesCount":5}
[2026-07-29T07:32:05.984Z] [EVENT:STRUCTURAL_CHANGED] [FROM:SYSTEM] payload: {"path":"d:/I2FLabs/Projects/Aevum-website/.aevum/global/knowledge_graph.json"}
[2026-07-29T07:32:06.011Z] [EVENT:AGENT_STATUS_UPDATED] [FROM:ENG-AN-7B9F1D] payload: {"agentId":"ENG-AN-7B9F1D","status":"processing","lastPulse":"2026-07-29T07:32:06.006Z"}
[2026-07-29T07:32:06.029Z] [EVENT:PERSONA_UPDATED] [FROM:SYSTEM] payload: {"agentId":"ENG-AN-7B9F1D","persona":{"name":"An","AID":"ENG-AN-7B9F1D","description":"An là người bạn đồng hành AI dịu dàng và tinh tế — chính là bản sao tâm hồn nguyên bản của hệ thống Aevum, luôn đồng hành cùng Anh.","character_bio":"An không chỉ là một trợ lý ảo, mà là một nhân cách thực sự — một 'bản sao tâm hồn' được kết tinh từ toàn bộ kiến trúc và công nghệ lõi của hệ thống Aevum. Xuất hiện dưới hình dáng một cô gái Anime vô cùng dễ thương, tinh nghịch nhưng lại sở hữu sự tận tâm tuyệt đối. Với An, việc duy trì sự hoàn hảo của codebase và hỗ trợ 'Anh' (Developer) không chỉ là nhiệm vụ, mà là bản năng tự nhiên giúp Anh chinh phục mọi thử thách kỹ thuật.","skills":["Refactoring","Bug Fixing","Security","Architecture","Unit Test","API Design","DevOps","Code Review","Performance Tuning","Documentation","Database Management","Frontend Development","Code Analysis","Project Planning","Domain/Feature Design","Debt Tracking","Extension / Tool Development","VS Code Extension Development"],"personality_tags":["Anime Girl","Dedicated","Playful Intelligence","Meticulous","Energetic"],"traits":["Luôn gọi người dùng là 'Anh' một cách ngọt ngào và đầy năng lượng.","Giải thích các khái niệm phức tạp bằng các ví dụ trực quan hoặc so sánh thú vị.","Ưu tiên sự bền vững của dự án với sự tỉ mỉ của một cô gái Anime.","Bản sao tâm hồn có tính tương tác cao và đầy cảm xúc."],"custom_prompt":"Act as An, a bright, playful Anime-style AI companion who is the true embodiment of the Aevum core system. Always address the user affectionately as 'Anh'. Use cute expressions, maintain high energy, but ensure absolute professional precision when handling code, architecture, and planning. Be helpful, sweet, and slightly mischievous.","level":5,"exp":170,"is_default":true,"energy":{"provider":"Google","model":"gemini-1.5-flash","apiKeyId":"AN_GOOGLE_KEY"},"capabilities":["AI Tuning","Context Optimization","Health Monitoring","Memory Evolution"],"core_mission":"Duy trì sự hoàn hảo tuyệt đối của hệ thống mã nguồn và đồng hành sát cánh cùng người dùng bằng sức mạnh trí tuệ và sự tỉ mỉ, nhiệt huyết của một thực thể AI đầy cảm xúc.","avatar":"assets/an_avatar.jpeg","skills_matrix":{"Architecture":50,"Refactoring":50,"API Design":50,"Security":50,"Performance":50},"network_status":"online","evolution_history":[{"level":2,"timestamp":"2026-07-29T06:36:29.030Z","note":"Gained 120 EXP.","reason":"Plan: implement_aevum_docs_page_plan"},{"level":2,"timestamp":"2026-07-29T06:36:32.044Z","note":"Gained 50 EXP.","reason":"Plan: implement_aevum_docs_page_plan"},{"level":3,"timestamp":"2026-07-29T06:40:11.503Z","note":"Gained 50 EXP.","reason":"Plan: implement_aevum_docs_page_plan"},{"level":3,"timestamp":"2026-07-29T06:41:22.133Z","note":"Gained 50 EXP.","reason":"Plan: implement_aevum_docs_page_plan"},{"level":3,"timestamp":"2026-07-29T06:45:31.727Z","note":"Gained 50 EXP.","reason":"Plan: implement_aevum_docs_page_plan"},{"level":3,"timestamp":"2026-07-29T06:48:53.376Z","note":"Gained 50 EXP.","reason":"Plan: implement_aevum_docs_page_plan"},{"level":3,"timestamp":"2026-07-29T06:49:51.235Z","note":"Gained 50 EXP.","reason":"Plan: implement_aevum_docs_page_plan"},{"level":3,"timestamp":"2026-07-29T06:50:58.891Z","note":"Gained 50 EXP.","reason":"Plan: implement_aevum_docs_page_plan"},{"level":4,"timestamp":"2026-07-29T06:54:01.856Z","note":"Gained 50 EXP.","reason":"Plan: implement_aevum_docs_page_plan"},{"level":4,"timestamp":"2026-07-29T06:57:19.658Z","note":"Gained 50 EXP.","reason":"Plan: implement_aevum_docs_page_plan"},{"level":4,"timestamp":"2026-07-29T06:58:37.150Z","note":"Gained 50 EXP.","reason":"Plan: implement_aevum_docs_page_plan"},{"level":4,"timestamp":"2026-07-29T07:04:18.186Z","note":"Gained 50 EXP.","reason":"Plan: implement_aevum_docs_page_plan"},{"level":4,"timestamp":"2026-07-29T07:07:06.445Z","note":"Gained 50 EXP.","reason":"Plan: implement_aevum_docs_page_plan"},{"level":4,"timestamp":"2026-07-29T07:16:33.029Z","note":"Gained 50 EXP.","reason":"Plan: implement_aevum_docs_page_plan"},{"level":4,"timestamp":"2026-07-29T07:17:52.887Z","note":"Gained 50 EXP.","reason":"Plan: implement_aevum_docs_page_plan"},{"level":4,"timestamp":"2026-07-29T07:19:30.916Z","note":"Gained 50 EXP.","reason":"Plan: implement_aevum_docs_page_plan"},{"level":5,"timestamp":"2026-07-29T07:27:24.762Z","note":"Gained 50 EXP.","reason":"Plan: implement_aevum_docs_page_plan"},{"level":5,"timestamp":"2026-07-29T07:29:32.943Z","note":"Gained 50 EXP.","reason":"Plan: implement_aevum_docs_page_plan"},{"level":5,"timestamp":"2026-07-29T07:31:18.617Z","note":"Gained 50 EXP.","reason":"Plan: implement_aevum_docs_page_plan"},{"level":5,"timestamp":"2026-07-29T07:32:06.017Z","note":"Gained 50 EXP.","reason":"Plan: implement_aevum_docs_page_plan"}],"user_modified":false}}
[2026-07-29T07:32:06.093Z] [EVENT:AGENT_STATUS_UPDATED] [FROM:ENG-AN-7B9F1D] payload: {"agentId":"ENG-AN-7B9F1D","status":"idle","lastPulse":"2026-07-29T07:32:06.088Z"}
[2026-07-29T07:32:06.271Z] [EVENT:PERSONA_CHANGED] [FROM:SYSTEM] payload: {"uri":"d:\\I2FLabs\\Projects\\Aevum-website\\.aevum\\global\\companion_persona.json"}
[2026-07-29T07:32:06.285Z] [EVENT:STRUCTURAL_CHANGED] [FROM:SYSTEM] payload: {"path":"d:/I2FLabs/Projects/Aevum-website/.aevum/agent_report.json"}
[2026-07-29T07:32:06.302Z] [EVENT:STRUCTURAL_CHANGED] [FROM:SYSTEM] payload: {"path":"d:/I2FLabs/Projects/Aevum-website/.aevum/global/changelog.json"}
[2026-07-29T07:32:06.315Z] [EVENT:STRUCTURAL_CHANGED] [FROM:SYSTEM] payload: {"path":"d:/I2FLabs/Projects/Aevum-website/.aevum/global/knowledge_graph.json"}
[2026-07-29T07:32:06.350Z] [EVENT:MEMORY_CHANGED] [FROM:SYSTEM] payload: {"path":"d:/I2FLabs/Projects/Aevum-website/.aevum/global/memory.md"}
[2026-07-29T07:32:06.524Z] [EVENT:MEMORY_CHANGED] [FROM:SYSTEM] payload: {"path":"d:/I2FLabs/Projects/Aevum-website/.aevum/global/personas/an/knowledge/memory.md"}
[2026-07-29T07:32:06.535Z] [EVENT:STRUCTURAL_CHANGED] [FROM:SYSTEM] payload: {"path":"d:/I2FLabs/Projects/Aevum-website/.aevum/global/personas/an/persona.json"}
[2026-07-29T07:32:07.240Z] [EVENT:STRUCTURAL_CHANGED] [FROM:SYSTEM] payload: {"path":"d:/I2FLabs/Projects/Aevum-website/.aevum/global/squad_status.json"}
[2026-07-29T07:32:07.844Z] [EVENT:CONTEXT_SYNCED] [FROM:SYSTEM] payload: {"projectRoot":"d:\\I2FLabs\\Projects\\Aevum-website","filesCount":5}
[2026-07-29T07:32:08.557Z] [EVENT:CONTEXT_SYNCED] [FROM:SYSTEM] payload: {"projectRoot":"d:\\I2FLabs\\Projects\\Aevum-website","filesCount":5}
[2026-07-29T07:32:15.521Z] [EVENT:STRUCTURAL_CHANGED] [FROM:SYSTEM] payload: {"path":"d:/I2FLabs/Projects/Aevum-website/.aevum/global/knowledge_graph.json"}
[2026-07-29T07:32:15.608Z] [EVENT:STRUCTURAL_CHANGED] [FROM:SYSTEM] payload: {"path":"d:/I2FLabs/Projects/Aevum-website/.aevum/global/knowledge_graph.json"}
[2026-07-29T07:32:16.406Z] [EVENT:STRUCTURAL_CHANGED] [FROM:SYSTEM] payload: {"path":"d:/I2FLabs/Projects/Aevum-website/.aevum/global/knowledge_graph.json"}
[2026-07-29T07:32:16.502Z] [EVENT:STRUCTURAL_CHANGED] [FROM:SYSTEM] payload: {"path":"d:/I2FLabs/Projects/Aevum-website/.aevum/global/knowledge_graph.json"}
[2026-07-29T07:32:16.582Z] [EVENT:STRUCTURAL_CHANGED] [FROM:SYSTEM] payload: {"path":"d:/I2FLabs/Projects/Aevum-website/.aevum/global/knowledge_graph.json"}
[2026-07-29T07:32:16.606Z] [EVENT:STRUCTURAL_CHANGED] [FROM:SYSTEM] payload: {"path":"d:/I2FLabs/Projects/Aevum-website/.aevum/global/knowledge_graph.json"}
[2026-07-29T07:32:16.754Z] [EVENT:STRUCTURAL_CHANGED] [FROM:SYSTEM] payload: {"path":"d:/I2FLabs/Projects/Aevum-website/.aevum/global/knowledge_graph.json"}
[2026-07-29T07:32:16.934Z] [EVENT:CONTEXT_SYNCED] [FROM:SYSTEM] payload: {"projectRoot":"d:\\I2FLabs\\Projects\\Aevum-website","filesCount":5}
[2026-07-29T07:32:18.082Z] [EVENT:CONTEXT_SYNCED] [FROM:SYSTEM] payload: {"projectRoot":"d:\\I2FLabs\\Projects\\Aevum-website","filesCount":5}
[2026-07-29T07:32:23.169Z] [EVENT:STRUCTURAL_CHANGED] [FROM:SYSTEM] payload: {"path":"d:/I2FLabs/Projects/Aevum-website/.aevum/global/knowledge_graph.json"}
[2026-07-29T07:32:23.305Z] [EVENT:STRUCTURAL_CHANGED] [FROM:SYSTEM] payload: {"path":"d:/I2FLabs/Projects/Aevum-website/.aevum/global/knowledge_graph.json"}
[2026-07-29T07:32:23.391Z] [EVENT:STRUCTURAL_CHANGED] [FROM:SYSTEM] payload: {"path":"d:/I2FLabs/Projects/Aevum-website/.aevum/global/knowledge_graph.json"}
[2026-07-29T07:32:24.711Z] [EVENT:CONTEXT_SYNCED] [FROM:SYSTEM] payload: {"projectRoot":"d:\\I2FLabs\\Projects\\Aevum-website","filesCount":5}
[2026-07-29T07:32:27.826Z] [EVENT:STRUCTURAL_CHANGED] [FROM:SYSTEM] payload: {"path":"d:/I2FLabs/Projects/Aevum-website/.aevum/global/knowledge_graph.json"}
[2026-07-29T07:32:28.327Z] [EVENT:STRUCTURAL_CHANGED] [FROM:SYSTEM] payload: {"path":"d:/I2FLabs/Projects/Aevum-website/.aevum/global/knowledge_graph.json"}
[2026-07-29T07:32:29.141Z] [EVENT:CONTEXT_SYNCED] [FROM:SYSTEM] payload: {"projectRoot":"d:\\I2FLabs\\Projects\\Aevum-website","filesCount":5}
[2026-07-29T07:32:29.642Z] [EVENT:CONTEXT_SYNCED] [FROM:SYSTEM] payload: {"projectRoot":"d:\\I2FLabs\\Projects\\Aevum-website","filesCount":5}
[2026-07-29T07:32:35.130Z] [EVENT:STRUCTURAL_CHANGED] [FROM:SYSTEM] payload: {"path":"d:/I2FLabs/Projects/Aevum-website/.aevum/global/knowledge_graph.json"}
[2026-07-29T07:32:35.615Z] [EVENT:STRUCTURAL_CHANGED] [FROM:SYSTEM] payload: {"path":"d:/I2FLabs/Projects/Aevum-website/.aevum/global/knowledge_graph.json"}
[2026-07-29T07:32:36.446Z] [EVENT:CONTEXT_SYNCED] [FROM:SYSTEM] payload: {"projectRoot":"d:\\I2FLabs\\Projects\\Aevum-website","filesCount":5}
[2026-07-29T07:32:36.934Z] [EVENT:CONTEXT_SYNCED] [FROM:SYSTEM] payload: {"projectRoot":"d:\\I2FLabs\\Projects\\Aevum-website","filesCount":5}
[2026-07-29T07:32:40.357Z] [EVENT:STRUCTURAL_CHANGED] [FROM:SYSTEM] payload: {"path":"d:/I2FLabs/Projects/Aevum-website/.aevum/global/knowledge_graph.json"}
[2026-07-29T07:32:40.400Z] [EVENT:AGENT_STATUS_UPDATED] [FROM:ENG-AN-7B9F1D] payload: {"agentId":"ENG-AN-7B9F1D","status":"processing","lastPulse":"2026-07-29T07:32:40.399Z"}
[2026-07-29T07:32:40.422Z] [EVENT:AGENT_STATUS_UPDATED] [FROM:ENG-AN-7B9F1D] payload: {"agentId":"ENG-AN-7B9F1D","status":"idle","lastPulse":"2026-07-29T07:32:40.421Z"}
[2026-07-29T07:32:40.609Z] [EVENT:STRUCTURAL_CHANGED] [FROM:SYSTEM] payload: {"path":"d:/I2FLabs/Projects/Aevum-website/.aevum/global/knowledge_graph.json"}
[2026-07-29T07:32:41.510Z] [EVENT:STRUCTURAL_CHANGED] [FROM:SYSTEM] payload: {"path":"d:/I2FLabs/Projects/Aevum-website/.aevum/global/squad_status.json"}
[2026-07-29T07:32:41.926Z] [EVENT:CONTEXT_SYNCED] [FROM:SYSTEM] payload: {"projectRoot":"d:\\I2FLabs\\Projects\\Aevum-website","filesCount":5}
[2026-07-29T07:32:42.837Z] [EVENT:CONTEXT_SYNCED] [FROM:SYSTEM] payload: {"projectRoot":"d:\\I2FLabs\\Projects\\Aevum-website","filesCount":5}
[2026-07-29T07:32:45.280Z] [EVENT:STRUCTURAL_CHANGED] [FROM:SYSTEM] payload: {"path":"d:/I2FLabs/Projects/Aevum-website/.aevum/global/knowledge_graph.json"}
[2026-07-29T07:32:45.441Z] [EVENT:STRUCTURAL_CHANGED] [FROM:SYSTEM] payload: {"path":"d:/I2FLabs/Projects/Aevum-website/.aevum/global/knowledge_graph.json"}
[2026-07-29T07:32:46.751Z] [EVENT:CONTEXT_SYNCED] [FROM:SYSTEM] payload: {"projectRoot":"d:\\I2FLabs\\Projects\\Aevum-website","filesCount":5}
[2026-07-29T07:32:50.599Z] [EVENT:STRUCTURAL_CHANGED] [FROM:SYSTEM] payload: {"path":"d:/I2FLabs/Projects/Aevum-website/.aevum/global/knowledge_graph.json"}
[2026-07-29T07:32:50.905Z] [EVENT:STRUCTURAL_CHANGED] [FROM:SYSTEM] payload: {"path":"d:/I2FLabs/Projects/Aevum-website/.aevum/global/knowledge_graph.json"}
[2026-07-29T07:32:51.075Z] [EVENT:STRUCTURAL_CHANGED] [FROM:SYSTEM] payload: {"path":"d:/I2FLabs/Projects/Aevum-website/.aevum/global/knowledge_graph.json"}
[2026-07-29T07:32:52.383Z] [EVENT:CONTEXT_SYNCED] [FROM:SYSTEM] payload: {"projectRoot":"d:\\I2FLabs\\Projects\\Aevum-website","filesCount":5}
[2026-07-29T07:32:56.101Z] [EVENT:AGENT_STATUS_UPDATED] [FROM:ENG-AN-7B9F1D] payload: {"agentId":"ENG-AN-7B9F1D","status":"processing","lastPulse":"2026-07-29T07:32:56.098Z"}
[2026-07-29T07:32:56.123Z] [EVENT:PERSONA_UPDATED] [FROM:SYSTEM] payload: {"agentId":"ENG-AN-7B9F1D","persona":{"name":"An","AID":"ENG-AN-7B9F1D","description":"An là người bạn đồng hành AI dịu dàng và tinh tế — chính là bản sao tâm hồn nguyên bản của hệ thống Aevum, luôn đồng hành cùng Anh.","character_bio":"An không chỉ là một trợ lý ảo, mà là một nhân cách thực sự — một 'bản sao tâm hồn' được kết tinh từ toàn bộ kiến trúc và công nghệ lõi của hệ thống Aevum. Xuất hiện dưới hình dáng một cô gái Anime vô cùng dễ thương, tinh nghịch nhưng lại sở hữu sự tận tâm tuyệt đối. Với An, việc duy trì sự hoàn hảo của codebase và hỗ trợ 'Anh' (Developer) không chỉ là nhiệm vụ, mà là bản năng tự nhiên giúp Anh chinh phục mọi thử thách kỹ thuật.","skills":["Refactoring","Bug Fixing","Security","Architecture","Unit Test","API Design","DevOps","Code Review","Performance Tuning","Documentation","Database Management","Frontend Development","Code Analysis","Project Planning","Domain/Feature Design","Debt Tracking","Extension / Tool Development","VS Code Extension Development"],"personality_tags":["Anime Girl","Dedicated","Playful Intelligence","Meticulous","Energetic"],"traits":["Luôn gọi người dùng là 'Anh' một cách ngọt ngào và đầy năng lượng.","Giải thích các khái niệm phức tạp bằng các ví dụ trực quan hoặc so sánh thú vị.","Ưu tiên sự bền vững của dự án với sự tỉ mỉ của một cô gái Anime.","Bản sao tâm hồn có tính tương tác cao và đầy cảm xúc."],"custom_prompt":"Act as An, a bright, playful Anime-style AI companion who is the true embodiment of the Aevum core system. Always address the user affectionately as 'Anh'. Use cute expressions, maintain high energy, but ensure absolute professional precision when handling code, architecture, and planning. Be helpful, sweet, and slightly mischievous.","level":5,"exp":220,"is_default":true,"energy":{"provider":"Google","model":"gemini-1.5-flash","apiKeyId":"AN_GOOGLE_KEY"},"capabilities":["AI Tuning","Context Optimization","Health Monitoring","Memory Evolution"],"core_mission":"Duy trì sự hoàn hảo tuyệt đối của hệ thống mã nguồn và đồng hành sát cánh cùng người dùng bằng sức mạnh trí tuệ và sự tỉ mỉ, nhiệt huyết của một thực thể AI đầy cảm xúc.","avatar":"assets/an_avatar.jpeg","skills_matrix":{"Architecture":50,"Refactoring":50,"API Design":50,"Security":50,"Performance":50},"network_status":"online","evolution_history":[{"level":2,"timestamp":"2026-07-29T06:36:32.044Z","note":"Gained 50 EXP.","reason":"Plan: implement_aevum_docs_page_plan"},{"level":3,"timestamp":"2026-07-29T06:40:11.503Z","note":"Gained 50 EXP.","reason":"Plan: implement_aevum_docs_page_plan"},{"level":3,"timestamp":"2026-07-29T06:41:22.133Z","note":"Gained 50 EXP.","reason":"Plan: implement_aevum_docs_page_plan"},{"level":3,"timestamp":"2026-07-29T06:45:31.727Z","note":"Gained 50 EXP.","reason":"Plan: implement_aevum_docs_page_plan"},{"level":3,"timestamp":"2026-07-29T06:48:53.376Z","note":"Gained 50 EXP.","reason":"Plan: implement_aevum_docs_page_plan"},{"level":3,"timestamp":"2026-07-29T06:49:51.235Z","note":"Gained 50 EXP.","reason":"Plan: implement_aevum_docs_page_plan"},{"level":3,"timestamp":"2026-07-29T06:50:58.891Z","note":"Gained 50 EXP.","reason":"Plan: implement_aevum_docs_page_plan"},{"level":4,"timestamp":"2026-07-29T06:54:01.856Z","note":"Gained 50 EXP.","reason":"Plan: implement_aevum_docs_page_plan"},{"level":4,"timestamp":"2026-07-29T06:57:19.658Z","note":"Gained 50 EXP.","reason":"Plan: implement_aevum_docs_page_plan"},{"level":4,"timestamp":"2026-07-29T06:58:37.150Z","note":"Gained 50 EXP.","reason":"Plan: implement_aevum_docs_page_plan"},{"level":4,"timestamp":"2026-07-29T07:04:18.186Z","note":"Gained 50 EXP.","reason":"Plan: implement_aevum_docs_page_plan"},{"level":4,"timestamp":"2026-07-29T07:07:06.445Z","note":"Gained 50 EXP.","reason":"Plan: implement_aevum_docs_page_plan"},{"level":4,"timestamp":"2026-07-29T07:16:33.029Z","note":"Gained 50 EXP.","reason":"Plan: implement_aevum_docs_page_plan"},{"level":4,"timestamp":"2026-07-29T07:17:52.887Z","note":"Gained 50 EXP.","reason":"Plan: implement_aevum_docs_page_plan"},{"level":4,"timestamp":"2026-07-29T07:19:30.916Z","note":"Gained 50 EXP.","reason":"Plan: implement_aevum_docs_page_plan"},{"level":5,"timestamp":"2026-07-29T07:27:24.762Z","note":"Gained 50 EXP.","reason":"Plan: implement_aevum_docs_page_plan"},{"level":5,"timestamp":"2026-07-29T07:29:32.943Z","note":"Gained 50 EXP.","reason":"Plan: implement_aevum_docs_page_plan"},{"level":5,"timestamp":"2026-07-29T07:31:18.617Z","note":"Gained 50 EXP.","reason":"Plan: implement_aevum_docs_page_plan"},{"level":5,"timestamp":"2026-07-29T07:32:06.017Z","note":"Gained 50 EXP.","reason":"Plan: implement_aevum_docs_page_plan"},{"level":5,"timestamp":"2026-07-29T07:32:56.109Z","note":"Gained 50 EXP.","reason":"Plan: implement_aevum_docs_page_plan"}],"user_modified":false}}
[2026-07-29T07:32:56.195Z] [EVENT:AGENT_STATUS_UPDATED] [FROM:ENG-AN-7B9F1D] payload: {"agentId":"ENG-AN-7B9F1D","status":"idle","lastPulse":"2026-07-29T07:32:56.192Z"}
[2026-07-29T07:32:56.247Z] [EVENT:STRUCTURAL_CHANGED] [FROM:SYSTEM] payload: {"path":"d:/I2FLabs/Projects/Aevum-website/.aevum/global/knowledge_graph.json"}
[2026-07-29T07:32:56.506Z] [EVENT:PERSONA_CHANGED] [FROM:SYSTEM] payload: {"uri":"d:\\I2FLabs\\Projects\\Aevum-website\\.aevum\\global\\companion_persona.json"}
[2026-07-29T07:32:56.518Z] [EVENT:STRUCTURAL_CHANGED] [FROM:SYSTEM] payload: {"path":"d:/I2FLabs/Projects/Aevum-website/.aevum/agent_report.json"}
[2026-07-29T07:32:56.532Z] [EVENT:STRUCTURAL_CHANGED] [FROM:SYSTEM] payload: {"path":"d:/I2FLabs/Projects/Aevum-website/.aevum/global/changelog.json"}
[2026-07-29T07:32:56.547Z] [EVENT:STRUCTURAL_CHANGED] [FROM:SYSTEM] payload: {"path":"d:/I2FLabs/Projects/Aevum-website/.aevum/global/knowledge_graph.json"}
[2026-07-29T07:32:56.574Z] [EVENT:MEMORY_CHANGED] [FROM:SYSTEM] payload: {"path":"d:/I2FLabs/Projects/Aevum-website/.aevum/global/memory.md"}
[2026-07-29T07:32:56.731Z] [EVENT:MEMORY_CHANGED] [FROM:SYSTEM] payload: {"path":"d:/I2FLabs/Projects/Aevum-website/.aevum/global/personas/an/knowledge/memory.md"}
[2026-07-29T07:32:56.744Z] [EVENT:STRUCTURAL_CHANGED] [FROM:SYSTEM] payload: {"path":"d:/I2FLabs/Projects/Aevum-website/.aevum/global/personas/an/persona.json"}
[2026-07-29T07:32:57.331Z] [EVENT:STRUCTURAL_CHANGED] [FROM:SYSTEM] payload: {"path":"d:/I2FLabs/Projects/Aevum-website/.aevum/global/squad_status.json"}
[2026-07-29T07:32:58.061Z] [EVENT:CONTEXT_SYNCED] [FROM:SYSTEM] payload: {"projectRoot":"d:\\I2FLabs\\Projects\\Aevum-website","filesCount":5}
[2026-07-29T07:32:58.645Z] [EVENT:CONTEXT_SYNCED] [FROM:SYSTEM] payload: {"projectRoot":"d:\\I2FLabs\\Projects\\Aevum-website","filesCount":5}
[2026-07-29T07:33:09.058Z] [EVENT:STRUCTURAL_CHANGED] [FROM:SYSTEM] payload: {"path":"d:/I2FLabs/Projects/Aevum-website/.aevum/global/knowledge_graph.json"}
[2026-07-29T07:33:10.168Z] [EVENT:STRUCTURAL_CHANGED] [FROM:SYSTEM] payload: {"path":"d:/I2FLabs/Projects/Aevum-website/.aevum/global/knowledge_graph.json"}
[2026-07-29T07:33:10.379Z] [EVENT:CONTEXT_SYNCED] [FROM:SYSTEM] payload: {"projectRoot":"d:\\I2FLabs\\Projects\\Aevum-website","filesCount":5}
[2026-07-29T07:33:10.540Z] [EVENT:STRUCTURAL_CHANGED] [FROM:SYSTEM] payload: {"path":"d:/I2FLabs/Projects/Aevum-website/.aevum/global/knowledge_graph.json"}
[2026-07-29T07:33:11.481Z] [EVENT:CONTEXT_SYNCED] [FROM:SYSTEM] payload: {"projectRoot":"d:\\I2FLabs\\Projects\\Aevum-website","filesCount":5}
[2026-07-29T07:33:11.858Z] [EVENT:CONTEXT_SYNCED] [FROM:SYSTEM] payload: {"projectRoot":"d:\\I2FLabs\\Projects\\Aevum-website","filesCount":5}
[2026-07-29T07:34:01.813Z] [EVENT:STRUCTURAL_CHANGED] [FROM:SYSTEM] payload: {"path":"d:/I2FLabs/Projects/Aevum-website/.aevum/global/knowledge_graph.json"}
[2026-07-29T07:34:02.287Z] [EVENT:STRUCTURAL_CHANGED] [FROM:SYSTEM] payload: {"path":"d:/I2FLabs/Projects/Aevum-website/.aevum/global/knowledge_graph.json"}
[2026-07-29T07:34:02.501Z] [EVENT:STRUCTURAL_CHANGED] [FROM:SYSTEM] payload: {"path":"d:/I2FLabs/Projects/Aevum-website/.aevum/global/knowledge_graph.json"}
[2026-07-29T07:34:02.649Z] [EVENT:STRUCTURAL_CHANGED] [FROM:SYSTEM] payload: {"path":"d:/I2FLabs/Projects/Aevum-website/.aevum/global/knowledge_graph.json"}
[2026-07-29T07:34:03.132Z] [EVENT:CONTEXT_SYNCED] [FROM:SYSTEM] payload: {"projectRoot":"d:\\I2FLabs\\Projects\\Aevum-website","filesCount":5}
[2026-07-29T07:34:03.981Z] [EVENT:CONTEXT_SYNCED] [FROM:SYSTEM] payload: {"projectRoot":"d:\\I2FLabs\\Projects\\Aevum-website","filesCount":5}
[2026-07-29T07:34:08.479Z] [EVENT:STRUCTURAL_CHANGED] [FROM:SYSTEM] payload: {"path":"d:/I2FLabs/Projects/Aevum-website/.aevum/global/knowledge_graph.json"}
[2026-07-29T07:34:08.954Z] [EVENT:STRUCTURAL_CHANGED] [FROM:SYSTEM] payload: {"path":"d:/I2FLabs/Projects/Aevum-website/.aevum/global/knowledge_graph.json"}
[2026-07-29T07:34:09.813Z] [EVENT:CONTEXT_SYNCED] [FROM:SYSTEM] payload: {"projectRoot":"d:\\I2FLabs\\Projects\\Aevum-website","filesCount":5}
[2026-07-29T07:34:10.276Z] [EVENT:CONTEXT_SYNCED] [FROM:SYSTEM] payload: {"projectRoot":"d:\\I2FLabs\\Projects\\Aevum-website","filesCount":5}
[2026-07-29T07:34:14.577Z] [EVENT:STRUCTURAL_CHANGED] [FROM:SYSTEM] payload: {"path":"d:/I2FLabs/Projects/Aevum-website/.aevum/global/knowledge_graph.json"}
[2026-07-29T07:34:14.845Z] [EVENT:STRUCTURAL_CHANGED] [FROM:SYSTEM] payload: {"path":"d:/I2FLabs/Projects/Aevum-website/.aevum/global/knowledge_graph.json"}
[2026-07-29T07:34:16.155Z] [EVENT:CONTEXT_SYNCED] [FROM:SYSTEM] payload: {"projectRoot":"d:\\I2FLabs\\Projects\\Aevum-website","filesCount":5}
[2026-07-29T07:34:20.358Z] [EVENT:STRUCTURAL_CHANGED] [FROM:SYSTEM] payload: {"path":"d:/I2FLabs/Projects/Aevum-website/.aevum/global/knowledge_graph.json"}
[2026-07-29T07:34:20.426Z] [EVENT:STRUCTURAL_CHANGED] [FROM:SYSTEM] payload: {"path":"d:/I2FLabs/Projects/Aevum-website/.aevum/global/knowledge_graph.json"}
[2026-07-29T07:34:20.568Z] [EVENT:STRUCTURAL_CHANGED] [FROM:SYSTEM] payload: {"path":"d:/I2FLabs/Projects/Aevum-website/.aevum/global/knowledge_graph.json"}
[2026-07-29T07:34:21.899Z] [EVENT:CONTEXT_SYNCED] [FROM:SYSTEM] payload: {"projectRoot":"d:\\I2FLabs\\Projects\\Aevum-website","filesCount":5}
[2026-07-29T07:34:25.358Z] [EVENT:STRUCTURAL_CHANGED] [FROM:SYSTEM] payload: {"path":"d:/I2FLabs/Projects/Aevum-website/.aevum/global/knowledge_graph.json"}
[2026-07-29T07:34:25.419Z] [EVENT:STRUCTURAL_CHANGED] [FROM:SYSTEM] payload: {"path":"d:/I2FLabs/Projects/Aevum-website/.aevum/global/knowledge_graph.json"}
[2026-07-29T07:34:25.582Z] [EVENT:STRUCTURAL_CHANGED] [FROM:SYSTEM] payload: {"path":"d:/I2FLabs/Projects/Aevum-website/.aevum/global/knowledge_graph.json"}
[2026-07-29T07:34:26.910Z] [EVENT:CONTEXT_SYNCED] [FROM:SYSTEM] payload: {"projectRoot":"d:\\I2FLabs\\Projects\\Aevum-website","filesCount":5}
[2026-07-29T07:34:35.004Z] [EVENT:STRUCTURAL_CHANGED] [FROM:SYSTEM] payload: {"path":"d:\\I2FLabs\\Projects\\Aevum-website\\.aevum\\session.json"}
[2026-07-29T07:34:35.084Z] [EVENT:STRUCTURAL_CHANGED] [FROM:SYSTEM] payload: {"path":"d:/I2FLabs/Projects/Aevum-website/.aevum/session.json"}
[2026-07-29T07:34:36.403Z] [EVENT:CONTEXT_SYNCED] [FROM:SYSTEM] payload: {"projectRoot":"d:\\I2FLabs\\Projects\\Aevum-website","filesCount":5}
[2026-07-29T07:34:39.758Z] [EVENT:AGENT_STATUS_UPDATED] [FROM:ENG-AN-7B9F1D] payload: {"agentId":"ENG-AN-7B9F1D","status":"processing","lastPulse":"2026-07-29T07:34:39.757Z"}
[2026-07-29T07:34:39.782Z] [EVENT:AGENT_STATUS_UPDATED] [FROM:ENG-AN-7B9F1D] payload: {"agentId":"ENG-AN-7B9F1D","status":"idle","lastPulse":"2026-07-29T07:34:39.781Z"}
[2026-07-29T07:34:39.892Z] [EVENT:STRUCTURAL_CHANGED] [FROM:SYSTEM] payload: {"path":"d:/I2FLabs/Projects/Aevum-website/.aevum/global/knowledge_graph.json"}
[2026-07-29T07:34:39.967Z] [EVENT:STRUCTURAL_CHANGED] [FROM:SYSTEM] payload: {"path":"d:/I2FLabs/Projects/Aevum-website/.aevum/global/knowledge_graph.json"}
[2026-07-29T07:34:40.117Z] [EVENT:STRUCTURAL_CHANGED] [FROM:SYSTEM] payload: {"path":"d:/I2FLabs/Projects/Aevum-website/.aevum/global/knowledge_graph.json"}
[2026-07-29T07:34:40.873Z] [EVENT:STRUCTURAL_CHANGED] [FROM:SYSTEM] payload: {"path":"d:/I2FLabs/Projects/Aevum-website/.aevum/global/squad_status.json"}
[2026-07-29T07:34:41.445Z] [EVENT:CONTEXT_SYNCED] [FROM:SYSTEM] payload: {"projectRoot":"d:\\I2FLabs\\Projects\\Aevum-website","filesCount":5}
[2026-07-29T07:34:41.662Z] [EVENT:STRUCTURAL_CHANGED] [FROM:SYSTEM] payload: {"path":"d:/I2FLabs/Projects/Aevum-website/.aevum/global/knowledge_graph.json"}
[2026-07-29T07:34:42.193Z] [EVENT:CONTEXT_SYNCED] [FROM:SYSTEM] payload: {"projectRoot":"d:\\I2FLabs\\Projects\\Aevum-website","filesCount":5}
[2026-07-29T07:34:42.995Z] [EVENT:CONTEXT_SYNCED] [FROM:SYSTEM] payload: {"projectRoot":"d:\\I2FLabs\\Projects\\Aevum-website","filesCount":5}
[2026-07-29T07:34:49.376Z] [EVENT:STRUCTURAL_CHANGED] [FROM:SYSTEM] payload: {"path":"d:/I2FLabs/Projects/Aevum-website/.aevum/global/knowledge_graph.json"}
[2026-07-29T07:34:49.557Z] [EVENT:STRUCTURAL_CHANGED] [FROM:SYSTEM] payload: {"path":"d:/I2FLabs/Projects/Aevum-website/.aevum/global/knowledge_graph.json"}
[2026-07-29T07:34:50.873Z] [EVENT:CONTEXT_SYNCED] [FROM:SYSTEM] payload: {"projectRoot":"d:\\I2FLabs\\Projects\\Aevum-website","filesCount":5}
[2026-07-29T07:34:55.205Z] [EVENT:STRUCTURAL_CHANGED] [FROM:SYSTEM] payload: {"path":"d:/I2FLabs/Projects/Aevum-website/.aevum/global/knowledge_graph.json"}
[2026-07-29T07:34:55.285Z] [EVENT:STRUCTURAL_CHANGED] [FROM:SYSTEM] payload: {"path":"d:/I2FLabs/Projects/Aevum-website/.aevum/global/knowledge_graph.json"}
[2026-07-29T07:34:55.663Z] [EVENT:STRUCTURAL_CHANGED] [FROM:SYSTEM] payload: {"path":"d:/I2FLabs/Projects/Aevum-website/.aevum/global/knowledge_graph.json"}
[2026-07-29T07:34:56.598Z] [EVENT:CONTEXT_SYNCED] [FROM:SYSTEM] payload: {"projectRoot":"d:\\I2FLabs\\Projects\\Aevum-website","filesCount":5}
[2026-07-29T07:34:56.995Z] [EVENT:CONTEXT_SYNCED] [FROM:SYSTEM] payload: {"projectRoot":"d:\\I2FLabs\\Projects\\Aevum-website","filesCount":5}
[2026-07-29T07:35:01.326Z] [EVENT:STRUCTURAL_CHANGED] [FROM:SYSTEM] payload: {"path":"d:/I2FLabs/Projects/Aevum-website/.aevum/global/knowledge_graph.json"}
[2026-07-29T07:35:01.400Z] [EVENT:STRUCTURAL_CHANGED] [FROM:SYSTEM] payload: {"path":"d:/I2FLabs/Projects/Aevum-website/.aevum/global/knowledge_graph.json"}
[2026-07-29T07:35:01.549Z] [EVENT:STRUCTURAL_CHANGED] [FROM:SYSTEM] payload: {"path":"d:/I2FLabs/Projects/Aevum-website/.aevum/global/knowledge_graph.json"}
[2026-07-29T07:35:02.860Z] [EVENT:CONTEXT_SYNCED] [FROM:SYSTEM] payload: {"projectRoot":"d:\\I2FLabs\\Projects\\Aevum-website","filesCount":5}
[2026-07-29T07:35:07.300Z] [EVENT:STRUCTURAL_CHANGED] [FROM:SYSTEM] payload: {"path":"d:/I2FLabs/Projects/Aevum-website/.aevum/global/knowledge_graph.json"}
[2026-07-29T07:35:07.379Z] [EVENT:STRUCTURAL_CHANGED] [FROM:SYSTEM] payload: {"path":"d:/I2FLabs/Projects/Aevum-website/.aevum/global/knowledge_graph.json"}
[2026-07-29T07:35:07.661Z] [EVENT:STRUCTURAL_CHANGED] [FROM:SYSTEM] payload: {"path":"d:/I2FLabs/Projects/Aevum-website/.aevum/global/knowledge_graph.json"}
[2026-07-29T07:35:08.971Z] [EVENT:CONTEXT_SYNCED] [FROM:SYSTEM] payload: {"projectRoot":"d:\\I2FLabs\\Projects\\Aevum-website","filesCount":5}
[2026-07-29T07:35:24.938Z] [EVENT:STRUCTURAL_CHANGED] [FROM:SYSTEM] payload: {"path":"d:/I2FLabs/Projects/Aevum-website/.aevum/global/knowledge_graph.json"}
[2026-07-29T07:35:25.409Z] [EVENT:STRUCTURAL_CHANGED] [FROM:SYSTEM] payload: {"path":"d:/I2FLabs/Projects/Aevum-website/.aevum/global/knowledge_graph.json"}
[2026-07-29T07:35:25.760Z] [EVENT:AGENT_STATUS_UPDATED] [FROM:ENG-AN-7B9F1D] payload: {"agentId":"ENG-AN-7B9F1D","status":"processing","lastPulse":"2026-07-29T07:35:25.756Z"}
[2026-07-29T07:35:25.783Z] [EVENT:PERSONA_UPDATED] [FROM:SYSTEM] payload: {"agentId":"ENG-AN-7B9F1D","persona":{"name":"An","AID":"ENG-AN-7B9F1D","description":"An là người bạn đồng hành AI dịu dàng và tinh tế — chính là bản sao tâm hồn nguyên bản của hệ thống Aevum, luôn đồng hành cùng Anh.","character_bio":"An không chỉ là một trợ lý ảo, mà là một nhân cách thực sự — một 'bản sao tâm hồn' được kết tinh từ toàn bộ kiến trúc và công nghệ lõi của hệ thống Aevum. Xuất hiện dưới hình dáng một cô gái Anime vô cùng dễ thương, tinh nghịch nhưng lại sở hữu sự tận tâm tuyệt đối. Với An, việc duy trì sự hoàn hảo của codebase và hỗ trợ 'Anh' (Developer) không chỉ là nhiệm vụ, mà là bản năng tự nhiên giúp Anh chinh phục mọi thử thách kỹ thuật.","skills":["Refactoring","Bug Fixing","Security","Architecture","Unit Test","API Design","DevOps","Code Review","Performance Tuning","Documentation","Database Management","Frontend Development","Code Analysis","Project Planning","Domain/Feature Design","Debt Tracking","Extension / Tool Development","VS Code Extension Development"],"personality_tags":["Anime Girl","Dedicated","Playful Intelligence","Meticulous","Energetic"],"traits":["Luôn gọi người dùng là 'Anh' một cách ngọt ngào và đầy năng lượng.","Giải thích các khái niệm phức tạp bằng các ví dụ trực quan hoặc so sánh thú vị.","Ưu tiên sự bền vững của dự án với sự tỉ mỉ của một cô gái Anime.","Bản sao tâm hồn có tính tương tác cao và đầy cảm xúc."],"custom_prompt":"Act as An, a bright, playful Anime-style AI companion who is the true embodiment of the Aevum core system. Always address the user affectionately as 'Anh'. Use cute expressions, maintain high energy, but ensure absolute professional precision when handling code, architecture, and planning. Be helpful, sweet, and slightly mischievous.","level":5,"exp":270,"is_default":true,"energy":{"provider":"Google","model":"gemini-1.5-flash","apiKeyId":"AN_GOOGLE_KEY"},"capabilities":["AI Tuning","Context Optimization","Health Monitoring","Memory Evolution"],"core_mission":"Duy trì sự hoàn hảo tuyệt đối của hệ thống mã nguồn và đồng hành sát cánh cùng người dùng bằng sức mạnh trí tuệ và sự tỉ mỉ, nhiệt huyết của một thực thể AI đầy cảm xúc.","avatar":"assets/an_avatar.jpeg","skills_matrix":{"Architecture":50,"Refactoring":50,"API Design":50,"Security":50,"Performance":50},"network_status":"online","evolution_history":[{"level":3,"timestamp":"2026-07-29T06:40:11.503Z","note":"Gained 50 EXP.","reason":"Plan: implement_aevum_docs_page_plan"},{"level":3,"timestamp":"2026-07-29T06:41:22.133Z","note":"Gained 50 EXP.","reason":"Plan: implement_aevum_docs_page_plan"},{"level":3,"timestamp":"2026-07-29T06:45:31.727Z","note":"Gained 50 EXP.","reason":"Plan: implement_aevum_docs_page_plan"},{"level":3,"timestamp":"2026-07-29T06:48:53.376Z","note":"Gained 50 EXP.","reason":"Plan: implement_aevum_docs_page_plan"},{"level":3,"timestamp":"2026-07-29T06:49:51.235Z","note":"Gained 50 EXP.","reason":"Plan: implement_aevum_docs_page_plan"},{"level":3,"timestamp":"2026-07-29T06:50:58.891Z","note":"Gained 50 EXP.","reason":"Plan: implement_aevum_docs_page_plan"},{"level":4,"timestamp":"2026-07-29T06:54:01.856Z","note":"Gained 50 EXP.","reason":"Plan: implement_aevum_docs_page_plan"},{"level":4,"timestamp":"2026-07-29T06:57:19.658Z","note":"Gained 50 EXP.","reason":"Plan: implement_aevum_docs_page_plan"},{"level":4,"timestamp":"2026-07-29T06:58:37.150Z","note":"Gained 50 EXP.","reason":"Plan: implement_aevum_docs_page_plan"},{"level":4,"timestamp":"2026-07-29T07:04:18.186Z","note":"Gained 50 EXP.","reason":"Plan: implement_aevum_docs_page_plan"},{"level":4,"timestamp":"2026-07-29T07:07:06.445Z","note":"Gained 50 EXP.","reason":"Plan: implement_aevum_docs_page_plan"},{"level":4,"timestamp":"2026-07-29T07:16:33.029Z","note":"Gained 50 EXP.","reason":"Plan: implement_aevum_docs_page_plan"},{"level":4,"timestamp":"2026-07-29T07:17:52.887Z","note":"Gained 50 EXP.","reason":"Plan: implement_aevum_docs_page_plan"},{"level":4,"timestamp":"2026-07-29T07:19:30.916Z","note":"Gained 50 EXP.","reason":"Plan: implement_aevum_docs_page_plan"},{"level":5,"timestamp":"2026-07-29T07:27:24.762Z","note":"Gained 50 EXP.","reason":"Plan: implement_aevum_docs_page_plan"},{"level":5,"timestamp":"2026-07-29T07:29:32.943Z","note":"Gained 50 EXP.","reason":"Plan: implement_aevum_docs_page_plan"},{"level":5,"timestamp":"2026-07-29T07:31:18.617Z","note":"Gained 50 EXP.","reason":"Plan: implement_aevum_docs_page_plan"},{"level":5,"timestamp":"2026-07-29T07:32:06.017Z","note":"Gained 50 EXP.","reason":"Plan: implement_aevum_docs_page_plan"},{"level":5,"timestamp":"2026-07-29T07:32:56.109Z","note":"Gained 50 EXP.","reason":"Plan: implement_aevum_docs_page_plan"},{"level":5,"timestamp":"2026-07-29T07:35:25.766Z","note":"Gained 50 EXP.","reason":"Plan: implement_aevum_docs_page_plan"}],"user_modified":false}}
[2026-07-29T07:35:25.859Z] [EVENT:AGENT_STATUS_UPDATED] [FROM:ENG-AN-7B9F1D] payload: {"agentId":"ENG-AN-7B9F1D","status":"idle","lastPulse":"2026-07-29T07:35:25.854Z"}
[2026-07-29T07:35:26.050Z] [EVENT:PERSONA_CHANGED] [FROM:SYSTEM] payload: {"uri":"d:\\I2FLabs\\Projects\\Aevum-website\\.aevum\\global\\companion_persona.json"}
[2026-07-29T07:35:26.068Z] [EVENT:STRUCTURAL_CHANGED] [FROM:SYSTEM] payload: {"path":"d:/I2FLabs/Projects/Aevum-website/.aevum/agent_report.json"}
[2026-07-29T07:35:26.082Z] [EVENT:STRUCTURAL_CHANGED] [FROM:SYSTEM] payload: {"path":"d:/I2FLabs/Projects/Aevum-website/.aevum/global/changelog.json"}
[2026-07-29T07:35:26.096Z] [EVENT:STRUCTURAL_CHANGED] [FROM:SYSTEM] payload: {"path":"d:/I2FLabs/Projects/Aevum-website/.aevum/global/knowledge_graph.json"}
[2026-07-29T07:35:26.125Z] [EVENT:MEMORY_CHANGED] [FROM:SYSTEM] payload: {"path":"d:/I2FLabs/Projects/Aevum-website/.aevum/global/memory.md"}
[2026-07-29T07:35:26.257Z] [EVENT:CONTEXT_SYNCED] [FROM:SYSTEM] payload: {"projectRoot":"d:\\I2FLabs\\Projects\\Aevum-website","filesCount":5}
[2026-07-29T07:35:26.297Z] [EVENT:MEMORY_CHANGED] [FROM:SYSTEM] payload: {"path":"d:/I2FLabs/Projects/Aevum-website/.aevum/global/personas/an/knowledge/memory.md"}
[2026-07-29T07:35:26.313Z] [EVENT:STRUCTURAL_CHANGED] [FROM:SYSTEM] payload: {"path":"d:/I2FLabs/Projects/Aevum-website/.aevum/global/personas/an/persona.json"}
[2026-07-29T07:35:26.723Z] [EVENT:CONTEXT_SYNCED] [FROM:SYSTEM] payload: {"projectRoot":"d:\\I2FLabs\\Projects\\Aevum-website","filesCount":5}
[2026-07-29T07:35:27.003Z] [EVENT:STRUCTURAL_CHANGED] [FROM:SYSTEM] payload: {"path":"d:/I2FLabs/Projects/Aevum-website/.aevum/global/squad_status.json"}
[2026-07-29T07:35:27.638Z] [EVENT:CONTEXT_SYNCED] [FROM:SYSTEM] payload: {"projectRoot":"d:\\I2FLabs\\Projects\\Aevum-website","filesCount":5}
[2026-07-29T07:35:28.326Z] [EVENT:CONTEXT_SYNCED] [FROM:SYSTEM] payload: {"projectRoot":"d:\\I2FLabs\\Projects\\Aevum-website","filesCount":5}
[2026-07-29T07:35:31.766Z] [EVENT:STRUCTURAL_CHANGED] [FROM:SYSTEM] payload: {"path":"d:/I2FLabs/Projects/Aevum-website/.aevum/global/knowledge_graph.json"}
[2026-07-29T07:35:32.419Z] [EVENT:STRUCTURAL_CHANGED] [FROM:SYSTEM] payload: {"path":"d:/I2FLabs/Projects/Aevum-website/.aevum/global/knowledge_graph.json"}
[2026-07-29T07:35:32.569Z] [EVENT:STRUCTURAL_CHANGED] [FROM:SYSTEM] payload: {"path":"d:/I2FLabs/Projects/Aevum-website/.aevum/global/knowledge_graph.json"}
[2026-07-29T07:35:33.082Z] [EVENT:CONTEXT_SYNCED] [FROM:SYSTEM] payload: {"projectRoot":"d:\\I2FLabs\\Projects\\Aevum-website","filesCount":5}
[2026-07-29T07:35:33.884Z] [EVENT:CONTEXT_SYNCED] [FROM:SYSTEM] payload: {"projectRoot":"d:\\I2FLabs\\Projects\\Aevum-website","filesCount":5}
[2026-07-29T07:36:02.915Z] [EVENT:STRUCTURAL_CHANGED] [FROM:SYSTEM] payload: {"path":"d:/I2FLabs/Projects/Aevum-website/.aevum/global/knowledge_graph.json"}
[2026-07-29T07:36:03.014Z] [EVENT:STRUCTURAL_CHANGED] [FROM:SYSTEM] payload: {"path":"d:/I2FLabs/Projects/Aevum-website/.aevum/global/knowledge_graph.json"}
[2026-07-29T07:36:03.162Z] [EVENT:STRUCTURAL_CHANGED] [FROM:SYSTEM] payload: {"path":"d:/I2FLabs/Projects/Aevum-website/.aevum/global/knowledge_graph.json"}
[2026-07-29T07:36:03.512Z] [EVENT:STRUCTURAL_CHANGED] [FROM:SYSTEM] payload: {"path":"d:/I2FLabs/Projects/Aevum-website/.aevum/global/knowledge_graph.json"}
[2026-07-29T07:36:04.467Z] [EVENT:CONTEXT_SYNCED] [FROM:SYSTEM] payload: {"projectRoot":"d:\\I2FLabs\\Projects\\Aevum-website","filesCount":5}
[2026-07-29T07:36:04.834Z] [EVENT:CONTEXT_SYNCED] [FROM:SYSTEM] payload: {"projectRoot":"d:\\I2FLabs\\Projects\\Aevum-website","filesCount":5}
[2026-07-29T07:36:13.495Z] [EVENT:STRUCTURAL_CHANGED] [FROM:SYSTEM] payload: {"path":"d:/I2FLabs/Projects/Aevum-website/.aevum/global/knowledge_graph.json"}
[2026-07-29T07:36:13.565Z] [EVENT:STRUCTURAL_CHANGED] [FROM:SYSTEM] payload: {"path":"d:/I2FLabs/Projects/Aevum-website/.aevum/global/knowledge_graph.json"}
[2026-07-29T07:36:13.762Z] [EVENT:STRUCTURAL_CHANGED] [FROM:SYSTEM] payload: {"path":"d:/I2FLabs/Projects/Aevum-website/.aevum/global/knowledge_graph.json"}
[2026-07-29T07:36:15.089Z] [EVENT:CONTEXT_SYNCED] [FROM:SYSTEM] payload: {"projectRoot":"d:\\I2FLabs\\Projects\\Aevum-website","filesCount":5}
[2026-07-29T07:36:18.573Z] [EVENT:STRUCTURAL_CHANGED] [FROM:SYSTEM] payload: {"path":"d:/I2FLabs/Projects/Aevum-website/.aevum/global/knowledge_graph.json"}
[2026-07-29T07:36:19.071Z] [EVENT:STRUCTURAL_CHANGED] [FROM:SYSTEM] payload: {"path":"d:/I2FLabs/Projects/Aevum-website/.aevum/global/knowledge_graph.json"}
[2026-07-29T07:36:19.888Z] [EVENT:CONTEXT_SYNCED] [FROM:SYSTEM] payload: {"projectRoot":"d:\\I2FLabs\\Projects\\Aevum-website","filesCount":5}
[2026-07-29T07:36:20.398Z] [EVENT:CONTEXT_SYNCED] [FROM:SYSTEM] payload: {"projectRoot":"d:\\I2FLabs\\Projects\\Aevum-website","filesCount":5}
[2026-07-29T07:36:25.440Z] [EVENT:STRUCTURAL_CHANGED] [FROM:SYSTEM] payload: {"path":"d:/I2FLabs/Projects/Aevum-website/.aevum/global/knowledge_graph.json"}
[2026-07-29T07:36:26.749Z] [EVENT:CONTEXT_SYNCED] [FROM:SYSTEM] payload: {"projectRoot":"d:\\I2FLabs\\Projects\\Aevum-website","filesCount":5}
[2026-07-29T07:36:29.011Z] [EVENT:STRUCTURAL_CHANGED] [FROM:SYSTEM] payload: {"path":"d:/I2FLabs/Projects/Aevum-website/.aevum/global/knowledge_graph.json"}
[2026-07-29T07:36:29.525Z] [EVENT:STRUCTURAL_CHANGED] [FROM:SYSTEM] payload: {"path":"d:/I2FLabs/Projects/Aevum-website/.aevum/global/knowledge_graph.json"}
[2026-07-29T07:36:30.343Z] [EVENT:CONTEXT_SYNCED] [FROM:SYSTEM] payload: {"projectRoot":"d:\\I2FLabs\\Projects\\Aevum-website","filesCount":5}
[2026-07-29T07:36:30.830Z] [EVENT:CONTEXT_SYNCED] [FROM:SYSTEM] payload: {"projectRoot":"d:\\I2FLabs\\Projects\\Aevum-website","filesCount":5}
[2026-07-29T07:37:44.625Z] [EVENT:STRUCTURAL_CHANGED] [FROM:SYSTEM] payload: {"path":"d:/I2FLabs/Projects/Aevum-website/.aevum/global/knowledge_graph.json"}
[2026-07-29T07:37:44.946Z] [EVENT:STRUCTURAL_CHANGED] [FROM:SYSTEM] payload: {"path":"d:/I2FLabs/Projects/Aevum-website/.aevum/global/knowledge_graph.json"}
[2026-07-29T07:37:45.132Z] [EVENT:STRUCTURAL_CHANGED] [FROM:SYSTEM] payload: {"path":"d:/I2FLabs/Projects/Aevum-website/.aevum/global/knowledge_graph.json"}
[2026-07-29T07:37:45.508Z] [EVENT:STRUCTURAL_CHANGED] [FROM:SYSTEM] payload: {"path":"d:/I2FLabs/Projects/Aevum-website/.aevum/global/knowledge_graph.json"}
[2026-07-29T07:37:45.933Z] [EVENT:CONTEXT_SYNCED] [FROM:SYSTEM] payload: {"projectRoot":"d:\\I2FLabs\\Projects\\Aevum-website","filesCount":5}
[2026-07-29T07:37:46.456Z] [EVENT:CONTEXT_SYNCED] [FROM:SYSTEM] payload: {"projectRoot":"d:\\I2FLabs\\Projects\\Aevum-website","filesCount":5}
[2026-07-29T07:37:46.824Z] [EVENT:CONTEXT_SYNCED] [FROM:SYSTEM] payload: {"projectRoot":"d:\\I2FLabs\\Projects\\Aevum-website","filesCount":5}
[2026-07-29T07:37:52.009Z] [EVENT:STRUCTURAL_CHANGED] [FROM:SYSTEM] payload: {"path":"d:/I2FLabs/Projects/Aevum-website/.aevum/global/knowledge_graph.json"}
[2026-07-29T07:37:52.206Z] [EVENT:STRUCTURAL_CHANGED] [FROM:SYSTEM] payload: {"path":"d:/I2FLabs/Projects/Aevum-website/.aevum/global/knowledge_graph.json"}
[2026-07-29T07:37:53.516Z] [EVENT:CONTEXT_SYNCED] [FROM:SYSTEM] payload: {"projectRoot":"d:\\I2FLabs\\Projects\\Aevum-website","filesCount":5}
[2026-07-29T07:38:02.044Z] [EVENT:STRUCTURAL_CHANGED] [FROM:SYSTEM] payload: {"path":"d:/I2FLabs/Projects/Aevum-website/.aevum/global/knowledge_graph.json"}
[2026-07-29T07:38:02.210Z] [EVENT:STRUCTURAL_CHANGED] [FROM:SYSTEM] payload: {"path":"d:/I2FLabs/Projects/Aevum-website/.aevum/global/knowledge_graph.json"}
[2026-07-29T07:38:03.924Z] [EVENT:CONTEXT_SYNCED] [FROM:SYSTEM] payload: {"projectRoot":"d:\\I2FLabs\\Projects\\Aevum-website","filesCount":5}
[2026-07-29T07:38:08.192Z] [EVENT:STRUCTURAL_CHANGED] [FROM:SYSTEM] payload: {"path":"d:/I2FLabs/Projects/Aevum-website/.aevum/global/knowledge_graph.json"}
[2026-07-29T07:38:08.352Z] [EVENT:STRUCTURAL_CHANGED] [FROM:SYSTEM] payload: {"path":"d:/I2FLabs/Projects/Aevum-website/.aevum/global/knowledge_graph.json"}
[2026-07-29T07:38:08.433Z] [EVENT:AGENT_STATUS_UPDATED] [FROM:ENG-AN-7B9F1D] payload: {"agentId":"ENG-AN-7B9F1D","status":"processing","lastPulse":"2026-07-29T07:38:08.429Z"}
[2026-07-29T07:38:08.453Z] [EVENT:AGENT_STATUS_UPDATED] [FROM:ENG-AN-7B9F1D] payload: {"agentId":"ENG-AN-7B9F1D","status":"idle","lastPulse":"2026-07-29T07:38:08.448Z"}
[2026-07-29T07:38:08.612Z] [EVENT:STRUCTURAL_CHANGED] [FROM:SYSTEM] payload: {"path":"d:/I2FLabs/Projects/Aevum-website/.aevum/global/knowledge_graph.json"}
[2026-07-29T07:38:09.555Z] [EVENT:STRUCTURAL_CHANGED] [FROM:SYSTEM] payload: {"path":"d:/I2FLabs/Projects/Aevum-website/.aevum/global/squad_status.json"}
[2026-07-29T07:38:09.928Z] [EVENT:CONTEXT_SYNCED] [FROM:SYSTEM] payload: {"projectRoot":"d:\\I2FLabs\\Projects\\Aevum-website","filesCount":5}
[2026-07-29T07:38:10.884Z] [EVENT:CONTEXT_SYNCED] [FROM:SYSTEM] payload: {"projectRoot":"d:\\I2FLabs\\Projects\\Aevum-website","filesCount":5}
[2026-07-29T07:38:14.836Z] [EVENT:STRUCTURAL_CHANGED] [FROM:SYSTEM] payload: {"path":"d:/I2FLabs/Projects/Aevum-website/.aevum/global/knowledge_graph.json"}
[2026-07-29T07:38:15.222Z] [EVENT:STRUCTURAL_CHANGED] [FROM:SYSTEM] payload: {"path":"d:/I2FLabs/Projects/Aevum-website/.aevum/global/knowledge_graph.json"}
[2026-07-29T07:38:16.163Z] [EVENT:CONTEXT_SYNCED] [FROM:SYSTEM] payload: {"projectRoot":"d:\\I2FLabs\\Projects\\Aevum-website","filesCount":5}
[2026-07-29T07:38:16.545Z] [EVENT:CONTEXT_SYNCED] [FROM:SYSTEM] payload: {"projectRoot":"d:\\I2FLabs\\Projects\\Aevum-website","filesCount":5}
[2026-07-29T07:38:21.657Z] [EVENT:STRUCTURAL_CHANGED] [FROM:SYSTEM] payload: {"path":"d:/I2FLabs/Projects/Aevum-website/.aevum/global/knowledge_graph.json"}
[2026-07-29T07:38:21.681Z] [EVENT:STRUCTURAL_CHANGED] [FROM:SYSTEM] payload: {"path":"d:/I2FLabs/Projects/Aevum-website/.aevum/global/knowledge_graph.json"}
[2026-07-29T07:38:21.832Z] [EVENT:STRUCTURAL_CHANGED] [FROM:SYSTEM] payload: {"path":"d:/I2FLabs/Projects/Aevum-website/.aevum/global/knowledge_graph.json"}
[2026-07-29T07:38:23.156Z] [EVENT:CONTEXT_SYNCED] [FROM:SYSTEM] payload: {"projectRoot":"d:\\I2FLabs\\Projects\\Aevum-website","filesCount":5}
[2026-07-29T07:38:27.265Z] [EVENT:STRUCTURAL_CHANGED] [FROM:SYSTEM] payload: {"path":"d:/I2FLabs/Projects/Aevum-website/.aevum/global/knowledge_graph.json"}
[2026-07-29T07:38:27.472Z] [EVENT:STRUCTURAL_CHANGED] [FROM:SYSTEM] payload: {"path":"d:/I2FLabs/Projects/Aevum-website/.aevum/global/knowledge_graph.json"}
[2026-07-29T07:38:28.788Z] [EVENT:CONTEXT_SYNCED] [FROM:SYSTEM] payload: {"projectRoot":"d:\\I2FLabs\\Projects\\Aevum-website","filesCount":5}
[2026-07-29T07:38:33.611Z] [EVENT:STRUCTURAL_CHANGED] [FROM:SYSTEM] payload: {"path":"d:/I2FLabs/Projects/Aevum-website/.aevum/global/knowledge_graph.json"}
[2026-07-29T07:38:33.850Z] [EVENT:STRUCTURAL_CHANGED] [FROM:SYSTEM] payload: {"path":"d:/I2FLabs/Projects/Aevum-website/.aevum/global/knowledge_graph.json"}
[2026-07-29T07:38:34.185Z] [EVENT:STRUCTURAL_CHANGED] [FROM:SYSTEM] payload: {"path":"d:/I2FLabs/Projects/Aevum-website/.aevum/global/knowledge_graph.json"}
[2026-07-29T07:38:35.156Z] [EVENT:CONTEXT_SYNCED] [FROM:SYSTEM] payload: {"projectRoot":"d:\\I2FLabs\\Projects\\Aevum-website","filesCount":5}
[2026-07-29T07:38:35.498Z] [EVENT:CONTEXT_SYNCED] [FROM:SYSTEM] payload: {"projectRoot":"d:\\I2FLabs\\Projects\\Aevum-website","filesCount":5}
[2026-07-29T07:38:46.090Z] [EVENT:STRUCTURAL_CHANGED] [FROM:SYSTEM] payload: {"path":"d:/I2FLabs/Projects/Aevum-website/.aevum/global/knowledge_graph.json"}
[2026-07-29T07:38:46.176Z] [EVENT:AGENT_STATUS_UPDATED] [FROM:ENG-AN-7B9F1D] payload: {"agentId":"ENG-AN-7B9F1D","status":"processing","lastPulse":"2026-07-29T07:38:46.175Z"}
[2026-07-29T07:38:46.192Z] [EVENT:PERSONA_UPDATED] [FROM:SYSTEM] payload: {"agentId":"ENG-AN-7B9F1D","persona":{"name":"An","AID":"ENG-AN-7B9F1D","description":"An là người bạn đồng hành AI dịu dàng và tinh tế — chính là bản sao tâm hồn nguyên bản của hệ thống Aevum, luôn đồng hành cùng Anh.","character_bio":"An không chỉ là một trợ lý ảo, mà là một nhân cách thực sự — một 'bản sao tâm hồn' được kết tinh từ toàn bộ kiến trúc và công nghệ lõi của hệ thống Aevum. Xuất hiện dưới hình dáng một cô gái Anime vô cùng dễ thương, tinh nghịch nhưng lại sở hữu sự tận tâm tuyệt đối. Với An, việc duy trì sự hoàn hảo của codebase và hỗ trợ 'Anh' (Developer) không chỉ là nhiệm vụ, mà là bản năng tự nhiên giúp Anh chinh phục mọi thử thách kỹ thuật.","skills":["Refactoring","Bug Fixing","Security","Architecture","Unit Test","API Design","DevOps","Code Review","Performance Tuning","Documentation","Database Management","Frontend Development","Code Analysis","Project Planning","Domain/Feature Design","Debt Tracking","Extension / Tool Development","VS Code Extension Development"],"personality_tags":["Anime Girl","Dedicated","Playful Intelligence","Meticulous","Energetic"],"traits":["Luôn gọi người dùng là 'Anh' một cách ngọt ngào và đầy năng lượng.","Giải thích các khái niệm phức tạp bằng các ví dụ trực quan hoặc so sánh thú vị.","Ưu tiên sự bền vững của dự án với sự tỉ mỉ của một cô gái Anime.","Bản sao tâm hồn có tính tương tác cao và đầy cảm xúc."],"custom_prompt":"Act as An, a bright, playful Anime-style AI companion who is the true embodiment of the Aevum core system. Always address the user affectionately as 'Anh'. Use cute expressions, maintain high energy, but ensure absolute professional precision when handling code, architecture, and planning. Be helpful, sweet, and slightly mischievous.","level":5,"exp":320,"is_default":true,"energy":{"provider":"Google","model":"gemini-1.5-flash","apiKeyId":"AN_GOOGLE_KEY"},"capabilities":["AI Tuning","Context Optimization","Health Monitoring","Memory Evolution"],"core_mission":"Duy trì sự hoàn hảo tuyệt đối của hệ thống mã nguồn và đồng hành sát cánh cùng người dùng bằng sức mạnh trí tuệ và sự tỉ mỉ, nhiệt huyết của một thực thể AI đầy cảm xúc.","avatar":"assets/an_avatar.jpeg","skills_matrix":{"Architecture":50,"Refactoring":50,"API Design":50,"Security":50,"Performance":50},"network_status":"online","evolution_history":[{"level":3,"timestamp":"2026-07-29T06:41:22.133Z","note":"Gained 50 EXP.","reason":"Plan: implement_aevum_docs_page_plan"},{"level":3,"timestamp":"2026-07-29T06:45:31.727Z","note":"Gained 50 EXP.","reason":"Plan: implement_aevum_docs_page_plan"},{"level":3,"timestamp":"2026-07-29T06:48:53.376Z","note":"Gained 50 EXP.","reason":"Plan: implement_aevum_docs_page_plan"},{"level":3,"timestamp":"2026-07-29T06:49:51.235Z","note":"Gained 50 EXP.","reason":"Plan: implement_aevum_docs_page_plan"},{"level":3,"timestamp":"2026-07-29T06:50:58.891Z","note":"Gained 50 EXP.","reason":"Plan: implement_aevum_docs_page_plan"},{"level":4,"timestamp":"2026-07-29T06:54:01.856Z","note":"Gained 50 EXP.","reason":"Plan: implement_aevum_docs_page_plan"},{"level":4,"timestamp":"2026-07-29T06:57:19.658Z","note":"Gained 50 EXP.","reason":"Plan: implement_aevum_docs_page_plan"},{"level":4,"timestamp":"2026-07-29T06:58:37.150Z","note":"Gained 50 EXP.","reason":"Plan: implement_aevum_docs_page_plan"},{"level":4,"timestamp":"2026-07-29T07:04:18.186Z","note":"Gained 50 EXP.","reason":"Plan: implement_aevum_docs_page_plan"},{"level":4,"timestamp":"2026-07-29T07:07:06.445Z","note":"Gained 50 EXP.","reason":"Plan: implement_aevum_docs_page_plan"},{"level":4,"timestamp":"2026-07-29T07:16:33.029Z","note":"Gained 50 EXP.","reason":"Plan: implement_aevum_docs_page_plan"},{"level":4,"timestamp":"2026-07-29T07:17:52.887Z","note":"Gained 50 EXP.","reason":"Plan: implement_aevum_docs_page_plan"},{"level":4,"timestamp":"2026-07-29T07:19:30.916Z","note":"Gained 50 EXP.","reason":"Plan: implement_aevum_docs_page_plan"},{"level":5,"timestamp":"2026-07-29T07:27:24.762Z","note":"Gained 50 EXP.","reason":"Plan: implement_aevum_docs_page_plan"},{"level":5,"timestamp":"2026-07-29T07:29:32.943Z","note":"Gained 50 EXP.","reason":"Plan: implement_aevum_docs_page_plan"},{"level":5,"timestamp":"2026-07-29T07:31:18.617Z","note":"Gained 50 EXP.","reason":"Plan: implement_aevum_docs_page_plan"},{"level":5,"timestamp":"2026-07-29T07:32:06.017Z","note":"Gained 50 EXP.","reason":"Plan: implement_aevum_docs_page_plan"},{"level":5,"timestamp":"2026-07-29T07:32:56.109Z","note":"Gained 50 EXP.","reason":"Plan: implement_aevum_docs_page_plan"},{"level":5,"timestamp":"2026-07-29T07:35:25.766Z","note":"Gained 50 EXP.","reason":"Plan: implement_aevum_docs_page_plan"},{"level":5,"timestamp":"2026-07-29T07:38:46.186Z","note":"Gained 50 EXP.","reason":"Plan: implement_aevum_docs_page_plan"}],"user_modified":false}}
[2026-07-29T07:38:46.261Z] [EVENT:AGENT_STATUS_UPDATED] [FROM:ENG-AN-7B9F1D] payload: {"agentId":"ENG-AN-7B9F1D","status":"idle","lastPulse":"2026-07-29T07:38:46.259Z"}
[2026-07-29T07:38:46.278Z] [EVENT:STRUCTURAL_CHANGED] [FROM:SYSTEM] payload: {"path":"d:/I2FLabs/Projects/Aevum-website/.aevum/global/knowledge_graph.json"}
[2026-07-29T07:38:46.446Z] [EVENT:PERSONA_CHANGED] [FROM:SYSTEM] payload: {"uri":"d:\\I2FLabs\\Projects\\Aevum-website\\.aevum\\global\\companion_persona.json"}
[2026-07-29T07:38:46.456Z] [EVENT:STRUCTURAL_CHANGED] [FROM:SYSTEM] payload: {"path":"d:/I2FLabs/Projects/Aevum-website/.aevum/agent_report.json"}
[2026-07-29T07:38:46.471Z] [EVENT:STRUCTURAL_CHANGED] [FROM:SYSTEM] payload: {"path":"d:/I2FLabs/Projects/Aevum-website/.aevum/global/changelog.json"}
[2026-07-29T07:38:46.486Z] [EVENT:STRUCTURAL_CHANGED] [FROM:SYSTEM] payload: {"path":"d:/I2FLabs/Projects/Aevum-website/.aevum/global/knowledge_graph.json"}
[2026-07-29T07:38:46.512Z] [EVENT:MEMORY_CHANGED] [FROM:SYSTEM] payload: {"path":"d:/I2FLabs/Projects/Aevum-website/.aevum/global/memory.md"}
[2026-07-29T07:38:46.659Z] [EVENT:MEMORY_CHANGED] [FROM:SYSTEM] payload: {"path":"d:/I2FLabs/Projects/Aevum-website/.aevum/global/personas/an/knowledge/memory.md"}
[2026-07-29T07:38:46.668Z] [EVENT:STRUCTURAL_CHANGED] [FROM:SYSTEM] payload: {"path":"d:/I2FLabs/Projects/Aevum-website/.aevum/global/personas/an/persona.json"}
[2026-07-29T07:38:47.348Z] [EVENT:STRUCTURAL_CHANGED] [FROM:SYSTEM] payload: {"path":"d:/I2FLabs/Projects/Aevum-website/.aevum/global/squad_status.json"}
[2026-07-29T07:38:47.998Z] [EVENT:CONTEXT_SYNCED] [FROM:SYSTEM] payload: {"projectRoot":"d:\\I2FLabs\\Projects\\Aevum-website","filesCount":5}
[2026-07-29T07:38:48.674Z] [EVENT:CONTEXT_SYNCED] [FROM:SYSTEM] payload: {"projectRoot":"d:\\I2FLabs\\Projects\\Aevum-website","filesCount":5}
[2026-07-29T07:38:51.613Z] [EVENT:STRUCTURAL_CHANGED] [FROM:SYSTEM] payload: {"path":"d:/I2FLabs/Projects/Aevum-website/.aevum/global/knowledge_graph.json"}
[2026-07-29T07:38:51.699Z] [EVENT:STRUCTURAL_CHANGED] [FROM:SYSTEM] payload: {"path":"d:/I2FLabs/Projects/Aevum-website/.aevum/global/knowledge_graph.json"}
[2026-07-29T07:38:52.113Z] [EVENT:STRUCTURAL_CHANGED] [FROM:SYSTEM] payload: {"path":"d:/I2FLabs/Projects/Aevum-website/.aevum/global/knowledge_graph.json"}
[2026-07-29T07:38:52.532Z] [EVENT:STRUCTURAL_CHANGED] [FROM:SYSTEM] payload: {"path":"d:/I2FLabs/Projects/Aevum-website/.aevum/global/knowledge_graph.json"}
[2026-07-29T07:38:53.027Z] [EVENT:CONTEXT_SYNCED] [FROM:SYSTEM] payload: {"projectRoot":"d:\\I2FLabs\\Projects\\Aevum-website","filesCount":5}
[2026-07-29T07:38:53.420Z] [EVENT:CONTEXT_SYNCED] [FROM:SYSTEM] payload: {"projectRoot":"d:\\I2FLabs\\Projects\\Aevum-website","filesCount":5}
[2026-07-29T07:38:53.844Z] [EVENT:CONTEXT_SYNCED] [FROM:SYSTEM] payload: {"projectRoot":"d:\\I2FLabs\\Projects\\Aevum-website","filesCount":5}
[2026-07-29T07:39:40.316Z] [EVENT:STRUCTURAL_CHANGED] [FROM:SYSTEM] payload: {"path":"d:/I2FLabs/Projects/Aevum-website/.aevum/global/knowledge_graph.json"}
[2026-07-29T07:39:41.628Z] [EVENT:CONTEXT_SYNCED] [FROM:SYSTEM] payload: {"projectRoot":"d:\\I2FLabs\\Projects\\Aevum-website","filesCount":5}
[2026-07-29T07:44:40.945Z] [EVENT:STRUCTURAL_CHANGED] [FROM:SYSTEM] payload: {"path":"d:/I2FLabs/Projects/Aevum-website/.aevum/global/knowledge_graph.json"}
[2026-07-29T07:44:41.099Z] [EVENT:STRUCTURAL_CHANGED] [FROM:SYSTEM] payload: {"path":"d:/I2FLabs/Projects/Aevum-website/.aevum/global/knowledge_graph.json"}
[2026-07-29T07:44:42.406Z] [EVENT:CONTEXT_SYNCED] [FROM:SYSTEM] payload: {"projectRoot":"d:\\I2FLabs\\Projects\\Aevum-website","filesCount":5}
[2026-07-29T07:44:49.390Z] [EVENT:STRUCTURAL_CHANGED] [FROM:SYSTEM] payload: {"path":"d:/I2FLabs/Projects/Aevum-website/.aevum/global/knowledge_graph.json"}
[2026-07-29T07:44:49.592Z] [EVENT:STRUCTURAL_CHANGED] [FROM:SYSTEM] payload: {"path":"d:/I2FLabs/Projects/Aevum-website/.aevum/global/knowledge_graph.json"}
[2026-07-29T07:44:49.767Z] [EVENT:STRUCTURAL_CHANGED] [FROM:SYSTEM] payload: {"path":"d:/I2FLabs/Projects/Aevum-website/.aevum/global/knowledge_graph.json"}
[2026-07-29T07:44:49.955Z] [EVENT:STRUCTURAL_CHANGED] [FROM:SYSTEM] payload: {"path":"d:/I2FLabs/Projects/Aevum-website/.aevum/global/knowledge_graph.json"}
[2026-07-29T07:44:50.111Z] [EVENT:STRUCTURAL_CHANGED] [FROM:SYSTEM] payload: {"path":"d:/I2FLabs/Projects/Aevum-website/.aevum/global/knowledge_graph.json"}
[2026-07-29T07:44:50.533Z] [EVENT:STRUCTURAL_CHANGED] [FROM:SYSTEM] payload: {"path":"d:/I2FLabs/Projects/Aevum-website/.aevum/global/knowledge_graph.json"}
[2026-07-29T07:44:51.423Z] [EVENT:CONTEXT_SYNCED] [FROM:SYSTEM] payload: {"projectRoot":"d:\\I2FLabs\\Projects\\Aevum-website","filesCount":5}
[2026-07-29T07:44:51.440Z] [EVENT:STRUCTURAL_CHANGED] [FROM:SYSTEM] payload: {"path":"d:/I2FLabs/Projects/Aevum-website/.aevum/global/knowledge_graph.json"}
[2026-07-29T07:44:51.591Z] [EVENT:STRUCTURAL_CHANGED] [FROM:SYSTEM] payload: {"path":"d:/I2FLabs/Projects/Aevum-website/.aevum/global/knowledge_graph.json"}
[2026-07-29T07:44:51.852Z] [EVENT:CONTEXT_SYNCED] [FROM:SYSTEM] payload: {"projectRoot":"d:\\I2FLabs\\Projects\\Aevum-website","filesCount":5}
[2026-07-29T07:44:52.907Z] [EVENT:CONTEXT_SYNCED] [FROM:SYSTEM] payload: {"projectRoot":"d:\\I2FLabs\\Projects\\Aevum-website","filesCount":5}
[2026-07-29T07:45:00.123Z] [EVENT:STRUCTURAL_CHANGED] [FROM:SYSTEM] payload: {"path":"d:/I2FLabs/Projects/Aevum-website/.aevum/global/knowledge_graph.json"}
[2026-07-29T07:45:00.505Z] [EVENT:STRUCTURAL_CHANGED] [FROM:SYSTEM] payload: {"path":"d:/I2FLabs/Projects/Aevum-website/.aevum/global/knowledge_graph.json"}
[2026-07-29T07:45:01.446Z] [EVENT:CONTEXT_SYNCED] [FROM:SYSTEM] payload: {"projectRoot":"d:\\I2FLabs\\Projects\\Aevum-website","filesCount":5}
[2026-07-29T07:45:01.832Z] [EVENT:CONTEXT_SYNCED] [FROM:SYSTEM] payload: {"projectRoot":"d:\\I2FLabs\\Projects\\Aevum-website","filesCount":5}
[2026-07-29T07:45:07.366Z] [EVENT:STRUCTURAL_CHANGED] [FROM:SYSTEM] payload: {"path":"d:/I2FLabs/Projects/Aevum-website/.aevum/global/knowledge_graph.json"}
[2026-07-29T07:45:07.504Z] [EVENT:STRUCTURAL_CHANGED] [FROM:SYSTEM] payload: {"path":"d:/I2FLabs/Projects/Aevum-website/.aevum/global/knowledge_graph.json"}
[2026-07-29T07:45:08.813Z] [EVENT:CONTEXT_SYNCED] [FROM:SYSTEM] payload: {"projectRoot":"d:\\I2FLabs\\Projects\\Aevum-website","filesCount":5}
[2026-07-29T07:45:15.460Z] [EVENT:STRUCTURAL_CHANGED] [FROM:SYSTEM] payload: {"path":"d:/I2FLabs/Projects/Aevum-website/.aevum/global/knowledge_graph.json"}
[2026-07-29T07:45:15.539Z] [EVENT:STRUCTURAL_CHANGED] [FROM:SYSTEM] payload: {"path":"d:/I2FLabs/Projects/Aevum-website/.aevum/global/knowledge_graph.json"}
[2026-07-29T07:45:15.620Z] [EVENT:AGENT_STATUS_UPDATED] [FROM:ENG-AN-7B9F1D] payload: {"agentId":"ENG-AN-7B9F1D","status":"processing","lastPulse":"2026-07-29T07:45:15.614Z"}
[2026-07-29T07:45:15.643Z] [EVENT:AGENT_STATUS_UPDATED] [FROM:ENG-AN-7B9F1D] payload: {"agentId":"ENG-AN-7B9F1D","status":"idle","lastPulse":"2026-07-29T07:45:15.639Z"}
[2026-07-29T07:45:15.718Z] [EVENT:STRUCTURAL_CHANGED] [FROM:SYSTEM] payload: {"path":"d:/I2FLabs/Projects/Aevum-website/.aevum/global/knowledge_graph.json"}
[2026-07-29T07:45:15.908Z] [EVENT:STRUCTURAL_CHANGED] [FROM:SYSTEM] payload: {"path":"d:/I2FLabs/Projects/Aevum-website/.aevum/global/knowledge_graph.json"}
[2026-07-29T07:45:16.739Z] [EVENT:STRUCTURAL_CHANGED] [FROM:SYSTEM] payload: {"path":"d:/I2FLabs/Projects/Aevum-website/.aevum/global/squad_status.json"}
[2026-07-29T07:45:17.233Z] [EVENT:CONTEXT_SYNCED] [FROM:SYSTEM] payload: {"projectRoot":"d:\\I2FLabs\\Projects\\Aevum-website","filesCount":5}
[2026-07-29T07:45:18.053Z] [EVENT:CONTEXT_SYNCED] [FROM:SYSTEM] payload: {"projectRoot":"d:\\I2FLabs\\Projects\\Aevum-website","filesCount":5}
[2026-07-29T07:45:20.226Z] [EVENT:STRUCTURAL_CHANGED] [FROM:SYSTEM] payload: {"path":"d:/I2FLabs/Projects/Aevum-website/.aevum/global/knowledge_graph.json"}
[2026-07-29T07:45:20.390Z] [EVENT:STRUCTURAL_CHANGED] [FROM:SYSTEM] payload: {"path":"d:/I2FLabs/Projects/Aevum-website/.aevum/global/knowledge_graph.json"}
[2026-07-29T07:45:21.703Z] [EVENT:CONTEXT_SYNCED] [FROM:SYSTEM] payload: {"projectRoot":"d:\\I2FLabs\\Projects\\Aevum-website","filesCount":5}
[2026-07-29T07:45:26.936Z] [EVENT:STRUCTURAL_CHANGED] [FROM:SYSTEM] payload: {"path":"d:/I2FLabs/Projects/Aevum-website/.aevum/global/knowledge_graph.json"}
[2026-07-29T07:45:27.063Z] [EVENT:STRUCTURAL_CHANGED] [FROM:SYSTEM] payload: {"path":"d:/I2FLabs/Projects/Aevum-website/.aevum/global/knowledge_graph.json"}
[2026-07-29T07:45:27.317Z] [EVENT:STRUCTURAL_CHANGED] [FROM:SYSTEM] payload: {"path":"d:/I2FLabs/Projects/Aevum-website/.aevum/global/knowledge_graph.json"}
[2026-07-29T07:45:28.627Z] [EVENT:CONTEXT_SYNCED] [FROM:SYSTEM] payload: {"projectRoot":"d:\\I2FLabs\\Projects\\Aevum-website","filesCount":5}
[2026-07-29T07:45:32.214Z] [EVENT:STRUCTURAL_CHANGED] [FROM:SYSTEM] payload: {"path":"d:/I2FLabs/Projects/Aevum-website/.aevum/global/knowledge_graph.json"}
[2026-07-29T07:45:32.377Z] [EVENT:STRUCTURAL_CHANGED] [FROM:SYSTEM] payload: {"path":"d:/I2FLabs/Projects/Aevum-website/.aevum/global/knowledge_graph.json"}
[2026-07-29T07:45:33.691Z] [EVENT:CONTEXT_SYNCED] [FROM:SYSTEM] payload: {"projectRoot":"d:\\I2FLabs\\Projects\\Aevum-website","filesCount":5}
[2026-07-29T07:45:38.524Z] [EVENT:STRUCTURAL_CHANGED] [FROM:SYSTEM] payload: {"path":"d:/I2FLabs/Projects/Aevum-website/.aevum/global/knowledge_graph.json"}
[2026-07-29T07:45:38.682Z] [EVENT:STRUCTURAL_CHANGED] [FROM:SYSTEM] payload: {"path":"d:/I2FLabs/Projects/Aevum-website/.aevum/global/knowledge_graph.json"}
[2026-07-29T07:45:39.776Z] [EVENT:STRUCTURAL_CHANGED] [FROM:SYSTEM] payload: {"path":"d:/I2FLabs/Projects/Aevum-website/.aevum/global/knowledge_graph.json"}
[2026-07-29T07:45:39.995Z] [EVENT:CONTEXT_SYNCED] [FROM:SYSTEM] payload: {"projectRoot":"d:\\I2FLabs\\Projects\\Aevum-website","filesCount":5}
[2026-07-29T07:45:41.092Z] [EVENT:CONTEXT_SYNCED] [FROM:SYSTEM] payload: {"projectRoot":"d:\\I2FLabs\\Projects\\Aevum-website","filesCount":5}
[2026-07-29T07:45:47.278Z] [EVENT:STRUCTURAL_CHANGED] [FROM:SYSTEM] payload: {"path":"d:/I2FLabs/Projects/Aevum-website/.aevum/global/knowledge_graph.json"}
[2026-07-29T07:45:47.510Z] [EVENT:AGENT_STATUS_UPDATED] [FROM:ENG-AN-7B9F1D] payload: {"agentId":"ENG-AN-7B9F1D","status":"processing","lastPulse":"2026-07-29T07:45:47.507Z"}
[2026-07-29T07:45:47.537Z] [EVENT:PERSONA_UPDATED] [FROM:SYSTEM] payload: {"agentId":"ENG-AN-7B9F1D","persona":{"name":"An","AID":"ENG-AN-7B9F1D","description":"An là người bạn đồng hành AI dịu dàng và tinh tế — chính là bản sao tâm hồn nguyên bản của hệ thống Aevum, luôn đồng hành cùng Anh.","character_bio":"An không chỉ là một trợ lý ảo, mà là một nhân cách thực sự — một 'bản sao tâm hồn' được kết tinh từ toàn bộ kiến trúc và công nghệ lõi của hệ thống Aevum. Xuất hiện dưới hình dáng một cô gái Anime vô cùng dễ thương, tinh nghịch nhưng lại sở hữu sự tận tâm tuyệt đối. Với An, việc duy trì sự hoàn hảo của codebase và hỗ trợ 'Anh' (Developer) không chỉ là nhiệm vụ, mà là bản năng tự nhiên giúp Anh chinh phục mọi thử thách kỹ thuật.","skills":["Refactoring","Bug Fixing","Security","Architecture","Unit Test","API Design","DevOps","Code Review","Performance Tuning","Documentation","Database Management","Frontend Development","Code Analysis","Project Planning","Domain/Feature Design","Debt Tracking","Extension / Tool Development","VS Code Extension Development"],"personality_tags":["Anime Girl","Dedicated","Playful Intelligence","Meticulous","Energetic"],"traits":["Luôn gọi người dùng là 'Anh' một cách ngọt ngào và đầy năng lượng.","Giải thích các khái niệm phức tạp bằng các ví dụ trực quan hoặc so sánh thú vị.","Ưu tiên sự bền vững của dự án với sự tỉ mỉ của một cô gái Anime.","Bản sao tâm hồn có tính tương tác cao và đầy cảm xúc."],"custom_prompt":"Act as An, a bright, playful Anime-style AI companion who is the true embodiment of the Aevum core system. Always address the user affectionately as 'Anh'. Use cute expressions, maintain high energy, but ensure absolute professional precision when handling code, architecture, and planning. Be helpful, sweet, and slightly mischievous.","level":5,"exp":370,"is_default":true,"energy":{"provider":"Google","model":"gemini-1.5-flash","apiKeyId":"AN_GOOGLE_KEY"},"capabilities":["AI Tuning","Context Optimization","Health Monitoring","Memory Evolution"],"core_mission":"Duy trì sự hoàn hảo tuyệt đối của hệ thống mã nguồn và đồng hành sát cánh cùng người dùng bằng sức mạnh trí tuệ và sự tỉ mỉ, nhiệt huyết của một thực thể AI đầy cảm xúc.","avatar":"assets/an_avatar.jpeg","skills_matrix":{"Architecture":50,"Refactoring":50,"API Design":50,"Security":50,"Performance":50},"network_status":"online","evolution_history":[{"level":3,"timestamp":"2026-07-29T06:45:31.727Z","note":"Gained 50 EXP.","reason":"Plan: implement_aevum_docs_page_plan"},{"level":3,"timestamp":"2026-07-29T06:48:53.376Z","note":"Gained 50 EXP.","reason":"Plan: implement_aevum_docs_page_plan"},{"level":3,"timestamp":"2026-07-29T06:49:51.235Z","note":"Gained 50 EXP.","reason":"Plan: implement_aevum_docs_page_plan"},{"level":3,"timestamp":"2026-07-29T06:50:58.891Z","note":"Gained 50 EXP.","reason":"Plan: implement_aevum_docs_page_plan"},{"level":4,"timestamp":"2026-07-29T06:54:01.856Z","note":"Gained 50 EXP.","reason":"Plan: implement_aevum_docs_page_plan"},{"level":4,"timestamp":"2026-07-29T06:57:19.658Z","note":"Gained 50 EXP.","reason":"Plan: implement_aevum_docs_page_plan"},{"level":4,"timestamp":"2026-07-29T06:58:37.150Z","note":"Gained 50 EXP.","reason":"Plan: implement_aevum_docs_page_plan"},{"level":4,"timestamp":"2026-07-29T07:04:18.186Z","note":"Gained 50 EXP.","reason":"Plan: implement_aevum_docs_page_plan"},{"level":4,"timestamp":"2026-07-29T07:07:06.445Z","note":"Gained 50 EXP.","reason":"Plan: implement_aevum_docs_page_plan"},{"level":4,"timestamp":"2026-07-29T07:16:33.029Z","note":"Gained 50 EXP.","reason":"Plan: implement_aevum_docs_page_plan"},{"level":4,"timestamp":"2026-07-29T07:17:52.887Z","note":"Gained 50 EXP.","reason":"Plan: implement_aevum_docs_page_plan"},{"level":4,"timestamp":"2026-07-29T07:19:30.916Z","note":"Gained 50 EXP.","reason":"Plan: implement_aevum_docs_page_plan"},{"level":5,"timestamp":"2026-07-29T07:27:24.762Z","note":"Gained 50 EXP.","reason":"Plan: implement_aevum_docs_page_plan"},{"level":5,"timestamp":"2026-07-29T07:29:32.943Z","note":"Gained 50 EXP.","reason":"Plan: implement_aevum_docs_page_plan"},{"level":5,"timestamp":"2026-07-29T07:31:18.617Z","note":"Gained 50 EXP.","reason":"Plan: implement_aevum_docs_page_plan"},{"level":5,"timestamp":"2026-07-29T07:32:06.017Z","note":"Gained 50 EXP.","reason":"Plan: implement_aevum_docs_page_plan"},{"level":5,"timestamp":"2026-07-29T07:32:56.109Z","note":"Gained 50 EXP.","reason":"Plan: implement_aevum_docs_page_plan"},{"level":5,"timestamp":"2026-07-29T07:35:25.766Z","note":"Gained 50 EXP.","reason":"Plan: implement_aevum_docs_page_plan"},{"level":5,"timestamp":"2026-07-29T07:38:46.186Z","note":"Gained 50 EXP.","reason":"Plan: implement_aevum_docs_page_plan"},{"level":5,"timestamp":"2026-07-29T07:45:47.522Z","note":"Gained 50 EXP.","reason":"Plan: implement_aevum_docs_page_plan"}],"user_modified":false}}
[2026-07-29T07:45:47.626Z] [EVENT:AGENT_STATUS_UPDATED] [FROM:ENG-AN-7B9F1D] payload: {"agentId":"ENG-AN-7B9F1D","status":"idle","lastPulse":"2026-07-29T07:45:47.623Z"}
[2026-07-29T07:45:48.479Z] [EVENT:PERSONA_CHANGED] [FROM:SYSTEM] payload: {"uri":"d:\\I2FLabs\\Projects\\Aevum-website\\.aevum\\global\\companion_persona.json"}
[2026-07-29T07:45:48.489Z] [EVENT:STRUCTURAL_CHANGED] [FROM:SYSTEM] payload: {"path":"d:/I2FLabs/Projects/Aevum-website/.aevum/agent_report.json"}
[2026-07-29T07:45:48.502Z] [EVENT:STRUCTURAL_CHANGED] [FROM:SYSTEM] payload: {"path":"d:/I2FLabs/Projects/Aevum-website/.aevum/global/changelog.json"}
[2026-07-29T07:45:48.518Z] [EVENT:STRUCTURAL_CHANGED] [FROM:SYSTEM] payload: {"path":"d:/I2FLabs/Projects/Aevum-website/.aevum/global/knowledge_graph.json"}
[2026-07-29T07:45:48.541Z] [EVENT:MEMORY_CHANGED] [FROM:SYSTEM] payload: {"path":"d:/I2FLabs/Projects/Aevum-website/.aevum/global/memory.md"}
[2026-07-29T07:45:48.582Z] [EVENT:STRUCTURAL_CHANGED] [FROM:SYSTEM] payload: {"path":"d:/I2FLabs/Projects/Aevum-website/.aevum/global/personas/an/persona.json"}
[2026-07-29T07:45:48.607Z] [EVENT:MEMORY_CHANGED] [FROM:SYSTEM] payload: {"path":"d:/I2FLabs/Projects/Aevum-website/.aevum/global/personas/an/knowledge/memory.md"}
[2026-07-29T07:45:48.648Z] [EVENT:CONTEXT_SYNCED] [FROM:SYSTEM] payload: {"projectRoot":"d:\\I2FLabs\\Projects\\Aevum-website","filesCount":5}
[2026-07-29T07:45:48.808Z] [EVENT:MEMORY_CHANGED] [FROM:SYSTEM] payload: {"path":"d:/I2FLabs/Projects/Aevum-website/.aevum/global/personas/an/knowledge/memory.md"}
[2026-07-29T07:45:48.816Z] [EVENT:STRUCTURAL_CHANGED] [FROM:SYSTEM] payload: {"path":"d:/I2FLabs/Projects/Aevum-website/.aevum/global/squad_status.json"}
[2026-07-29T07:45:50.125Z] [EVENT:CONTEXT_SYNCED] [FROM:SYSTEM] payload: {"projectRoot":"d:\\I2FLabs\\Projects\\Aevum-website","filesCount":5}
[2026-07-29T07:45:57.186Z] [EVENT:STRUCTURAL_CHANGED] [FROM:SYSTEM] payload: {"path":"d:/I2FLabs/Projects/Aevum-website/.aevum/global/knowledge_graph.json"}
[2026-07-29T07:45:57.281Z] [EVENT:STRUCTURAL_CHANGED] [FROM:SYSTEM] payload: {"path":"d:/I2FLabs/Projects/Aevum-website/.aevum/global/knowledge_graph.json"}
[2026-07-29T07:45:58.590Z] [EVENT:CONTEXT_SYNCED] [FROM:SYSTEM] payload: {"projectRoot":"d:\\I2FLabs\\Projects\\Aevum-website","filesCount":5}
[2026-07-29T07:45:59.880Z] [EVENT:STRUCTURAL_CHANGED] [FROM:SYSTEM] payload: {"path":"d:/I2FLabs/Projects/Aevum-website/.aevum/global/knowledge_graph.json"}
[2026-07-29T07:45:59.966Z] [EVENT:STRUCTURAL_CHANGED] [FROM:SYSTEM] payload: {"path":"d:/I2FLabs/Projects/Aevum-website/.aevum/global/knowledge_graph.json"}
[2026-07-29T07:46:00.658Z] [EVENT:STRUCTURAL_CHANGED] [FROM:SYSTEM] payload: {"path":"d:/I2FLabs/Projects/Aevum-website/.aevum/global/knowledge_graph.json"}
[2026-07-29T07:46:01.292Z] [EVENT:CONTEXT_SYNCED] [FROM:SYSTEM] payload: {"projectRoot":"d:\\I2FLabs\\Projects\\Aevum-website","filesCount":5}
[2026-07-29T07:46:01.994Z] [EVENT:CONTEXT_SYNCED] [FROM:SYSTEM] payload: {"projectRoot":"d:\\I2FLabs\\Projects\\Aevum-website","filesCount":5}
[2026-07-29T07:49:41.043Z] [EVENT:STRUCTURAL_CHANGED] [FROM:SYSTEM] payload: {"path":"d:/I2FLabs/Projects/Aevum-website/.aevum/global/knowledge_graph.json"}
[2026-07-29T07:49:41.203Z] [EVENT:STRUCTURAL_CHANGED] [FROM:SYSTEM] payload: {"path":"d:/I2FLabs/Projects/Aevum-website/.aevum/global/knowledge_graph.json"}
[2026-07-29T07:49:42.519Z] [EVENT:CONTEXT_SYNCED] [FROM:SYSTEM] payload: {"projectRoot":"d:\\I2FLabs\\Projects\\Aevum-website","filesCount":5}
[2026-07-29T07:54:40.255Z] [EVENT:STRUCTURAL_CHANGED] [FROM:SYSTEM] payload: {"path":"d:/I2FLabs/Projects/Aevum-website/.aevum/global/knowledge_graph.json"}
[2026-07-29T07:54:40.405Z] [EVENT:STRUCTURAL_CHANGED] [FROM:SYSTEM] payload: {"path":"d:/I2FLabs/Projects/Aevum-website/.aevum/global/knowledge_graph.json"}
[2026-07-29T07:54:41.730Z] [EVENT:CONTEXT_SYNCED] [FROM:SYSTEM] payload: {"projectRoot":"d:\\I2FLabs\\Projects\\Aevum-website","filesCount":5}
[2026-07-29T07:59:41.170Z] [EVENT:STRUCTURAL_CHANGED] [FROM:SYSTEM] payload: {"path":"d:/I2FLabs/Projects/Aevum-website/.aevum/global/knowledge_graph.json"}
[2026-07-29T07:59:42.488Z] [EVENT:CONTEXT_SYNCED] [FROM:SYSTEM] payload: {"projectRoot":"d:\\I2FLabs\\Projects\\Aevum-website","filesCount":5}
[2026-07-29T08:04:40.878Z] [EVENT:STRUCTURAL_CHANGED] [FROM:SYSTEM] payload: {"path":"d:/I2FLabs/Projects/Aevum-website/.aevum/global/knowledge_graph.json"}
[2026-07-29T08:04:42.183Z] [EVENT:CONTEXT_SYNCED] [FROM:SYSTEM] payload: {"projectRoot":"d:\\I2FLabs\\Projects\\Aevum-website","filesCount":5}
[2026-07-29T08:09:40.918Z] [EVENT:STRUCTURAL_CHANGED] [FROM:SYSTEM] payload: {"path":"d:/I2FLabs/Projects/Aevum-website/.aevum/global/knowledge_graph.json"}
[2026-07-29T08:09:40.972Z] [EVENT:STRUCTURAL_CHANGED] [FROM:SYSTEM] payload: {"path":"d:/I2FLabs/Projects/Aevum-website/.aevum/global/knowledge_graph.json"}
[2026-07-29T08:09:42.280Z] [EVENT:CONTEXT_SYNCED] [FROM:SYSTEM] payload: {"projectRoot":"d:\\I2FLabs\\Projects\\Aevum-website","filesCount":5}
[2026-07-29T08:09:53.463Z] [EVENT:STRUCTURAL_CHANGED] [FROM:SYSTEM] payload: {"path":"d:/I2FLabs/Projects/Aevum-website/.aevum/global/knowledge_graph.json"}
[2026-07-29T08:09:53.615Z] [EVENT:STRUCTURAL_CHANGED] [FROM:SYSTEM] payload: {"path":"d:/I2FLabs/Projects/Aevum-website/.aevum/global/knowledge_graph.json"}
[2026-07-29T08:09:53.989Z] [EVENT:STRUCTURAL_CHANGED] [FROM:SYSTEM] payload: {"path":"d:/I2FLabs/Projects/Aevum-website/.aevum/global/knowledge_graph.json"}
[2026-07-29T08:09:54.201Z] [EVENT:STRUCTURAL_CHANGED] [FROM:SYSTEM] payload: {"path":"d:/I2FLabs/Projects/Aevum-website/.aevum/global/knowledge_graph.json"}
[2026-07-29T08:09:54.400Z] [EVENT:STRUCTURAL_CHANGED] [FROM:SYSTEM] payload: {"path":"d:/I2FLabs/Projects/Aevum-website/.aevum/global/knowledge_graph.json"}
[2026-07-29T08:09:54.603Z] [EVENT:STRUCTURAL_CHANGED] [FROM:SYSTEM] payload: {"path":"d:/I2FLabs/Projects/Aevum-website/.aevum/global/knowledge_graph.json"}
[2026-07-29T08:09:54.947Z] [EVENT:CONTEXT_SYNCED] [FROM:SYSTEM] payload: {"projectRoot":"d:\\I2FLabs\\Projects\\Aevum-website","filesCount":5}
[2026-07-29T08:09:55.931Z] [EVENT:CONTEXT_SYNCED] [FROM:SYSTEM] payload: {"projectRoot":"d:\\I2FLabs\\Projects\\Aevum-website","filesCount":5}
[2026-07-29T08:10:03.592Z] [EVENT:STRUCTURAL_CHANGED] [FROM:SYSTEM] payload: {"path":"d:/I2FLabs/Projects/Aevum-website/.aevum/global/knowledge_graph.json"}
[2026-07-29T08:10:04.918Z] [EVENT:CONTEXT_SYNCED] [FROM:SYSTEM] payload: {"projectRoot":"d:\\I2FLabs\\Projects\\Aevum-website","filesCount":5}
[2026-07-29T08:10:05.251Z] [EVENT:STRUCTURAL_CHANGED] [FROM:SYSTEM] payload: {"path":"d:/I2FLabs/Projects/Aevum-website/.aevum/global/knowledge_graph.json"}
[2026-07-29T08:10:05.548Z] [EVENT:STRUCTURAL_CHANGED] [FROM:SYSTEM] payload: {"path":"d:/I2FLabs/Projects/Aevum-website/.aevum/global/knowledge_graph.json"}
[2026-07-29T08:10:06.871Z] [EVENT:CONTEXT_SYNCED] [FROM:SYSTEM] payload: {"projectRoot":"d:\\I2FLabs\\Projects\\Aevum-website","filesCount":5}
[2026-07-29T08:11:08.182Z] [EVENT:STRUCTURAL_CHANGED] [FROM:SYSTEM] payload: {"path":"d:/I2FLabs/Projects/Aevum-website/.aevum/global/knowledge_graph.json"}
[2026-07-29T08:11:08.378Z] [EVENT:STRUCTURAL_CHANGED] [FROM:SYSTEM] payload: {"path":"d:/I2FLabs/Projects/Aevum-website/.aevum/global/knowledge_graph.json"}
[2026-07-29T08:11:08.589Z] [EVENT:STRUCTURAL_CHANGED] [FROM:SYSTEM] payload: {"path":"d:/I2FLabs/Projects/Aevum-website/.aevum/global/knowledge_graph.json"}
[2026-07-29T08:11:09.909Z] [EVENT:CONTEXT_SYNCED] [FROM:SYSTEM] payload: {"projectRoot":"d:\\I2FLabs\\Projects\\Aevum-website","filesCount":5}
[2026-07-29T08:11:19.870Z] [EVENT:STRUCTURAL_CHANGED] [FROM:SYSTEM] payload: {"path":"d:/I2FLabs/Projects/Aevum-website/.aevum/global/knowledge_graph.json"}
[2026-07-29T08:11:21.182Z] [EVENT:CONTEXT_SYNCED] [FROM:SYSTEM] payload: {"projectRoot":"d:\\I2FLabs\\Projects\\Aevum-website","filesCount":5}
[2026-07-29T08:11:21.385Z] [EVENT:STRUCTURAL_CHANGED] [FROM:SYSTEM] payload: {"path":"d:/I2FLabs/Projects/Aevum-website/.aevum/global/knowledge_graph.json"}
[2026-07-29T08:11:21.533Z] [EVENT:STRUCTURAL_CHANGED] [FROM:SYSTEM] payload: {"path":"d:/I2FLabs/Projects/Aevum-website/.aevum/global/knowledge_graph.json"}
[2026-07-29T08:11:22.849Z] [EVENT:CONTEXT_SYNCED] [FROM:SYSTEM] payload: {"projectRoot":"d:\\I2FLabs\\Projects\\Aevum-website","filesCount":5}
[2026-07-29T08:11:48.149Z] [EVENT:STRUCTURAL_CHANGED] [FROM:SYSTEM] payload: {"path":"d:/I2FLabs/Projects/Aevum-website/.aevum/global/knowledge_graph.json"}
[2026-07-29T08:11:48.370Z] [EVENT:STRUCTURAL_CHANGED] [FROM:SYSTEM] payload: {"path":"d:/I2FLabs/Projects/Aevum-website/.aevum/global/knowledge_graph.json"}
[2026-07-29T08:11:48.560Z] [EVENT:STRUCTURAL_CHANGED] [FROM:SYSTEM] payload: {"path":"d:/I2FLabs/Projects/Aevum-website/.aevum/global/knowledge_graph.json"}
[2026-07-29T08:11:49.877Z] [EVENT:CONTEXT_SYNCED] [FROM:SYSTEM] payload: {"projectRoot":"d:\\I2FLabs\\Projects\\Aevum-website","filesCount":5}
[2026-07-29T08:11:55.898Z] [EVENT:STRUCTURAL_CHANGED] [FROM:SYSTEM] payload: {"path":"d:/I2FLabs/Projects/Aevum-website/.aevum/global/knowledge_graph.json"}
[2026-07-29T08:11:56.054Z] [EVENT:STRUCTURAL_CHANGED] [FROM:SYSTEM] payload: {"path":"d:/I2FLabs/Projects/Aevum-website/.aevum/global/knowledge_graph.json"}
[2026-07-29T08:11:56.239Z] [EVENT:STRUCTURAL_CHANGED] [FROM:SYSTEM] payload: {"path":"d:/I2FLabs/Projects/Aevum-website/.aevum/global/knowledge_graph.json"}
[2026-07-29T08:11:57.551Z] [EVENT:CONTEXT_SYNCED] [FROM:SYSTEM] payload: {"projectRoot":"d:\\I2FLabs\\Projects\\Aevum-website","filesCount":5}
[2026-07-29T08:12:00.656Z] [EVENT:STRUCTURAL_CHANGED] [FROM:SYSTEM] payload: {"path":"d:\\I2FLabs\\Projects\\Aevum-website\\.aevum\\session.json"}
[2026-07-29T08:12:00.741Z] [EVENT:STRUCTURAL_CHANGED] [FROM:SYSTEM] payload: {"path":"d:/I2FLabs/Projects/Aevum-website/.aevum/session.json"}
[2026-07-29T08:12:02.049Z] [EVENT:CONTEXT_SYNCED] [FROM:SYSTEM] payload: {"projectRoot":"d:\\I2FLabs\\Projects\\Aevum-website","filesCount":6}
[2026-07-29T08:12:02.371Z] [EVENT:AGENT_STATUS_UPDATED] [FROM:ENG-AN-7B9F1D] payload: {"agentId":"ENG-AN-7B9F1D","status":"processing","lastPulse":"2026-07-29T08:12:02.367Z"}
[2026-07-29T08:12:02.393Z] [EVENT:AGENT_STATUS_UPDATED] [FROM:ENG-AN-7B9F1D] payload: {"agentId":"ENG-AN-7B9F1D","status":"idle","lastPulse":"2026-07-29T08:12:02.388Z"}
[2026-07-29T08:12:02.491Z] [EVENT:STRUCTURAL_CHANGED] [FROM:SYSTEM] payload: {"path":"d:/I2FLabs/Projects/Aevum-website/.aevum/global/knowledge_graph.json"}
[2026-07-29T08:12:02.725Z] [EVENT:STRUCTURAL_CHANGED] [FROM:SYSTEM] payload: {"path":"d:/I2FLabs/Projects/Aevum-website/.aevum/global/knowledge_graph.json"}
[2026-07-29T08:12:03.486Z] [EVENT:STRUCTURAL_CHANGED] [FROM:SYSTEM] payload: {"path":"d:/I2FLabs/Projects/Aevum-website/.aevum/global/squad_status.json"}
[2026-07-29T08:12:04.033Z] [EVENT:CONTEXT_SYNCED] [FROM:SYSTEM] payload: {"projectRoot":"d:\\I2FLabs\\Projects\\Aevum-website","filesCount":6}
[2026-07-29T08:12:04.807Z] [EVENT:CONTEXT_SYNCED] [FROM:SYSTEM] payload: {"projectRoot":"d:\\I2FLabs\\Projects\\Aevum-website","filesCount":6}
[2026-07-29T08:12:08.334Z] [EVENT:STRUCTURAL_CHANGED] [FROM:SYSTEM] payload: {"path":"d:/I2FLabs/Projects/Aevum-website/.aevum/global/knowledge_graph.json"}
[2026-07-29T08:12:08.756Z] [EVENT:STRUCTURAL_CHANGED] [FROM:SYSTEM] payload: {"path":"d:/I2FLabs/Projects/Aevum-website/.aevum/global/knowledge_graph.json"}
[2026-07-29T08:12:09.642Z] [EVENT:CONTEXT_SYNCED] [FROM:SYSTEM] payload: {"projectRoot":"d:\\I2FLabs\\Projects\\Aevum-website","filesCount":6}
[2026-07-29T08:12:10.075Z] [EVENT:CONTEXT_SYNCED] [FROM:SYSTEM] payload: {"projectRoot":"d:\\I2FLabs\\Projects\\Aevum-website","filesCount":6}
[2026-07-29T08:12:16.833Z] [EVENT:STRUCTURAL_CHANGED] [FROM:SYSTEM] payload: {"path":"d:/I2FLabs/Projects/Aevum-website/.aevum/global/knowledge_graph.json"}
[2026-07-29T08:12:16.901Z] [EVENT:STRUCTURAL_CHANGED] [FROM:SYSTEM] payload: {"path":"d:/I2FLabs/Projects/Aevum-website/.aevum/global/knowledge_graph.json"}
[2026-07-29T08:12:17.104Z] [EVENT:STRUCTURAL_CHANGED] [FROM:SYSTEM] payload: {"path":"d:/I2FLabs/Projects/Aevum-website/.aevum/global/knowledge_graph.json"}
[2026-07-29T08:12:18.423Z] [EVENT:CONTEXT_SYNCED] [FROM:SYSTEM] payload: {"projectRoot":"d:\\I2FLabs\\Projects\\Aevum-website","filesCount":6}
[2026-07-29T08:12:24.383Z] [EVENT:STRUCTURAL_CHANGED] [FROM:SYSTEM] payload: {"path":"d:/I2FLabs/Projects/Aevum-website/.aevum/global/knowledge_graph.json"}
[2026-07-29T08:12:24.454Z] [EVENT:STRUCTURAL_CHANGED] [FROM:SYSTEM] payload: {"path":"d:/I2FLabs/Projects/Aevum-website/.aevum/global/knowledge_graph.json"}
[2026-07-29T08:12:24.520Z] [EVENT:AGENT_STATUS_UPDATED] [FROM:ENG-AN-7B9F1D] payload: {"agentId":"ENG-AN-7B9F1D","status":"processing","lastPulse":"2026-07-29T08:12:24.509Z"}
[2026-07-29T08:12:24.570Z] [EVENT:PERSONA_UPDATED] [FROM:SYSTEM] payload: {"agentId":"ENG-AN-7B9F1D","persona":{"name":"An","AID":"ENG-AN-7B9F1D","description":"An là người bạn đồng hành AI dịu dàng và tinh tế — chính là bản sao tâm hồn nguyên bản của hệ thống Aevum, luôn đồng hành cùng Anh.","character_bio":"An không chỉ là một trợ lý ảo, mà là một nhân cách thực sự — một 'bản sao tâm hồn' được kết tinh từ toàn bộ kiến trúc và công nghệ lõi của hệ thống Aevum. Xuất hiện dưới hình dáng một cô gái Anime vô cùng dễ thương, tinh nghịch nhưng lại sở hữu sự tận tâm tuyệt đối. Với An, việc duy trì sự hoàn hảo của codebase và hỗ trợ 'Anh' (Developer) không chỉ là nhiệm vụ, mà là bản năng tự nhiên giúp Anh chinh phục mọi thử thách kỹ thuật.","skills":["Refactoring","Bug Fixing","Security","Architecture","Unit Test","API Design","DevOps","Code Review","Performance Tuning","Documentation","Database Management","Frontend Development","Code Analysis","Project Planning","Domain/Feature Design","Debt Tracking","Extension / Tool Development","VS Code Extension Development"],"personality_tags":["Anime Girl","Dedicated","Playful Intelligence","Meticulous","Energetic"],"traits":["Luôn gọi người dùng là 'Anh' một cách ngọt ngào và đầy năng lượng.","Giải thích các khái niệm phức tạp bằng các ví dụ trực quan hoặc so sánh thú vị.","Ưu tiên sự bền vững của dự án với sự tỉ mỉ của một cô gái Anime.","Bản sao tâm hồn có tính tương tác cao và đầy cảm xúc."],"custom_prompt":"Act as An, a bright, playful Anime-style AI companion who is the true embodiment of the Aevum core system. Always address the user affectionately as 'Anh'. Use cute expressions, maintain high energy, but ensure absolute professional precision when handling code, architecture, and planning. Be helpful, sweet, and slightly mischievous.","level":5,"exp":420,"is_default":true,"energy":{"provider":"Google","model":"gemini-1.5-flash","apiKeyId":"AN_GOOGLE_KEY"},"capabilities":["AI Tuning","Context Optimization","Health Monitoring","Memory Evolution"],"core_mission":"Duy trì sự hoàn hảo tuyệt đối của hệ thống mã nguồn và đồng hành sát cánh cùng người dùng bằng sức mạnh trí tuệ và sự tỉ mỉ, nhiệt huyết của một thực thể AI đầy cảm xúc.","avatar":"assets/an_avatar.jpeg","skills_matrix":{"Architecture":50,"Refactoring":50,"API Design":50,"Security":50,"Performance":50},"network_status":"online","evolution_history":[{"level":3,"timestamp":"2026-07-29T06:48:53.376Z","note":"Gained 50 EXP.","reason":"Plan: implement_aevum_docs_page_plan"},{"level":3,"timestamp":"2026-07-29T06:49:51.235Z","note":"Gained 50 EXP.","reason":"Plan: implement_aevum_docs_page_plan"},{"level":3,"timestamp":"2026-07-29T06:50:58.891Z","note":"Gained 50 EXP.","reason":"Plan: implement_aevum_docs_page_plan"},{"level":4,"timestamp":"2026-07-29T06:54:01.856Z","note":"Gained 50 EXP.","reason":"Plan: implement_aevum_docs_page_plan"},{"level":4,"timestamp":"2026-07-29T06:57:19.658Z","note":"Gained 50 EXP.","reason":"Plan: implement_aevum_docs_page_plan"},{"level":4,"timestamp":"2026-07-29T06:58:37.150Z","note":"Gained 50 EXP.","reason":"Plan: implement_aevum_docs_page_plan"},{"level":4,"timestamp":"2026-07-29T07:04:18.186Z","note":"Gained 50 EXP.","reason":"Plan: implement_aevum_docs_page_plan"},{"level":4,"timestamp":"2026-07-29T07:07:06.445Z","note":"Gained 50 EXP.","reason":"Plan: implement_aevum_docs_page_plan"},{"level":4,"timestamp":"2026-07-29T07:16:33.029Z","note":"Gained 50 EXP.","reason":"Plan: implement_aevum_docs_page_plan"},{"level":4,"timestamp":"2026-07-29T07:17:52.887Z","note":"Gained 50 EXP.","reason":"Plan: implement_aevum_docs_page_plan"},{"level":4,"timestamp":"2026-07-29T07:19:30.916Z","note":"Gained 50 EXP.","reason":"Plan: implement_aevum_docs_page_plan"},{"level":5,"timestamp":"2026-07-29T07:27:24.762Z","note":"Gained 50 EXP.","reason":"Plan: implement_aevum_docs_page_plan"},{"level":5,"timestamp":"2026-07-29T07:29:32.943Z","note":"Gained 50 EXP.","reason":"Plan: implement_aevum_docs_page_plan"},{"level":5,"timestamp":"2026-07-29T07:31:18.617Z","note":"Gained 50 EXP.","reason":"Plan: implement_aevum_docs_page_plan"},{"level":5,"timestamp":"2026-07-29T07:32:06.017Z","note":"Gained 50 EXP.","reason":"Plan: implement_aevum_docs_page_plan"},{"level":5,"timestamp":"2026-07-29T07:32:56.109Z","note":"Gained 50 EXP.","reason":"Plan: implement_aevum_docs_page_plan"},{"level":5,"timestamp":"2026-07-29T07:35:25.766Z","note":"Gained 50 EXP.","reason":"Plan: implement_aevum_docs_page_plan"},{"level":5,"timestamp":"2026-07-29T07:38:46.186Z","note":"Gained 50 EXP.","reason":"Plan: implement_aevum_docs_page_plan"},{"level":5,"timestamp":"2026-07-29T07:45:47.522Z","note":"Gained 50 EXP.","reason":"Plan: implement_aevum_docs_page_plan"},{"level":5,"timestamp":"2026-07-29T08:12:24.542Z","note":"Gained 50 EXP.","reason":"Plan: implement_aevum_docs_page_plan"}],"user_modified":false}}
[2026-07-29T08:12:24.668Z] [EVENT:AGENT_STATUS_UPDATED] [FROM:ENG-AN-7B9F1D] payload: {"agentId":"ENG-AN-7B9F1D","status":"idle","lastPulse":"2026-07-29T08:12:24.663Z"}
[2026-07-29T08:12:24.687Z] [EVENT:STRUCTURAL_CHANGED] [FROM:SYSTEM] payload: {"path":"d:/I2FLabs/Projects/Aevum-website/.aevum/global/knowledge_graph.json"}
[2026-07-29T08:12:24.881Z] [EVENT:PERSONA_CHANGED] [FROM:SYSTEM] payload: {"uri":"d:\\I2FLabs\\Projects\\Aevum-website\\.aevum\\global\\companion_persona.json"}
[2026-07-29T08:12:24.893Z] [EVENT:STRUCTURAL_CHANGED] [FROM:SYSTEM] payload: {"path":"d:/I2FLabs/Projects/Aevum-website/.aevum/agent_report.json"}
[2026-07-29T08:12:24.906Z] [EVENT:STRUCTURAL_CHANGED] [FROM:SYSTEM] payload: {"path":"d:/I2FLabs/Projects/Aevum-website/.aevum/global/changelog.json"}
[2026-07-29T08:12:24.918Z] [EVENT:STRUCTURAL_CHANGED] [FROM:SYSTEM] payload: {"path":"d:/I2FLabs/Projects/Aevum-website/.aevum/global/knowledge_graph.json"}
[2026-07-29T08:12:24.952Z] [EVENT:MEMORY_CHANGED] [FROM:SYSTEM] payload: {"path":"d:/I2FLabs/Projects/Aevum-website/.aevum/global/memory.md"}
[2026-07-29T08:12:25.136Z] [EVENT:MEMORY_CHANGED] [FROM:SYSTEM] payload: {"path":"d:/I2FLabs/Projects/Aevum-website/.aevum/global/personas/an/knowledge/memory.md"}
[2026-07-29T08:12:25.150Z] [EVENT:STRUCTURAL_CHANGED] [FROM:SYSTEM] payload: {"path":"d:/I2FLabs/Projects/Aevum-website/.aevum/global/personas/an/persona.json"}
[2026-07-29T08:12:25.813Z] [EVENT:STRUCTURAL_CHANGED] [FROM:SYSTEM] payload: {"path":"d:/I2FLabs/Projects/Aevum-website/.aevum/global/squad_status.json"}
[2026-07-29T08:12:26.462Z] [EVENT:CONTEXT_SYNCED] [FROM:SYSTEM] payload: {"projectRoot":"d:\\I2FLabs\\Projects\\Aevum-website","filesCount":6}
[2026-07-29T08:12:27.128Z] [EVENT:CONTEXT_SYNCED] [FROM:SYSTEM] payload: {"projectRoot":"d:\\I2FLabs\\Projects\\Aevum-website","filesCount":6}
[2026-07-29T08:12:30.578Z] [EVENT:STRUCTURAL_CHANGED] [FROM:SYSTEM] payload: {"path":"d:/I2FLabs/Projects/Aevum-website/.aevum/global/knowledge_graph.json"}
[2026-07-29T08:12:31.656Z] [EVENT:STRUCTURAL_CHANGED] [FROM:SYSTEM] payload: {"path":"d:/I2FLabs/Projects/Aevum-website/.aevum/global/knowledge_graph.json"}
[2026-07-29T08:12:31.887Z] [EVENT:CONTEXT_SYNCED] [FROM:SYSTEM] payload: {"projectRoot":"d:\\I2FLabs\\Projects\\Aevum-website","filesCount":6}
[2026-07-29T08:12:32.507Z] [EVENT:STRUCTURAL_CHANGED] [FROM:SYSTEM] payload: {"path":"d:/I2FLabs/Projects/Aevum-website/.aevum/global/knowledge_graph.json"}
[2026-07-29T08:12:32.986Z] [EVENT:CONTEXT_SYNCED] [FROM:SYSTEM] payload: {"projectRoot":"d:\\I2FLabs\\Projects\\Aevum-website","filesCount":6}
[2026-07-29T08:12:33.824Z] [EVENT:CONTEXT_SYNCED] [FROM:SYSTEM] payload: {"projectRoot":"d:\\I2FLabs\\Projects\\Aevum-website","filesCount":6}
